IncidentID,AgencyORI,AgencyName,IncidentStatusDesc,County,RdwyNumber,Street,RoadwayName,StreetSfx,StreetDir,IntersectionRdwy,IntersectionRdwyName,BetweenStRdwy1,BetweenStRdwyName1,BetweenStRdwy2,BetweenStRdwyName2,Latitude,Longitude,Milepoint,CollisionDate,CollisionTime,UnitsInvolved,MotorVehiclesInvolved,NumberKilled,NumberInjured,Weather,RdwyConditionCode,HitandRun,DirAnalysisCode,MannerofCollision,RdwyCharacter,LightCondition,RampFromRdwyId,RampToRdwyId,AcceptedDate,IsSecondaryCollision,OwnerBadge,IncidentStatus,
30273118,0568000,LOUISVILLE METRO POLICE DEPT,Accepted,JEFFERSON,,,NEWPORT,RD,,,,,,,,38.178305639,-85.641210157,0.130,7/6/2022 12:00:00 AM,1545,3,3,0,1,RAINING,WET,False,1 VEHICLE PARKED POSITION (NOT PARKING LOT/DRIVEWAY),REAR END,STRAIGHT & LEVEL,DAYLIGHT,,,7/7/2022 8:06:07 AM,False,7864,Accepted,
30273115,0568000,LOUISVILLE METRO POLICE DEPT,Accepted,JEFFERSON,,224,JACOB,ST,E,,,,,,,38.244093241,-85.750931093,0.611,7/6/2022 12:00:00 AM,1103,2,2,0,0,CLEAR,DRY,False,1 VEHICLE ENTERING/LEAVING ENTRANCE,ANGLE,STRAIGHT & LEVEL,DAYLIGHT,,,7/7/2022 8:05:49 AM,False,5423,Accepted,
30287312,0568000,LOUISVILLE METRO POLICE DEPT,Accepted,JEFFERSON,I 0065,,,,,,,,,,,38.250614733,-85.751907403,0.091,7/6/2022 12:00:00 AM,1612,2,2,0,0,CLOUDY,DRY,False,OTHER RAMP RELATED COLLISIONS NOT LISTED ABOVE,SIDESWIPE-SAME DIRECTION,STRAIGHT & GRADE,DAYLIGHT,S 1ST ST,I 0065,7/11/2022 8:14:58 AM,False,7904,Accepted,
30273097,0568000,LOUISVILLE METRO POLICE DEPT,Accepted,JEFFERSON,I 0265,,,,,,,,,,,38.270643485,-85.499077409,0.352,7/6/2022 12:00:00 AM,0709,2,2,0,0,CLOUDY,DRY,False,OTHER RAMP RELATED COLLISIONS NOT LISTED ABOVE,REAR END,STRAIGHT & GRADE,DAYLIGHT,I 0265,KY3084,7/7/2022 8:04:29 AM,False,6456,Accepted,
30273129,0568000,LOUISVILLE METRO POLICE DEPT,Accepted,JEFFERSON,KY2841,,EASTWOOD CUT OFF,RD,,,,,,,,38.233069436,-85.455982279,0.049,7/6/2022 12:00:00 AM,2232,2,2,0,1,CLEAR,DRY,False,1 VEHICLE ENTERING/LEAVING ENTRANCE,ANGLE,STRAIGHT & LEVEL,DAWN,,,7/7/2022 8:07:09 AM,False,5302,Accepted,
30273121,0568000,LOUISVILLE METRO POLICE DEPT,Accepted,JEFFERSON,KY1865,,NEW CUT,RD,,,,,,,,38.161489933,-85.779128178,3.766,7/6/2022 12:00:00 AM,1339,2,2,0,0,CLEAR,DRY,False,REAR END IN TRAFFIC LANES BOTH VEHICLES MOVING,REAR END,STRAIGHT & LEVEL,DAYLIGHT,,,7/7/2022 8:06:29 AM,False,7234,Accepted,
30296016,0568000,LOUISVILLE METRO POLICE DEPT,Accepted,JEFFERSON,,,1ST,ST,S,,CHESTNUT,,,,,38.248401365,-85.752951721,0.532,7/5/2022 12:00:00 AM,0855,2,2,0,0,CLEAR,DRY,False,ANGLE COLLISION - OTHER,ANGLE,STRAIGHT & LEVEL,DAYLIGHT,,,7/13/2022 8:24:45 AM,False,5306,Accepted,
30268130,0568000,LOUISVILLE METRO POLICE DEPT,Accepted,JEFFERSON,I 0264,,,,,,,,,,,38.251486262,-85.806271746,0.064,7/5/2022 12:00:00 AM,2242,2,2,0,1,CLEAR,DRY,False,OTHER RAMP RELATED COLLISIONS NOT LISTED ABOVE,ANGLE,STRAIGHT & GRADE,DARK-HWY LIGHTED/ON,I 0264,MUHAMMAD ALI BLVD,7/6/2022 8:09:39 AM,False,7209,Accepted,
30300446,0568000,LOUISVILLE METRO POLICE DEPT,Accepted,JEFFERSON,I 0065,,,,,,,,,,,38.180403130,-85.721322472,0.108,7/5/2022 12:00:00 AM,1053,2,2,0,0,CLEAR,DRY,False,OTHER RAMP RELATED COLLISIONS NOT LISTED ABOVE,REAR END,STRAIGHT & GRADE,DAYLIGHT,I 0065,GRADE LN,7/14/2022 8:22:45 AM,False,7628,Accepted,
30287400,0568000,LOUISVILLE METRO POLICE DEPT,Accepted,JEFFERSON,,3560,MARKET,ST,W,,,,,,,38.261094210,-85.808429693,1.207,7/5/2022 12:00:00 AM,2015,2,2,0,0,CLEAR,DRY,True,COLLISION IN PARKING LOT,SIDESWIPE-OPPOSITE DIRECTION,STRAIGHT & LEVEL,DAYLIGHT,,,7/11/2022 8:19:49 AM,False,2877,Accepted,
30268122,0568000,LOUISVILLE METRO POLICE DEPT,Accepted,JEFFERSON,I 0264,,I264 E,,,I 0064,I64 E EXIT19A RAMP TO I64 E,,,,,38.234533543,-85.625431533,18.647,7/5/2022 12:00:00 AM,1854,2,2,0,0,CLEAR,DRY,False,SIDESWIPE-SAME DIRECTION,SIDESWIPE-SAME DIRECTION,STRAIGHT & LEVEL,DAYLIGHT,,,7/6/2022 8:08:49 AM,False,7984,Accepted,
30300452,0568000,LOUISVILLE METRO POLICE DEPT,Accepted,JEFFERSON,,6600,PAGES,LN,W,,,,,,,38.130832691,-85.868379983,1.119,7/5/2022 12:00:00 AM,1715,2,2,0,0,CLEAR,DRY,False,1 VEHICLE ENTERING/LEAVING ENTRANCE,ANGLE,STRAIGHT & LEVEL,DAYLIGHT,,,7/14/2022 8:23:10 AM,False,7524,Accepted,
30268133,0568000,LOUISVILLE METRO POLICE DEPT,Accepted,JEFFERSON,,,CYPRESS,ST,,,HILL,,,,,38.230383057,-85.798646500,0.435,7/5/2022 12:00:00 AM,0852,2,2,0,0,CLEAR,DRY,False,ANGLE COLLISION - OTHER,ANGLE,STRAIGHT & LEVEL,DAYLIGHT,,,7/6/2022 8:09:53 AM,False,5412,Accepted,
30263316,0568000,LOUISVILLE METRO POLICE DEPT,Accepted,JEFFERSON,KY1065,8019,BEULAH CHURCH,RD,,,,,,,,38.137611382,-85.612751751,10.046,7/5/2022 12:00:00 AM,0614,1,1,0,0,CLEAR,DRY,False,COLLISION WITH FIXED OBJECT NON - INTERSECTION - FIRST EVENT COLLISION 09 - 32 EXCLUDING 16,SINGLE VEHICLE,STRAIGHT & GRADE,DAWN,,,7/5/2022 8:49:51 AM,False,5341,Accepted,
30287359,0568000,LOUISVILLE METRO POLICE DEPT,Accepted,JEFFERSON,,1639,BERNHEIM,LN,,,,,,,,38.220878133,-85.786237506,0.384,7/5/2022 12:00:00 AM,1800,2,2,0,0,CLEAR,DRY,False,1 VEHICLE ENTERING/LEAVING ENTRANCE,ANGLE,STRAIGHT & LEVEL,DAYLIGHT,,,7/11/2022 8:17:52 AM,False,5181,Accepted,
30268102,0568000,LOUISVILLE METRO POLICE DEPT,Accepted,JEFFERSON,KY2055,,MANSLICK,RD,W,,MASON,,,,,38.109750729,-85.764290112,1.776,7/5/2022 12:00:00 AM,1650,2,2,0,0,CLEAR,DRY,False,REAR END - ONE VEHICLE TURNING LEFT,REAR END,STRAIGHT & HILLCREST,DAYLIGHT,,,7/6/2022 8:07:32 AM,False,7080,Accepted,
30268099,0568000,LOUISVILLE METRO POLICE DEPT,Accepted,JEFFERSON,,,NORTON HEALTHCARE,BLVD,,,,,,,,38.312649937,-85.572573915,0.180,7/5/2022 12:00:00 AM,1539,2,2,0,0,CLEAR,DRY,False,1 VEHICLE ENTERING/LEAVING ENTRANCE,ANGLE,STRAIGHT & LEVEL,DAYLIGHT,,,7/6/2022 8:07:19 AM,False,7316,Accepted,
30268127,0568000,LOUISVILLE METRO POLICE DEPT,Accepted,JEFFERSON,I 0064,,I64 E,,,,,,,,,38.276969140,-85.820280123,0.326,7/5/2022 12:00:00 AM,1901,1,1,0,0,CLEAR,DRY,False,OTHER ROADWAY OR MID-BLOCK COLLISION,SINGLE VEHICLE,STRAIGHT & LEVEL,DAYLIGHT,,,7/6/2022 8:09:26 AM,False,5285,Accepted,
30269079,0563800,NORTHFIELD POLICE DEPARTMENT,Accepted,JEFFERSON,KY0022,,BROWNSBORO,RD,,,,,LIME KILN,,HOLIDAY MANOR,38.283612270,-85.628500073,0.403,7/5/2022 12:00:00 AM,1500,2,2,0,0,CLEAR,DRY,False,1 VEHICLE ENTERING/LEAVING ENTRANCE,ANGLE,STRAIGHT & LEVEL,DAYLIGHT,,,7/6/2022 11:36:32 AM,False,1376,Accepted,
30273098,0568000,LOUISVILLE METRO POLICE DEPT,Accepted,JEFFERSON,I 0065,,I65 N,,,,,,,,,38.178079622,-85.719350128,129.703,7/5/2022 12:00:00 AM,1210,2,2,0,2,CLEAR,DRY,False,REAR END IN TRAFFIC LANES BOTH VEHICLES MOVING,REAR END,STRAIGHT & LEVEL,DAYLIGHT,,,7/7/2022 8:04:32 AM,False,5027,Accepted,
30268120,0568000,LOUISVILLE METRO POLICE DEPT,Accepted,JEFFERSON,KY1934,,CANE RUN,RD,,KY1727,TERRY,,,,,38.178187213,-85.861911018,7.190,7/5/2022 12:00:00 AM,1223,2,2,0,0,CLEAR,DRY,False,ANGLE COLLISION - OTHER,ANGLE,STRAIGHT & LEVEL,DAYLIGHT,,,7/6/2022 8:08:28 AM,False,7234,Accepted,
30287308,0568000,LOUISVILLE METRO POLICE DEPT,Accepted,JEFFERSON,KY0061,,ARTHUR,ST,,,LEE,,,,,38.222746941,-85.751385020,11.275,7/5/2022 12:00:00 AM,1730,2,2,0,1,CLEAR,DRY,False,ANGLE COLLISION - OTHER,ANGLE,STRAIGHT & LEVEL,DAYLIGHT,,,7/11/2022 8:14:42 AM,False,5205,Accepted,
30287325,0568000,LOUISVILLE METRO POLICE DEPT,Accepted,JEFFERSON,I 0065,,I65 N,,,,,,,,,38.176416701,-85.719575456,129.613,7/5/2022 12:00:00 AM,1611,2,2,0,0,CLEAR,DRY,False,SIDESWIPE COLLISION - SAME DIRECTION,SIDESWIPE-SAME DIRECTION,STRAIGHT & LEVEL,DAYLIGHT,,,7/11/2022 8:16:08 AM,False,7291,Accepted,
30268106,0568000,LOUISVILLE METRO POLICE DEPT,Accepted,JEFFERSON,,1631,BRASHEAR,DR,,,,,,,,38.224305029,-85.775142803,0.224,7/5/2022 12:00:00 AM,0630,2,2,0,0,CLEAR,DRY,False,COLLISION IN PARKING LOT,SIDESWIPE-SAME DIRECTION,STRAIGHT & LEVEL,DAYLIGHT,,,7/6/2022 8:07:53 AM,False,5303,Accepted,
30268112,0568000,LOUISVILLE METRO POLICE DEPT,Accepted,JEFFERSON,I 0264,9.2,I264 W,,,,,,,,,38.189613395,-85.777854576,9.541,7/5/2022 12:00:00 AM,1703,3,3,0,1,CLEAR,DRY,False,REAR END IN TRAFFIC LANES BOTH VEHICLES MOVING,REAR END,STRAIGHT & LEVEL,DAYLIGHT,,,7/6/2022 8:08:02 AM,False,7455,Accepted,
30263312,0568000,LOUISVILLE METRO POLICE DEPT,Accepted,JEFFERSON,KY1865,,TAYLOR,BLVD,,I 0264,I264 W EXIT9 OFF RAMP TO KY1865,,,,,38.189348769,-85.783472293,5.726,7/5/2022 12:00:00 AM,0339,1,1,0,1,CLEAR,DRY,False,COLLISION WITH FIXED OBJECT IN INTERSECTION - FIRST EVENT COLLISION 09 - 32,SINGLE VEHICLE,STRAIGHT & GRADE,DARK-HWY LIGHTED/ON,,,7/5/2022 8:49:08 AM,False,5316,Accepted,
30268103,0568000,LOUISVILLE METRO POLICE DEPT,Accepted,JEFFERSON,I 0264,,,,,,,,,,,38.212637414,-85.668027671,0.261,7/5/2022 12:00:00 AM,1300,1,1,0,1,CLEAR,DRY,False,OTHER RAMP RELATED COLLISIONS NOT LISTED ABOVE,SINGLE VEHICLE,STRAIGHT & LEVEL,DAYLIGHT,US31E,I 0264,7/6/2022 8:07:38 AM,False,7793,Accepted,
30268123,0568000,LOUISVILLE METRO POLICE DEPT,Accepted,JEFFERSON,US0031W,,DIXIE,HWY,,,KERRICK,,,,,38.153394628,-85.835924807,12.273,7/5/2022 12:00:00 AM,1412,2,1,0,1,CLEAR,DRY,False,COLLISION WITH BICYCLE IN INTERSECTION,SINGLE VEHICLE,STRAIGHT & LEVEL,DAYLIGHT,,,7/6/2022 8:08:56 AM,False,5211,Accepted,
30268097,0568000,LOUISVILLE METRO POLICE DEPT,Accepted,JEFFERSON,,,BUECHEL BANK,RD,,,PROGRESS,,,,,38.178186155,-85.653192136,1.228,7/5/2022 12:00:00 AM,0850,2,2,0,0,CLEAR,DRY,False,ANGLE COLLISION - ONE VEHICLE TURNING LEFT,ANGLE,STRAIGHT & LEVEL,DAYLIGHT,,,7/6/2022 8:07:08 AM,False,4693,Accepted,
30268114,0568000,LOUISVILLE METRO POLICE DEPT,Accepted,JEFFERSON,US0031W,10435,DIXIE,HWY,,,,,,,,38.103650082,-85.869245219,8.327,7/5/2022 12:00:00 AM,1329,1,1,0,0,CLEAR,DRY,False,COLLISION WITH FIXED OBJECT NON - INTERSECTION - FIRST EVENT COLLISION 09 - 32 EXCLUDING 16,SINGLE VEHICLE,STRAIGHT & LEVEL,DAYLIGHT,,,7/6/2022 8:08:10 AM,False,2311,Accepted,
30263314,0568000,LOUISVILLE METRO POLICE DEPT,Accepted,JEFFERSON,KY1934,,GREENBELT,HWY,,KY1230,LOWER RIVER,,,,,38.098028517,-85.891974153,1.043,7/5/2022 12:00:00 AM,0532,2,2,0,0,CLEAR,DRY,False,ANGLE COLLISION - OTHER,ANGLE,STRAIGHT & LEVEL,DUSK,,,7/5/2022 8:49:33 AM,False,2721,Accepted,
30268131,0568000,LOUISVILLE METRO POLICE DEPT,Accepted,JEFFERSON,,,CLIFTON,AVE,S,US0060,FRANKFORT,,,,,38.253620780,-85.706131882,0.001,7/5/2022 12:00:00 AM,1820,1,1,0,0,CLEAR,DRY,False,COLLISION WITH FIXED OBJECT IN INTERSECTION - FIRST EVENT COLLISION 09 - 32,SINGLE VEHICLE,STRAIGHT & LEVEL,DAYLIGHT,,,7/6/2022 8:09:43 AM,False,5446,Accepted,
30277572,0568000,LOUISVILLE METRO POLICE DEPT,Accepted,JEFFERSON,,3202,BROADWAY,,W,,,,,,,38.249820893,-85.805762332,0.954,7/5/2022 12:00:00 AM,1457,1,1,0,0,CLEAR,DRY,False,OTHER ROADWAY OR MID-BLOCK COLLISION,SINGLE VEHICLE,STRAIGHT & LEVEL,DAYLIGHT,,,7/8/2022 8:18:32 AM,False,5354,Accepted,
30287324,0568000,LOUISVILLE METRO POLICE DEPT,Accepted,JEFFERSON,KY2054,,ALGONQUIN,PKWY,,,CYPRESS,,,,,38.223737234,-85.800198611,1.218,7/5/2022 12:00:00 AM,1313,2,2,0,2,CLEAR,DRY,False,OPPOSING LEFT TURN,OPPOSING LEFT TURN,STRAIGHT & LEVEL,DAYLIGHT,,,7/11/2022 8:16:04 AM,False,2469,Accepted,
30268126,0568000,LOUISVILLE METRO POLICE DEPT,Accepted,JEFFERSON,KY1931,,ST ANDREWS CHURCH,RD,,KY1142,PALATKA,,,,,38.155399952,-85.801939570,5.486,7/5/2022 12:00:00 AM,2303,2,2,0,1,CLEAR,DRY,False,OPPOSING LEFT TURN,OPPOSING LEFT TURN,STRAIGHT & LEVEL,DARK-HWY LIGHTED/ON,,,7/6/2022 8:09:19 AM,False,5059,Accepted,
30304743,0568000,LOUISVILLE METRO POLICE DEPT,Accepted,JEFFERSON,US0031W,,MARKET,ST,W,US0031W,2ND,,,,,38.254874276,-85.753595733,22.032,7/5/2022 12:00:00 AM,1940,5,1,1,3,CLEAR,DRY,False,COLLISION WITH PEDESTRIAN IN INTERSECTION,SINGLE VEHICLE,STRAIGHT & LEVEL,DAYLIGHT,,,7/15/2022 7:15:38 AM,False,7772,Accepted,
30271267,0560400,SHIVELY POLICE DEPARTMENT,Accepted,JEFFERSON,I 0264,MM6,I264 W,,,,,,,,,38.185845186,-85.819522426,7.132,7/5/2022 12:00:00 AM,1600,2,2,0,0,CLEAR,DRY,True,REAR END IN TRAFFIC LANES BOTH VEHICLES MOVING,REAR END,STRAIGHT & LEVEL,DAYLIGHT,,,7/6/2022 6:21:52 PM,False,7137,Accepted,
30268108,0568000,LOUISVILLE METRO POLICE DEPT,Accepted,JEFFERSON,,,SUNSET,AVE,,,43RD,,,,,38.242714845,-85.825179627,0.268,7/5/2022 12:00:00 AM,1343,2,2,0,0,CLEAR,DRY,False,ANGLE COLLISION - OTHER,ANGLE,STRAIGHT & LEVEL,DAYLIGHT,,,7/6/2022 8:07:57 AM,False,5282,Accepted,
30268125,0568000,LOUISVILLE METRO POLICE DEPT,Accepted,JEFFERSON,US0031E,,BARDSTOWN,RD,,,HUDSON,,,,,38.164919023,-85.598966135,6.802,7/5/2022 12:00:00 AM,2122,2,2,0,0,CLEAR,DRY,False,ANGLE COLLISION - OTHER,ANGLE,CURVE & LEVEL,DARK-HWY NOT LIGHTED,,,7/6/2022 8:09:09 AM,False,6028,Accepted,
30268117,0568000,LOUISVILLE METRO POLICE DEPT,Accepted,JEFFERSON,US0031E,,3RD,ST,S,US0031E,MAIN,,,,,38.256433837,-85.754878032,17.869,7/4/2022 12:00:00 AM,1835,2,2,0,0,CLEAR,DRY,False,ANGLE COLLISION - OTHER,ANGLE,STRAIGHT & GRADE,DAYLIGHT,,,7/6/2022 8:08:16 AM,False,2661,Accepted,
30263284,0568000,LOUISVILLE METRO POLICE DEPT,Accepted,JEFFERSON,,103,AMHERST,AVE,W,,,,,,,38.174788942,-85.763707240,0.023,7/4/2022 12:00:00 AM,0142,1,1,0,1,CLEAR,DRY,False,OTHER ROADWAY OR MID-BLOCK COLLISION,SINGLE VEHICLE,STRAIGHT & LEVEL,DARK-HWY LIGHTED/ON,,,7/5/2022 8:45:35 AM,False,5400,Accepted,
30263308,0568000,LOUISVILLE METRO POLICE DEPT,Accepted,JEFFERSON,,,CHESTNUT,ST,W,KY1020,3RD,,,,,38.248844460,-85.756792781,2.423,7/4/2022 12:00:00 AM,1912,2,1,0,1,CLEAR,DRY,False,COLLISION WITH PEDESTRIAN IN INTERSECTION,SINGLE VEHICLE,STRAIGHT & LEVEL,DAYLIGHT,,,7/5/2022 8:48:21 AM,False,5407,Accepted,
30263311,0568000,LOUISVILLE METRO POLICE DEPT,Accepted,JEFFERSON,,,RANGELAND,RD,,,LAGOONA,,,,,38.167048225,-85.677003992,0.256,7/4/2022 12:00:00 AM,1830,2,2,0,1,CLEAR,DRY,False,ANGLE COLLISION - OTHER,ANGLE,STRAIGHT & LEVEL,DAYLIGHT,,,7/5/2022 8:48:59 AM,False,5322,Accepted,
30287313,0568000,LOUISVILLE METRO POLICE DEPT,Accepted,JEFFERSON,,,BRECKINRIDGE,ST,W,,,,,,,38.241901935,-85.759133748,0.272,7/4/2022 12:00:00 AM,1617,3,3,0,0,CLEAR,DRY,False,1 VEHICLE ENTERING/LEAVING ENTRANCE,ANGLE,STRAIGHT & LEVEL,DAYLIGHT,,,7/11/2022 8:15:02 AM,False,5258,Accepted,
30263303,0568000,LOUISVILLE METRO POLICE DEPT,Accepted,JEFFERSON,,6509,BRIGHTSTONE,PL,,,,,,,,38.151445399,-85.635337469,0.037,7/4/2022 12:00:00 AM,1551,2,2,0,0,CLEAR,DRY,False,1 VEHICLE PARKED POSITION (NOT PARKING LOT/DRIVEWAY),ANGLE,STRAIGHT & LEVEL,DAYLIGHT,,,7/5/2022 8:47:42 AM,False,5101,Accepted,
30287328,0568000,LOUISVILLE METRO POLICE DEPT,Accepted,JEFFERSON,,,FENWICK,DR,,,,,COZY,,FERNHAVEN,38.150282534,-85.633070963,0.501,7/4/2022 12:00:00 AM,1551,2,2,0,0,CLEAR,DRY,False,1 VEHICLE PARKED POSITION (NOT PARKING LOT/DRIVEWAY),BACKING,STRAIGHT & LEVEL,DAYLIGHT,,,7/11/2022 8:16:21 AM,False,5433,Accepted,
30263300,0568000,LOUISVILLE METRO POLICE DEPT,Accepted,JEFFERSON,,1906,THE MEADOW,RD,,,,,,,,38.274399102,-85.573020946,0.264,7/4/2022 12:00:00 AM,0200,2,2,0,0,CLEAR,DRY,True,1 VEHICLE PARKED POSITION (NOT PARKING LOT/DRIVEWAY),SIDESWIPE-SAME DIRECTION,STRAIGHT & LEVEL,DARK (UNKNOWN ROADWAY LIGHTING),,,7/5/2022 8:47:25 AM,False,7316,Accepted,
30263305,0568000,LOUISVILLE METRO POLICE DEPT,Accepted,JEFFERSON,,,HILL,ST,W,,23RD,,,,,38.228834870,-85.792685184,1.983,7/4/2022 12:00:00 AM,1612,2,2,0,1,CLEAR,DRY,False,ANGLE COLLISION - OTHER,ANGLE,STRAIGHT & LEVEL,DAYLIGHT,,,7/5/2022 8:47:56 AM,False,2569,Accepted,
30278791,0568000,LOUISVILLE METRO POLICE DEPT,Accepted,JEFFERSON,KY0864,,POPLAR LEVEL,RD,,KY2052,SHEPHERDSVILLE,,,,,38.157685519,-85.657857716,7.084,7/4/2022 12:00:00 AM,1832,2,2,0,0,CLEAR,DRY,True,COLLISION IN PARKING LOT,BACKING,STRAIGHT & LEVEL,DAYLIGHT,,,7/8/2022 2:32:31 PM,False,2310,Accepted,
30268128,0568000,LOUISVILLE METRO POLICE DEPT,Accepted,JEFFERSON,,1987,PARK,RD,S,,,,,,,38.117664403,-85.732421010,3.233,7/4/2022 12:00:00 AM,2026,1,1,0,1,CLEAR,DRY,False,OTHER ROADWAY OR MID-BLOCK COLLISION,SINGLE VEHICLE,CURVE & LEVEL,DAYLIGHT,,,7/6/2022 8:09:30 AM,False,7100,Accepted,
30268105,0568000,LOUISVILLE METRO POLICE DEPT,Accepted,JEFFERSON,,626,WOODLAWN,AVE,W,,,,,,,38.182220496,-85.772334006,0.386,7/4/2022 12:00:00 AM,1420,2,2,0,0,CLEAR,DRY,False,1 VEHICLE PARKED POSITION (NOT PARKING LOT/DRIVEWAY),SIDESWIPE-SAME DIRECTION,STRAIGHT & LEVEL,DAYLIGHT,,,7/6/2022 8:07:47 AM,False,5152,Accepted,
30263278,0568000,LOUISVILLE METRO POLICE DEPT,Accepted,JEFFERSON,KY1932,,BRECKENRIDGE,LN,,,SIX MILE,,,,,38.197578729,-85.625038198,1.133,7/4/2022 12:00:00 AM,0046,2,2,0,0,CLEAR,DRY,False,ANGLE COLLISION - OTHER,ANGLE,STRAIGHT & GRADE,DARK-HWY NOT LIGHTED,,,7/5/2022 8:44:35 AM,False,5300,Accepted,
30300470,0568000,LOUISVILLE METRO POLICE DEPT,Accepted,JEFFERSON,US0031W,,22ND,ST,S,,HILL,,,,,38.228880250,-85.792825810,18.159,7/4/2022 12:00:00 AM,0358,2,2,0,1,CLEAR,DRY,False,ANGLE COLLISION - OTHER,ANGLE,STRAIGHT & GRADE,DARK-HWY LIGHTED/ON,,,7/14/2022 8:24:31 AM,False,5384,Accepted,
30263307,0568000,LOUISVILLE METRO POLICE DEPT,Accepted,JEFFERSON,I 0264,,I264 E,,,,,,,,,38.217639941,-85.822601340,4.378,7/4/2022 12:00:00 AM,1900,1,1,0,0,CLEAR,DRY,False,COLLISION WITH FIXED OBJECT NON - INTERSECTION - FIRST EVENT COLLISION 09 - 32 EXCLUDING 16,SINGLE VEHICLE,STRAIGHT & LEVEL,DAYLIGHT,,,7/5/2022 8:48:13 AM,False,5181,Accepted,
30263298,0568000,LOUISVILLE METRO POLICE DEPT,Accepted,JEFFERSON,,817,38TH,ST,S,,,,,,,38.247061502,-85.815126089,0.983,7/4/2022 12:00:00 AM,1308,2,2,0,0,CLEAR,DRY,True,1 VEHICLE PARKED POSITION (NOT PARKING LOT/DRIVEWAY),SIDESWIPE-SAME DIRECTION,STRAIGHT & LEVEL,DAYLIGHT,,,7/5/2022 8:47:07 AM,False,5257,Accepted,
30263304,0568000,LOUISVILLE METRO POLICE DEPT,Accepted,JEFFERSON,,,MUHAMMAD ALI,BLVD,W,KY1020,3RD,,,,,38.251037638,-85.756432632,0.215,7/4/2022 12:00:00 AM,1545,2,2,0,0,CLEAR,DRY,False,SIDESWIPE-SAME DIRECTION,SIDESWIPE-SAME DIRECTION,STRAIGHT & LEVEL,DAYLIGHT,,,7/5/2022 8:47:48 AM,False,5168,Accepted,
30263315,0568000,LOUISVILLE METRO POLICE DEPT,Accepted,JEFFERSON,US0031W,,DIXIE,HWY,,KY1931,ST ANDREWS CHURCH,,,,,38.143504404,-85.839481569,11.678,7/4/2022 12:00:00 AM,2217,2,2,0,2,CLEAR,DRY,False,ANGLE COLLISION - OTHER,ANGLE,STRAIGHT & LEVEL,DARK-HWY LIGHTED/ON,,,7/5/2022 8:49:41 AM,False,5427,Accepted,
30268104,0568000,LOUISVILLE METRO POLICE DEPT,Accepted,JEFFERSON,US0031W,,22ND,ST,S,,CEDAR,,,,,38.255811453,-85.787047745,20.018,7/4/2022 12:00:00 AM,1236,2,2,0,0,CLEAR,DRY,False,ANGLE COLLISION - OTHER,ANGLE,STRAIGHT & LEVEL,DAYLIGHT,,,7/6/2022 8:07:42 AM,False,5442,Accepted,
30273096,0568000,LOUISVILLE METRO POLICE DEPT,Accepted,JEFFERSON,KY0155,,TAYLORSVILLE,RD,,,GLADSTONE,,,,,38.223204452,-85.672863876,15.888,7/4/2022 12:00:00 AM,1229,2,2,0,0,CLEAR,DRY,False,ANGLE COLLISION - OTHER,ANGLE,STRAIGHT & LEVEL,DAYLIGHT,,,7/7/2022 8:04:24 AM,False,5436,Accepted,
30263302,0568000,LOUISVILLE METRO POLICE DEPT,Accepted,JEFFERSON,,1520,SALE,AVE,,,,,,,,38.197686260,-85.788293347,0.613,7/4/2022 12:00:00 AM,1051,2,2,0,0,CLEAR,DRY,False,1 VEHICLE PARKED POSITION (NOT PARKING LOT/DRIVEWAY),REAR END,STRAIGHT & LEVEL,DAYLIGHT,,,7/5/2022 8:47:36 AM,False,7249,Accepted,
30263310,0568000,LOUISVILLE METRO POLICE DEPT,Accepted,JEFFERSON,,,RIVER,RD,,,WITHERSPOON,,,,,38.261509086,-85.736708095,0.586,7/4/2022 12:00:00 AM,2140,2,2,0,0,CLEAR,DRY,True,OPPOSING LEFT TURN,OPPOSING LEFT TURN,STRAIGHT & LEVEL,DARK-HWY LIGHTED/ON,,,7/5/2022 8:48:48 AM,False,5102,Accepted,
30263299,0568000,LOUISVILLE METRO POLICE DEPT,Accepted,JEFFERSON,,,CHAMBERLAIN,LN,,,OLD LA GRANGE,,,,,38.289666029,-85.512745497,0.032,7/4/2022 12:00:00 AM,0756,2,2,0,0,CLEAR,DRY,False,ANGLE COLLISION - OTHER,ANGLE,STRAIGHT & LEVEL,DAYLIGHT,,,7/5/2022 8:47:15 AM,False,7316,Accepted,
30263313,0568000,LOUISVILLE METRO POLICE DEPT,Accepted,JEFFERSON,KY2845,,MANSLICK,RD,E,,OVERHILL,,,,,38.118487502,-85.674536362,0.146,7/4/2022 12:00:00 AM,1840,2,2,0,1,CLEAR,DRY,False,HEAD-ON COLLISION,HEAD ON,STRAIGHT & LEVEL,DAYLIGHT,,,7/5/2022 8:49:23 AM,False,7415,Accepted,
30263279,0568000,LOUISVILLE METRO POLICE DEPT,Accepted,JEFFERSON,US0060A,,WINKLER,AVE,,,5TH,,,,,38.210511439,-85.766313669,2.974,7/4/2022 12:00:00 AM,0310,2,1,0,0,CLOUDY,DRY,True,COLLISION WITH PEDESTRIAN IN INTERSECTION,SINGLE VEHICLE,,DARK-HWY LIGHTED/ON,,,7/5/2022 8:44:44 AM,False,5379,Accepted,