IncidentID,AgencyORI,AgencyName,IncidentStatusDesc,County,RdwyNumber,Street,RoadwayName,StreetSfx,StreetDir,IntersectionRdwy,IntersectionRdwyName,BetweenStRdwy1,BetweenStRdwyName1,BetweenStRdwy2,BetweenStRdwyName2,Latitude,Longitude,Milepoint,CollisionDate,CollisionTime,UnitsInvolved,MotorVehiclesInvolved,NumberKilled,NumberInjured,Weather,RdwyConditionCode,HitandRun,DirAnalysisCode,MannerofCollision,RdwyCharacter,LightCondition,RampFromRdwyId,RampToRdwyId,AcceptedDate,IsSecondaryCollision,OwnerBadge,IncidentStatus,
30263273,0568000,LOUISVILLE METRO POLICE DEPT,Accepted,JEFFERSON,,817,34TH,ST,S,,,,GARLAND,,GARLAND,38.247381786,-85.808694225,1.045,7/4/2022 12:00:00 AM,0030,1,1,0,0,CLEAR,DRY,True,COLLISION WITH BICYCLIST NON INTERSECTION,SINGLE VEHICLE,STRAIGHT & LEVEL,DARK-HWY LIGHTED/ON,,,7/5/2022 8:44:12 AM,False,7461,Accepted,
30263296,0568000,LOUISVILLE METRO POLICE DEPT,Accepted,JEFFERSON,I 0264,,I264 E,,,,,,,,,38.201994716,-85.688101138,14.549,7/4/2022 12:00:00 AM,0758,1,1,0,2,CLEAR,DRY,False,OTHER COLLISIONS ON SHOULDER,SINGLE VEHICLE,STRAIGHT & LEVEL,DAYLIGHT,,,7/5/2022 8:46:59 AM,False,4693,Accepted,
30263281,0568000,LOUISVILLE METRO POLICE DEPT,Accepted,JEFFERSON,US0031W,,DIXIE,HWY,,KY1931,GREENWOOD,,,,,38.143449844,-85.839732204,11.686,7/4/2022 12:00:00 AM,0311,2,1,0,1,CLEAR,DRY,False,COLLISION WITH PEDESTRIAN IN INTERSECTION,SINGLE VEHICLE,STRAIGHT & LEVEL,DARK-HWY NOT LIGHTED,,,7/5/2022 8:45:01 AM,False,5121,Accepted,
30273133,0568000,LOUISVILLE METRO POLICE DEPT,Accepted,JEFFERSON,KY1932,,BRECKENRIDGE,LN,,,LANDSIDE,,,,,38.200407180,-85.623552780,1.339,7/3/2022 12:00:00 AM,2337,3,3,0,2,CLEAR,DRY,True,OTHER INTERSECTION COLLISIONS,REAR END,STRAIGHT & LEVEL,DARK (UNKNOWN ROADWAY LIGHTING),,,7/7/2022 8:07:24 AM,False,5346,Accepted,
30263270,0568000,LOUISVILLE METRO POLICE DEPT,Accepted,JEFFERSON,US0031E,,BARDSTOWN,RD,,,,,,,,38.231156741,-85.706079810,14.445,7/3/2022 12:00:00 AM,0322,3,3,0,0,CLEAR,DRY,False,1 VEHICLE PARKED POSITION (NOT PARKING LOT/DRIVEWAY),REAR END,STRAIGHT & LEVEL,DARK-HWY LIGHTED/ON,,,7/5/2022 8:43:45 AM,False,5104,Accepted,
30263255,0568000,LOUISVILLE METRO POLICE DEPT,Accepted,JEFFERSON,KY1065,7711,OUTER,LOOP,,,,,,,,38.137540827,-85.617320866,9.888,7/3/2022 12:00:00 AM,1016,1,1,0,0,CLOUDY,WET,False,COLLISION WITH FIXED OBJECT NON - INTERSECTION - FIRST EVENT COLLISION 09 - 32 EXCLUDING 16,SINGLE VEHICLE,STRAIGHT & LEVEL,DAYLIGHT,,,7/5/2022 8:42:10 AM,False,5101,Accepted,
30263254,0568000,LOUISVILLE METRO POLICE DEPT,Accepted,JEFFERSON,,,32ND,ST,S,,MARKET,,,,,38.260791006,-85.804392794,2.277,7/3/2022 12:00:00 AM,1149,1,1,0,0,CLOUDY,DRY,False,COLLISION WITH FIXED OBJECT IN INTERSECTION - FIRST EVENT COLLISION 09 - 32,SINGLE VEHICLE,STRAIGHT & LEVEL,DAYLIGHT,,,7/5/2022 8:42:01 AM,False,7463,Accepted,
30263263,0568000,LOUISVILLE METRO POLICE DEPT,Accepted,JEFFERSON,KY0155,,TAYLORSVILLE,RD,,,CHENOWETH RUN,,,,,38.188280443,-85.551993123,8.463,7/3/2022 12:00:00 AM,1420,2,2,0,0,CLEAR,DRY,False,OTHER INTERSECTION COLLISIONS,REAR END,STRAIGHT & GRADE,DAYLIGHT,,,7/5/2022 8:42:59 AM,False,5430,Accepted,
30263286,0568000,LOUISVILLE METRO POLICE DEPT,Accepted,JEFFERSON,KY3082,2213,BANK,ST,,,,,,,,38.267246683,-85.785187060,1.437,7/3/2022 12:00:00 AM,2339,4,4,0,1,CLEAR,DRY,False,SIDESWIPE COLLISION - SAME DIRECTION,SIDESWIPE-SAME DIRECTION,STRAIGHT & LEVEL,DARK-HWY LIGHTED/ON,,,7/5/2022 8:46:16 AM,False,5397,Accepted,
30268095,0568000,LOUISVILLE METRO POLICE DEPT,Accepted,JEFFERSON,I 0264,,I264 E,,,,,I 0264,I264 E EXIT14 ON RAMP FROM KY864,I 0264,I264 E EXIT15 OFF RAMP TO KY1703,38.200034382,-85.698059229,13.988,7/3/2022 12:00:00 AM,1327,4,4,0,0,CLEAR,DRY,True,COLLISION WITH FIXED OBJECT NON - INTERSECTION - FIRST EVENT COLLISION 09 - 32 EXCLUDING 16,SIDESWIPE-SAME DIRECTION,STRAIGHT & LEVEL,DAYLIGHT,,,7/6/2022 8:06:52 AM,False,5203,Accepted,
30263246,0568000,LOUISVILLE METRO POLICE DEPT,Accepted,JEFFERSON,,,BROADWAY,,W,,32ND,,,,,38.249877137,-85.805767977,0.951,7/3/2022 12:00:00 AM,0011,2,2,0,0,CLEAR,DRY,False,OTHER INTERSECTION COLLISIONS,REAR END,STRAIGHT & LEVEL,DARK-HWY LIGHTED/ON,,,7/5/2022 8:40:37 AM,False,5421,Accepted,
30273123,0568000,LOUISVILLE METRO POLICE DEPT,Accepted,JEFFERSON,I 0064,,I64 W,,,I 0064,I64 W EXIT4 OFF RAMP TO  JEFFERSON ST,,,,,38.258836995,-85.757336474,4.317,7/3/2022 12:00:00 AM,2226,3,3,0,1,CLEAR,DRY,False,OTHER INTERSECTION COLLISIONS,REAR TO REAR,STRAIGHT & LEVEL,DARK-HWY LIGHTED/ON,,,7/7/2022 8:06:37 AM,False,5403,Accepted,
30263240,0568000,LOUISVILLE METRO POLICE DEPT,Accepted,JEFFERSON,,836,38TH,ST,S,,GARLAND,,,,,38.247291672,-85.815157145,0.967,7/3/2022 12:00:00 AM,0100,2,2,0,0,CLEAR,DRY,True,COLLISION WITH PARKED VEHICLE,SIDESWIPE-SAME DIRECTION,STRAIGHT & LEVEL,DARK (UNKNOWN ROADWAY LIGHTING),,,7/5/2022 8:40:00 AM,False,5416,Accepted,
30263243,0568000,LOUISVILLE METRO POLICE DEPT,Accepted,JEFFERSON,,,26TH,ST,S,,ELLIOTT,,,,,38.250478959,-85.794761222,0.703,7/3/2022 12:00:00 AM,0257,2,2,0,0,RAINING,WET,False,COLLISION WITH PARKED VEHICLE,SIDESWIPE-SAME DIRECTION,STRAIGHT & LEVEL,DARK (UNKNOWN ROADWAY LIGHTING),,,7/5/2022 8:40:18 AM,False,5388,Accepted,
30263257,0568000,LOUISVILLE METRO POLICE DEPT,Accepted,JEFFERSON,KY0061,,PRESTON,HWY,,,,,VIM,,GILMORE,38.172506358,-85.710461633,6.676,7/3/2022 12:00:00 AM,1437,2,2,0,0,CLEAR,DRY,False,REAR END IN TRAFFIC LANES BOTH VEHICLES MOVING,REAR END,STRAIGHT & LEVEL,DAYLIGHT,,,7/5/2022 8:42:28 AM,False,7341,Accepted,
30263267,0568000,LOUISVILLE METRO POLICE DEPT,Accepted,JEFFERSON,,,MAPLE,WAY,,,,,,,,38.092618570,-85.662712188,0.036,7/3/2022 12:00:00 AM,1726,1,1,0,1,CLEAR,DRY,False,RAN OFF ROADWAY (1 VEHICLE WITH/EARTH EMBANKMENT/DITCH),SINGLE VEHICLE,STRAIGHT & LEVEL,DAYLIGHT,,,7/5/2022 8:43:25 AM,False,7376,Accepted,
30263283,0568000,LOUISVILLE METRO POLICE DEPT,Accepted,JEFFERSON,US0031W,,DIXIE,HWY,,,FLINTLOCK,,,,,38.160039250,-85.832796775,12.729,7/3/2022 12:00:00 AM,2312,2,2,0,1,CLEAR,DRY,False,ANGLE COLLISION - OTHER,ANGLE,STRAIGHT & LEVEL,DARK-HWY LIGHTED/ON,,,7/5/2022 8:45:23 AM,False,5263,Accepted,
30263272,0568000,LOUISVILLE METRO POLICE DEPT,Accepted,JEFFERSON,US0031E,,BARDSTOWN,RD,,,,,,,,38.226020857,-85.697162512,13.829,7/3/2022 12:00:00 AM,2028,1,1,0,0,CLEAR,DRY,False,COLLISION WITH FIXED OBJECT NON - INTERSECTION - FIRST EVENT COLLISION 09 - 32 EXCLUDING 16,SINGLE VEHICLE,STRAIGHT & LEVEL,DUSK,,,7/5/2022 8:44:00 AM,False,5104,Accepted,
30263245,0568000,LOUISVILLE METRO POLICE DEPT,Accepted,JEFFERSON,I 0065,,I65 S,,,,,,,,,38.239473500,-85.753314856,134.821,7/3/2022 12:00:00 AM,0322,1,1,0,1,RAINING,WET,False,OTHER ROADWAY OR MID-BLOCK COLLISION,SINGLE VEHICLE,STRAIGHT & LEVEL,DARK-HWY LIGHTED/ON,,,7/5/2022 8:40:28 AM,False,5349,Accepted,
30263262,0568000,LOUISVILLE METRO POLICE DEPT,Accepted,JEFFERSON,,1818,LYTLE,ST,,,,,,,,38.264306531,-85.779414128,0.395,7/3/2022 12:00:00 AM,0800,2,2,0,0,CLEAR,DRY,True,1 VEHICLE PARKED POSITION (NOT PARKING LOT/DRIVEWAY),HEAD ON,STRAIGHT & LEVEL,DAYLIGHT,,,7/5/2022 8:42:55 AM,False,7292,Accepted,
30263253,0568000,LOUISVILLE METRO POLICE DEPT,Accepted,JEFFERSON,I 0065,,I65 S EXIT127 TRANSIT,,,,,,,,,38.139318706,-85.708340964,0.504,7/3/2022 12:00:00 AM,0950,1,1,0,2,RAINING,WET,False,OTHER COLLISIONS ON SHOULDER,SINGLE VEHICLE,STRAIGHT & LEVEL,DAYLIGHT,,,7/5/2022 8:41:51 AM,False,2583,Accepted,
30263264,0568000,LOUISVILLE METRO POLICE DEPT,Accepted,JEFFERSON,,,BRADLEY,AVE,,,CRITTENDEN,,,,,38.216819534,-85.750430796,0.114,7/3/2022 12:00:00 AM,0956,2,2,0,0,CLOUDY,WET,True,COLLISION WITH PARKED VEHICLE,SIDESWIPE-SAME DIRECTION,STRAIGHT & LEVEL,DAYLIGHT,,,7/5/2022 8:43:05 AM,False,5186,Accepted,
30263271,0568000,LOUISVILLE METRO POLICE DEPT,Accepted,JEFFERSON,I 0264,,I264 W,,,,,,,,,38.214214432,-85.666111280,15.969,7/3/2022 12:00:00 AM,0540,2,2,0,0,CLEAR,DRY,False,REAR END IN TRAFFIC LANES BOTH VEHICLES MOVING,REAR END,STRAIGHT & LEVEL,DARK-HWY LIGHTED/ON,,,7/5/2022 8:43:53 AM,False,5104,Accepted,
30263269,0568000,LOUISVILLE METRO POLICE DEPT,Accepted,JEFFERSON,KY1865,,NEW CUT,RD,,KY1065,OUTER,,,,,38.126409594,-85.776146357,1.262,7/3/2022 12:00:00 AM,1901,2,2,0,2,CLEAR,DRY,False,OPPOSING LEFT TURN,OPPOSING LEFT TURN,STRAIGHT & LEVEL,DAYLIGHT,,,7/5/2022 8:43:38 AM,False,7252,Accepted,
30263282,0568000,LOUISVILLE METRO POLICE DEPT,Accepted,JEFFERSON,,,34TH,ST,S,,VERMONT,,,,,38.255487812,-85.807383446,0.475,7/3/2022 12:00:00 AM,1950,2,2,0,0,CLEAR,DRY,True,OTHER INTERSECTION COLLISIONS,REAR END,,DAYLIGHT,,,7/5/2022 8:45:09 AM,False,5429,Accepted,
30263248,0568000,LOUISVILLE METRO POLICE DEPT,Accepted,JEFFERSON,,,3RD,ST,S,,KENWOOD,,,,,38.178856670,-85.766751348,1.507,7/3/2022 12:00:00 AM,0121,3,3,0,0,CLOUDY,DRY,False,HEAD-ON COLLISION,HEAD ON,STRAIGHT & LEVEL,DARK (UNKNOWN ROADWAY LIGHTING),,,7/5/2022 8:41:23 AM,False,5378,Accepted,
30263265,0568000,LOUISVILLE METRO POLICE DEPT,Accepted,JEFFERSON,I 0065,,I65 N,,,,,,,,,38.211716728,-85.752834997,132.874,7/3/2022 12:00:00 AM,0936,2,2,0,0,CLEAR,DRY,False,OTHER ROADWAY OR MID-BLOCK COLLISION,REAR END,STRAIGHT & LEVEL,DAYLIGHT,,,7/5/2022 8:43:13 AM,False,5186,Accepted,
30273128,0568000,LOUISVILLE METRO POLICE DEPT,Accepted,JEFFERSON,,,1ST,ST,S,,MUHAMMAD ALI,,,,,38.250640190,-85.752581584,0.377,7/3/2022 12:00:00 AM,0120,2,2,0,1,RAINING,WET,False,ANGLE COLLISION - OTHER,ANGLE,STRAIGHT & LEVEL,DARK-HWY LIGHTED/ON,,,7/7/2022 8:07:02 AM,False,5367,Accepted,
30273110,0568000,LOUISVILLE METRO POLICE DEPT,Accepted,JEFFERSON,,,ALFORD,AVE,,,29TH,,,,,38.265440817,-85.798548901,0.299,7/3/2022 12:00:00 AM,1627,2,2,0,0,CLEAR,DRY,False,ANGLE COLLISION - OTHER,ANGLE,STRAIGHT & LEVEL,DAYLIGHT,,,7/7/2022 8:05:24 AM,False,5448,Accepted,
30263268,0568000,LOUISVILLE METRO POLICE DEPT,Accepted,JEFFERSON,KY0907,7737,3RD ST,RD,,,,,,,,38.134563164,-85.788712877,5.245,7/3/2022 12:00:00 AM,0605,1,1,0,1,CLEAR,DRY,False,OTHER COLLISIONS ON SHOULDER,SINGLE VEHICLE,STRAIGHT & LEVEL,DAWN,,,7/5/2022 8:43:32 AM,False,7871,Accepted,
30263274,0568000,LOUISVILLE METRO POLICE DEPT,Accepted,JEFFERSON,KY0061,,PRESTON,HWY,,,LACLEDE,,,,,38.162641152,-85.700375512,5.798,7/3/2022 12:00:00 AM,2147,2,2,0,5,CLEAR,DRY,True,ANGLE COLLISION - ONE VEHICLE TURNING LEFT,ANGLE,STRAIGHT & LEVEL,DARK (UNKNOWN ROADWAY LIGHTING),,,7/5/2022 8:44:22 AM,False,5326,Accepted,
30263276,0568000,LOUISVILLE METRO POLICE DEPT,Accepted,JEFFERSON,US0031W,,DIXIE,HWY,,,STARDUST,,,,,38.066635168,-85.885254090,5.598,7/3/2022 12:00:00 AM,2143,2,2,0,3,CLEAR,DRY,True,ANGLE COLLISION - OTHER,ANGLE,STRAIGHT & LEVEL,DARK-HWY NOT LIGHTED,,,7/5/2022 8:44:27 AM,False,5121,Accepted,
30263224,0568000,LOUISVILLE METRO POLICE DEPT,Accepted,JEFFERSON,KY2054,,ALGONQUIN,PKWY,,,35TH,,,,,38.224900233,-85.814176257,0.450,7/2/2022 12:00:00 AM,0955,2,2,0,3,CLEAR,DRY,False,ANGLE COLLISION - OTHER,ANGLE,STRAIGHT & LEVEL,DAYLIGHT,,,7/5/2022 8:38:49 AM,False,5355,Accepted,
30273127,0568000,LOUISVILLE METRO POLICE DEPT,Accepted,JEFFERSON,,,LIBERTY,ST,E,KY0061,PRESTON,,,,,38.251365406,-85.746620151,0.327,7/2/2022 12:00:00 AM,0521,2,2,0,1,CLEAR,DRY,False,ANGLE COLLISION - OTHER,ANGLE,STRAIGHT & LEVEL,DARK-HWY LIGHTED/ON,,,7/7/2022 8:06:57 AM,False,5367,Accepted,
30264478,0565000,LYNDON POLICE DEPARTMENT,Accepted,JEFFERSON,KY1447,,WESTPORT,RD,,,,,CREEK,,OLD WESTPORT,38.276118061,-85.604005928,3.320,7/2/2022 12:00:00 AM,0525,2,2,0,0,CLEAR,DRY,True,SIDESWIPE COLLISION - SAME DIRECTION,SIDESWIPE-SAME DIRECTION,STRAIGHT & GRADE,DARK-HWY LIGHTED/ON,,,7/5/2022 1:07:55 PM,False,1380,Accepted,
30263242,0568000,LOUISVILLE METRO POLICE DEPT,Accepted,JEFFERSON,,5300B,BUCKNER,AVE,,,,,,,,38.171032509,-85.773169198,0.039,7/2/2022 12:00:00 AM,2342,7,7,0,2,CLOUDY,DRY,False,1 VEHICLE PARKED POSITION (NOT PARKING LOT/DRIVEWAY),SIDESWIPE-SAME DIRECTION,STRAIGHT & LEVEL,DARK-HWY LIGHTED/ON,,,7/5/2022 8:40:11 AM,False,5321,Accepted,
30263259,0568000,LOUISVILLE METRO POLICE DEPT,Accepted,JEFFERSON,,7804,MARY SUE,DR,,,,,,,,38.137861782,-85.606721330,0.053,7/2/2022 12:00:00 AM,1655,3,3,0,1,CLEAR,DRY,False,1 VEHICLE PARKED POSITION (NOT PARKING LOT/DRIVEWAY),HEAD ON,CURVE & HILLCREST,DAYLIGHT,,,7/5/2022 8:42:35 AM,False,7376,Accepted,
30263216,0568000,LOUISVILLE METRO POLICE DEPT,Accepted,JEFFERSON,,,CEDAR,ST,,US0031W,DR W J HODGE,,,,,38.255615795,-85.785403417,0.636,7/2/2022 12:00:00 AM,0338,2,2,0,1,CLEAR,DRY,False,ANGLE COLLISION - OTHER,ANGLE,STRAIGHT & LEVEL,DARK-HWY LIGHTED/ON,,,7/5/2022 8:38:06 AM,False,5374,Accepted,
30263213,0568000,LOUISVILLE METRO POLICE DEPT,Accepted,JEFFERSON,,,GRADE,LN,,KY1065,OUTER,,,,,38.129790087,-85.737888155,0.059,7/2/2022 12:00:00 AM,0406,2,2,0,0,CLEAR,DRY,False,OTHER INTERSECTION COLLISIONS,REAR END,STRAIGHT & GRADE,DARK-HWY LIGHTED/ON,,,7/5/2022 8:37:53 AM,False,5314,Accepted,
30263244,0568000,LOUISVILLE METRO POLICE DEPT,Accepted,JEFFERSON,,,SMYRNA,PKWY,,KY1065,OUTER,,,,,38.137856659,-85.641873085,0.007,7/2/2022 12:00:00 AM,2004,2,2,0,0,CLEAR,DRY,False,OTHER INTERSECTION COLLISIONS,REAR END,STRAIGHT & LEVEL,DAYLIGHT,,,7/5/2022 8:40:24 AM,False,5342,Accepted,
30263247,0568000,LOUISVILLE METRO POLICE DEPT,Accepted,JEFFERSON,KY1934,3201,CANE RUN,RD,,,,,ELANE,,DONALD,38.190667518,-85.848836534,8.317,7/2/2022 12:00:00 AM,2335,2,2,0,0,CLEAR,DRY,False,1 VEHICLE PARKED POSITION (NOT PARKING LOT/DRIVEWAY),REAR END,STRAIGHT & LEVEL,DARK-HWY LIGHTED/OFF,,,7/5/2022 8:41:02 AM,False,5319,Accepted,
30263227,0568000,LOUISVILLE METRO POLICE DEPT,Accepted,JEFFERSON,,,CHESTNUT,ST,W,US0031W,22ND,,,,,38.252204197,-85.787678566,0.725,7/2/2022 12:00:00 AM,0921,2,2,0,1,CLEAR,DRY,True,ANGLE COLLISION - OTHER,ANGLE,STRAIGHT & LEVEL,DAYLIGHT,,,7/5/2022 8:39:02 AM,False,5251,Accepted,
30263239,0568000,LOUISVILLE METRO POLICE DEPT,Accepted,JEFFERSON,US0031W,8596,DIXIE,HWY,,,,,,,,38.127992136,-85.849733044,10.318,7/2/2022 12:00:00 AM,2245,2,2,0,0,CLEAR,DRY,False,REAR END IN TRAFFIC LANES BOTH VEHICLES MOVING,REAR END,STRAIGHT & LEVEL,DARK-HWY LIGHTED/ON,,,7/5/2022 8:39:52 AM,False,7166,Accepted,
30263228,0568000,LOUISVILLE METRO POLICE DEPT,Accepted,JEFFERSON,I 0264,,I264 E,,,,,,,,,38.217264185,-85.822638490,4.405,7/2/2022 12:00:00 AM,1154,2,2,0,2,CLEAR,DRY,False,REAR END IN TRAFFIC LANES BOTH VEHICLES MOVING,REAR END,STRAIGHT & LEVEL,DAYLIGHT,,,7/5/2022 8:39:06 AM,False,5355,Accepted,
30263219,0568000,LOUISVILLE METRO POLICE DEPT,Accepted,JEFFERSON,US0031W,,DR W J HODGE,ST,,,MUHAMMAD ALI,,,,,38.254278714,-85.785637425,19.999,7/2/2022 12:00:00 AM,0126,2,2,0,0,CLEAR,DRY,True,ANGLE COLLISION - OTHER,ANGLE,STRAIGHT & LEVEL,DARK-HWY LIGHTED/ON,,,7/5/2022 8:38:19 AM,False,5421,Accepted,
30263237,0568000,LOUISVILLE METRO POLICE DEPT,Accepted,JEFFERSON,KY2051,,ROCKFORD,LN,,,,,,,,38.180109070,-85.851784067,1.645,7/2/2022 12:00:00 AM,1809,2,2,0,1,CLEAR,DRY,True,REAR END IN TRAFFIC LANES BOTH VEHICLES MOVING,REAR END,STRAIGHT & LEVEL,DAYLIGHT,,,7/5/2022 8:39:36 AM,False,5170,Accepted,
30263212,0568000,LOUISVILLE METRO POLICE DEPT,Accepted,JEFFERSON,US0060A,@7TH ST,BERRY,BLVD,,,,,,,,38.196790624,-85.798850935,0.600,7/2/2022 12:00:00 AM,0356,2,2,0,0,CLEAR,DRY,True,COLLISION IN PARKING LOT,OPPOSING LEFT TURN,,DARK-HWY LIGHTED/ON,,,7/5/2022 8:37:46 AM,False,7330,Accepted,
30288859,0561500,UNIV. OF LOUISVILLE POLICE,Accepted,JEFFERSON,,1511,SHELBURNE,CIR,,,,,,,,38.222627100,-85.767565011,0.182,7/2/2022 12:00:00 AM,2100,2,2,0,0,CLEAR,DRY,True,COLLISION IN PARKING LOT,REAR END,STRAIGHT & LEVEL,DUSK,,,7/11/2022 2:33:08 PM,False,5700,Accepted,
30277557,0568000,LOUISVILLE METRO POLICE DEPT,Accepted,JEFFERSON,US0150,,BROADWAY,,E,,BROOK,,,,,38.245644067,-85.751744955,2.727,7/2/2022 12:00:00 AM,1045,2,2,0,0,CLEAR,DRY,False,SIDESWIPE-SAME DIRECTION,SIDESWIPE-SAME DIRECTION,STRAIGHT & LEVEL,DAYLIGHT,,,7/8/2022 8:17:24 AM,False,7058,Accepted,
30263252,0568000,LOUISVILLE METRO POLICE DEPT,Accepted,JEFFERSON,KY1065,175,OUTER,LOOP,,,,,,,,38.126531296,-85.781430317,0.735,7/2/2022 12:00:00 AM,1537,2,2,0,2,CLEAR,DRY,False,1 VEHICLE ENTERING/LEAVING ENTRANCE,ANGLE,STRAIGHT & LEVEL,DAYLIGHT,,,7/5/2022 8:41:43 AM,False,7263,Accepted,
30263229,0568000,LOUISVILLE METRO POLICE DEPT,Accepted,JEFFERSON,,,WALLIE ANN,CT,,,WILART,,,,,38.218973501,-85.790826575,0.154,7/2/2022 12:00:00 AM,1427,2,2,0,0,CLEAR,DRY,False,ANGLE COLLISION - OTHER,ANGLE,STRAIGHT & LEVEL,DAYLIGHT,,,7/5/2022 8:39:11 AM,False,5355,Accepted,
30263226,0568000,LOUISVILLE METRO POLICE DEPT,Accepted,JEFFERSON,I 0065,,I65 N,,,I 0065,I65 N RAMP FROM I264,,,,,38.194832186,-85.732897217,131.104,7/2/2022 12:00:00 AM,0227,2,2,0,0,CLEAR,DRY,False,ANGLE COLLISION - OTHER,ANGLE,CURVE & LEVEL,DARK-HWY LIGHTED/OFF,,,7/5/2022 8:38:57 AM,False,5328,Accepted,
30263218,0568000,LOUISVILLE METRO POLICE DEPT,Accepted,JEFFERSON,,1449,BLUEGRASS,AVE,,,,,,,,38.179438240,-85.788268598,0.580,7/2/2022 12:00:00 AM,0347,1,1,0,0,CLEAR,DRY,False,OTHER ROADWAY OR MID-BLOCK COLLISION,SINGLE VEHICLE,STRAIGHT & LEVEL,DARK-HWY LIGHTED/ON,,,7/5/2022 8:38:15 AM,False,5400,Accepted,
30263198,0568000,LOUISVILLE METRO POLICE DEPT,Accepted,JEFFERSON,US0031W,,DIXIE,HWY,,,,,,,,38.085072803,-85.879944525,6.919,7/1/2022 12:00:00 AM,1027,2,2,0,0,CLEAR,DRY,False,REAR END IN TRAFFIC LANES BOTH VEHICLES MOVING,REAR END,STRAIGHT & LEVEL,DAYLIGHT,,,7/5/2022 8:36:24 AM,False,7234,Accepted,
30263235,0568000,LOUISVILLE METRO POLICE DEPT,Accepted,JEFFERSON,US0031,,US31 TURN LANE,,,US0031,CLARK MEMORIAL,,,,,38.256328012,-85.753674847,0.024,7/1/2022 12:00:00 AM,2235,2,2,0,0,CLEAR,DRY,False,SIDESWIPE-SAME DIRECTION,SIDESWIPE-SAME DIRECTION,STRAIGHT & GRADE,DARK-HWY LIGHTED/ON,,,7/5/2022 8:39:27 AM,False,5414,Accepted,
30263215,0568000,LOUISVILLE METRO POLICE DEPT,Accepted,JEFFERSON,KY0907,,VALLEY STATION,RD,,,,,,,,38.106792551,-85.864341300,0.142,7/1/2022 12:00:00 AM,2011,2,1,0,0,CLEAR,DRY,True,COLLISION WITH BICYCLIST NON INTERSECTION,SINGLE VEHICLE,STRAIGHT & LEVEL,DAYLIGHT,,,7/5/2022 8:38:02 AM,False,7264,Accepted,
30263209,0568000,LOUISVILLE METRO POLICE DEPT,Accepted,JEFFERSON,,,CAMPBELL,ST,S,,,,NANNY GOAT STRUT,US0031E,MARKET,38.252728574,-85.736072658,0.467,7/1/2022 12:00:00 AM,1936,2,2,0,0,CLEAR,DRY,False,SIDESWIPE COLLISION - SAME DIRECTION,SIDESWIPE-SAME DIRECTION,STRAIGHT & LEVEL,DAYLIGHT,,,7/5/2022 8:37:32 AM,False,5311,Accepted,
30263206,0568000,LOUISVILLE METRO POLICE DEPT,Accepted,JEFFERSON,,,34TH,ST,S,,NIANTIC,,,,,38.230835350,-85.811744376,2.202,7/1/2022 12:00:00 AM,1826,1,1,0,0,CLEAR,DRY,False,COLLISION WITH FIXED OBJECT IN INTERSECTION - FIRST EVENT COLLISION 09 - 32,SINGLE VEHICLE,STRAIGHT & LEVEL,DAYLIGHT,,,7/5/2022 8:37:12 AM,False,7437,Accepted,
30263189,0568000,LOUISVILLE METRO POLICE DEPT,Accepted,JEFFERSON,KY1747,,HURSTBOURNE,PKWY,S,,WATTERSON,,,,,38.183503608,-85.606591157,8.519,7/1/2022 12:00:00 AM,1445,3,3,0,0,CLEAR,DRY,False,OPPOSING LEFT TURN,OPPOSING LEFT TURN,STRAIGHT & LEVEL,DAYLIGHT,,,7/5/2022 8:36:00 AM,False,7864,Accepted,
30263171,0568000,LOUISVILLE METRO POLICE DEPT,Accepted,JEFFERSON,I 0064,,I64 E,,,I 0064,I64 E EXIT10 OFF RAMP TO KY2048,,,,,38.236948781,-85.662526778,10.375,7/1/2022 12:00:00 AM,0625,1,1,0,1,CLEAR,DRY,False,OTHER INTERSECTION COLLISIONS,SINGLE VEHICLE,STRAIGHT & LEVEL,DUSK,,,7/5/2022 8:34:23 AM,False,5116,Accepted,
30263178,0568000,LOUISVILLE METRO POLICE DEPT,Accepted,JEFFERSON,I 0065,,I65 S,,,,,,,,,38.123800641,-85.702189670,125.767,7/1/2022 12:00:00 AM,1136,2,2,0,0,CLEAR,DRY,False,SIDESWIPE COLLISION - SAME DIRECTION,SIDESWIPE-SAME DIRECTION,STRAIGHT & LEVEL,DAYLIGHT,,,7/5/2022 8:35:02 AM,False,4903,Accepted,
30263186,0568000,LOUISVILLE METRO POLICE DEPT,Accepted,JEFFERSON,,,REAMERS,RD,,,ADRIENNE,,,,,38.297718177,-85.495703937,0.578,7/1/2022 12:00:00 AM,0858,1,1,0,0,CLEAR,DRY,False,OTHER INTERSECTION COLLISIONS,SINGLE VEHICLE,CURVE & GRADE,DAYLIGHT,,,7/5/2022 8:35:48 AM,False,7316,Accepted,
30263261,0568000,LOUISVILLE METRO POLICE DEPT,Accepted,JEFFERSON,US0031E,,BARDSTOWN,RD,,,WADSWORTH,,,,,38.214822498,-85.674089079,12.315,7/1/2022 12:00:00 AM,1000,2,2,0,0,CLEAR,DRY,False,OTHER INTERSECTION COLLISIONS,REAR END,STRAIGHT & LEVEL,DAYLIGHT,,,7/5/2022 8:42:49 AM,False,2673,Accepted,
30263220,0568000,LOUISVILLE METRO POLICE DEPT,Accepted,JEFFERSON,,,BLUEGRASS,AVE,,,SOUTHERN,,,,,38.178918248,-85.771301938,1.503,7/1/2022 12:00:00 AM,2031,2,2,0,1,CLEAR,DRY,False,REAR END - ONE VEHICLE TURNING LEFT,REAR END,STRAIGHT & GRADE,DAYLIGHT,,,7/5/2022 8:38:23 AM,False,5405,Accepted,