IncidentID,AgencyORI,AgencyName,IncidentStatusDesc,County,RdwyNumber,Street,RoadwayName,StreetSfx,StreetDir,IntersectionRdwy,IntersectionRdwyName,BetweenStRdwy1,BetweenStRdwyName1,BetweenStRdwy2,BetweenStRdwyName2,Latitude,Longitude,Milepoint,CollisionDate,CollisionTime,UnitsInvolved,MotorVehiclesInvolved,NumberKilled,NumberInjured,Weather,RdwyConditionCode,HitandRun,DirAnalysisCode,MannerofCollision,RdwyCharacter,LightCondition,RampFromRdwyId,RampToRdwyId,AcceptedDate,IsSecondaryCollision,OwnerBadge,IncidentStatus,
30263180,0568000,LOUISVILLE METRO POLICE DEPT,Accepted,JEFFERSON,KY1020,11000,NATIONAL,TPKE,,,,,,,,38.094168836,-85.728849973,0.837,7/1/2022 12:00:00 AM,1330,2,2,0,0,CLEAR,DRY,False,1 VEHICLE ENTERING/LEAVING ENTRANCE,ANGLE,STRAIGHT & LEVEL,DAYLIGHT,,,7/5/2022 8:35:15 AM,False,7263,Accepted,
30263203,0568000,LOUISVILLE METRO POLICE DEPT,Accepted,JEFFERSON,,,ST CATHERINE,ST,W,,1ST,,,,,38.236871475,-85.754933184,,7/1/2022 12:00:00 AM,1726,2,2,0,0,CLEAR,DRY,False,SIDESWIPE-SAME DIRECTION,SIDESWIPE-SAME DIRECTION,STRAIGHT & LEVEL,DAYLIGHT,,,7/5/2022 8:36:59 AM,False,7619,Accepted,
30263177,0568000,LOUISVILLE METRO POLICE DEPT,Accepted,JEFFERSON,I 0265,,I265 W,,,,,I 0265,I265 W EXIT15 OFF RAMP TO KY864,I 0265,I265 W EXIT17 ON RAMP FROM US31E,38.140781753,-85.587465456,17.056,7/1/2022 12:00:00 AM,1200,2,2,0,0,CLEAR,DRY,True,SIDESWIPE COLLISION - SAME DIRECTION,SIDESWIPE-SAME DIRECTION,STRAIGHT & GRADE,DAYLIGHT,,,7/5/2022 8:34:56 AM,False,6878,Accepted,
30263191,0568000,LOUISVILLE METRO POLICE DEPT,Accepted,JEFFERSON,I 0264,,I264 E,,,,,,,,,38.233212580,-85.627293746,18.511,7/1/2022 12:00:00 AM,1600,3,3,0,0,CLEAR,DRY,False,REAR END IN TRAFFIC LANES BOTH VEHICLES MOVING,REAR END,STRAIGHT & LEVEL,DAYLIGHT,,,7/5/2022 8:36:04 AM,False,2013,Accepted,
30263217,0568000,LOUISVILLE METRO POLICE DEPT,Accepted,JEFFERSON,KY1865,,TAYLOR,BLVD,,,,,,,,38.179735644,-85.783256895,5.023,7/1/2022 12:00:00 AM,1953,2,1,0,1,CLEAR,DRY,False,COLLISION WITH PEDESTRIAN NON - INTERSECTION,SINGLE VEHICLE,STRAIGHT & LEVEL,DAYLIGHT,,,7/5/2022 8:38:10 AM,False,5400,Accepted,
30251728,0560300,ST. MATTHEWS POLICE DEPARTMENT,Accepted,JEFFERSON,US0060,5000,SHELBYVILLE,RD,,,,,,,,38.250265598,-85.622559137,5.359,7/1/2022 12:00:00 AM,1320,2,2,0,0,CLOUDY,DRY,False,OTHER ROADWAY OR MID-BLOCK COLLISION,REAR END,STRAIGHT & LEVEL,DAYLIGHT,,,7/1/2022 4:05:56 PM,False,9155,Accepted,
30263223,0568000,LOUISVILLE METRO POLICE DEPT,Accepted,JEFFERSON,KY1865,,TAYLOR,BLVD,,,ASHLAND,,,,,38.186641947,-85.783801352,5.530,7/1/2022 12:00:00 AM,2254,2,2,0,1,CLEAR,DRY,False,OPPOSING LEFT TURN,OPPOSING LEFT TURN,STRAIGHT & LEVEL,DARK-HWY LIGHTED/ON,,,7/5/2022 8:38:42 AM,False,7426,Accepted,
30287383,0568000,LOUISVILLE METRO POLICE DEPT,Accepted,JEFFERSON,,,STRAWBERRY,LN,,,,,ESTELE,KY1020,SOUTHSIDE,38.159311947,-85.763025934,0.122,7/1/2022 12:00:00 AM,1050,2,2,0,0,CLEAR,DRY,False,HEAD-ON COLLISION,HEAD ON,STRAIGHT & LEVEL,DAYLIGHT,,,7/11/2022 8:18:56 AM,False,2098,Accepted,
30263236,0568000,LOUISVILLE METRO POLICE DEPT,Accepted,JEFFERSON,,7198,JAN PLACE,ST,,,,,,,,38.166928663,-85.888377304,0.240,7/1/2022 12:00:00 AM,0821,1,1,0,0,CLEAR,DRY,True,OTHER ROADWAY OR MID-BLOCK COLLISION,SINGLE VEHICLE,STRAIGHT & LEVEL,DAYLIGHT,,,7/5/2022 8:39:32 AM,False,5170,Accepted,
30263179,0568000,LOUISVILLE METRO POLICE DEPT,Accepted,JEFFERSON,,,STONY BROOK,DR,,,ST GABRIEL,,,,,38.171731067,-85.603337120,0.074,7/1/2022 12:00:00 AM,1209,2,2,0,0,CLEAR,DRY,False,ANGLE COLLISION - OTHER,ANGLE,STRAIGHT & GRADE,DAYLIGHT,,,7/5/2022 8:35:08 AM,False,2321,Accepted,
30263196,0568000,LOUISVILLE METRO POLICE DEPT,Accepted,JEFFERSON,KY1932,,BRECKENRIDGE,LN,,,SIX MILE,,,,,38.197561079,-85.625177639,1.134,7/1/2022 12:00:00 AM,1134,1,1,0,0,CLEAR,DRY,False,COLLISION WITH FIXED OBJECT IN INTERSECTION - FIRST EVENT COLLISION 09 - 32,SINGLE VEHICLE,STRAIGHT & LEVEL,DAYLIGHT,,,7/5/2022 8:36:17 AM,False,5286,Accepted,
30263221,0568000,LOUISVILLE METRO POLICE DEPT,Accepted,JEFFERSON,,,PAGES,LN,E,,STANDING OAK,,,,,38.129848385,-85.846803205,0.062,7/1/2022 12:00:00 AM,2042,1,1,0,1,CLEAR,DRY,False,COLLISION WITH FIXED OBJECT IN INTERSECTION - FIRST EVENT COLLISION 09 - 32,SINGLE VEHICLE,CURVE & HILLCREST,DAYLIGHT,,,7/5/2022 8:38:28 AM,False,7295,Accepted,
30263169,0568000,LOUISVILLE METRO POLICE DEPT,Accepted,JEFFERSON,KY0155,,TAYLORSVILLE,RD,,KY1932,BRECKENRIDGE,,,,,38.220212157,-85.630470615,13.594,7/1/2022 12:00:00 AM,0604,3,3,0,1,CLEAR,DRY,False,OTHER INTERSECTION COLLISIONS,REAR END,STRAIGHT & LEVEL,DAWN,,,7/5/2022 8:33:56 AM,False,5332,Accepted,
30263187,0568000,LOUISVILLE METRO POLICE DEPT,Accepted,JEFFERSON,I 0064,,I64 E,,,,,,,,,38.227915432,-85.593357447,14.200,7/1/2022 12:00:00 AM,1357,1,1,0,1,CLEAR,DRY,False,OTHER COLLISIONS ON SHOULDER,SINGLE VEHICLE,STRAIGHT & LEVEL,DAYLIGHT,,,7/5/2022 8:35:54 AM,False,7316,Accepted,
30263204,0568000,LOUISVILLE METRO POLICE DEPT,Accepted,JEFFERSON,,,DRESDEN,AVE,,,WARREN,,,,,38.197054924,-85.777006437,0.320,7/1/2022 12:00:00 AM,0359,2,2,0,0,CLEAR,DRY,True,COLLISION WITH PARKED VEHICLE,HEAD ON,STRAIGHT & LEVEL,DARK (UNKNOWN ROADWAY LIGHTING),,,7/5/2022 8:37:06 AM,False,5436,Accepted,
30277555,0568000,LOUISVILLE METRO POLICE DEPT,Accepted,JEFFERSON,US0031W,,DIXIE,HWY,,,JOHNSONTOWN,,,,,38.121206012,-85.855690462,9.749,7/1/2022 12:00:00 AM,1038,2,2,0,0,CLEAR,DRY,False,SIDESWIPE-SAME DIRECTION,SIDESWIPE-SAME DIRECTION,STRAIGHT & LEVEL,DAYLIGHT,,,7/8/2022 8:17:13 AM,False,7306,Accepted,
30263225,0568000,LOUISVILLE METRO POLICE DEPT,Accepted,JEFFERSON,KY1932,,BRECKENRIDGE,LN,,,,,HIKES,,CHURCHILL PARK,38.216133559,-85.627369287,2.538,7/1/2022 12:00:00 AM,1835,2,2,0,1,CLEAR,DRY,False,HEAD-ON COLLISION,HEAD ON,STRAIGHT & LEVEL,DAYLIGHT,,,7/5/2022 8:38:53 AM,False,5286,Accepted,
30263175,0568000,LOUISVILLE METRO POLICE DEPT,Accepted,JEFFERSON,US0031E,6900,BARDSTOWN,RD,,,,,,,,38.146980044,-85.585797926,5.327,7/1/2022 12:00:00 AM,1030,2,2,0,0,CLEAR,DRY,False,1 VEHICLE PARKED POSITION (NOT PARKING LOT/DRIVEWAY),SIDESWIPE-OPPOSITE DIRECTION,STRAIGHT & LEVEL,DAYLIGHT,,,7/5/2022 8:34:50 AM,False,2321,Accepted,
30263182,0568000,LOUISVILLE METRO POLICE DEPT,Accepted,JEFFERSON,US0031E,,BARDSTOWN,RD,,,,,FAIRGROUND,,WIMSATT,38.162665802,-85.595589252,6.515,7/1/2022 12:00:00 AM,1400,2,2,0,2,CLEAR,DRY,False,HEAD-ON COLLISION,HEAD ON,STRAIGHT & LEVEL,DAYLIGHT,,,7/5/2022 8:35:21 AM,False,6878,Accepted,
30263185,0568000,LOUISVILLE METRO POLICE DEPT,Accepted,JEFFERSON,,,CLIFFWOOD,AVE,,,,,BAYLY,,CLIFFWOOD HILL,38.250689716,-85.690416057,0.021,7/1/2022 12:00:00 AM,1412,2,2,0,0,CLEAR,DRY,False,1 VEHICLE PARKED POSITION (NOT PARKING LOT/DRIVEWAY),SIDESWIPE-SAME DIRECTION,STRAIGHT & LEVEL,DAYLIGHT,,,7/5/2022 8:35:40 AM,False,5439,Accepted,
30263199,0568000,LOUISVILLE METRO POLICE DEPT,Accepted,JEFFERSON,,,GOLDSMITH,LN,,,TRAFALGAR,,,,,38.207645236,-85.670215765,0.969,7/1/2022 12:00:00 AM,1605,2,2,0,0,CLEAR,DRY,False,OTHER INTERSECTION COLLISIONS,REAR END,CURVE & LEVEL,DAYLIGHT,,,7/5/2022 8:36:31 AM,False,5415,Accepted,
30263208,0568000,LOUISVILLE METRO POLICE DEPT,Accepted,JEFFERSON,,,CHESTNUT,ST,W,KY1020,2ND,,,,,38.248596479,-85.754721083,2.537,7/1/2022 12:00:00 AM,1256,2,2,0,2,CLEAR,DRY,False,SIDESWIPE-SAME DIRECTION,SIDESWIPE-SAME DIRECTION,STRAIGHT & LEVEL,DAYLIGHT,,,7/5/2022 8:37:26 AM,False,5338,Accepted,
30263251,0568000,LOUISVILLE METRO POLICE DEPT,Accepted,JEFFERSON,,700,7TH,ST,N,US0031W,MAIN,,,,,38.257127872,-85.761529390,0.003,7/1/2022 12:00:00 AM,1910,2,1,0,1,CLEAR,DRY,False,COLLISION WITH PEDESTRIAN IN INTERSECTION,SINGLE VEHICLE,STRAIGHT & LEVEL,DAYLIGHT,,,7/5/2022 8:41:40 AM,False,5338,Accepted,
30263210,0568000,LOUISVILLE METRO POLICE DEPT,Accepted,JEFFERSON,,,3RD,ST,S,,,,,,,38.198557554,-85.765273867,0.139,7/1/2022 12:00:00 AM,2233,2,2,0,0,CLEAR,DRY,False,1 VEHICLE PARKED POSITION (NOT PARKING LOT/DRIVEWAY),SIDESWIPE-SAME DIRECTION,STRAIGHT & LEVEL,DARK-HWY LIGHTED/ON,,,7/5/2022 8:37:36 AM,False,5401,Accepted,
30260269,0564500,PROSPECT POLICE DEPARTMENT,Accepted,JEFFERSON,,,RIVER,RD,,,TIMBER RIDGE,,,,,38.340379670,-85.625372570,6.123,7/1/2022 12:00:00 AM,1828,2,2,0,0,CLOUDY,DRY,False,ANGLE COLLISION - OTHER,ANGLE,STRAIGHT & LEVEL,DAYLIGHT,,,7/4/2022 3:34:45 PM,False,1123,Accepted,
30263184,0568000,LOUISVILLE METRO POLICE DEPT,Accepted,JEFFERSON,,,26TH,ST,S,,CEDAR,,,,,38.256582631,-85.794101616,0.288,7/1/2022 12:00:00 AM,0846,2,2,0,1,CLEAR,DRY,False,ANGLE COLLISION - OTHER,ANGLE,STRAIGHT & LEVEL,DAYLIGHT,,,7/5/2022 8:35:35 AM,False,5251,Accepted,
30263193,0568000,LOUISVILLE METRO POLICE DEPT,Accepted,JEFFERSON,US0031E,,BARDSTOWN,RD,,,GLENMARY FARM,,,,,38.125357605,-85.574744595,3.705,7/1/2022 12:00:00 AM,1500,2,2,0,2,CLEAR,DRY,False,NON-COLLISION OBJECT COLLISION,ANGLE,STRAIGHT & LEVEL,DAYLIGHT,,,7/5/2022 8:36:08 AM,False,5423,Accepted,
30296011,0568000,LOUISVILLE METRO POLICE DEPT,Accepted,JEFFERSON,,,4TH,ST,S,,CENTRAL,,,,,38.205151688,-85.765611398,3.584,7/1/2022 12:00:00 AM,0903,3,3,0,0,CLEAR,DRY,False,ANGLE COLLISION - OTHER,ANGLE,STRAIGHT & LEVEL,DAYLIGHT,,,7/13/2022 8:24:04 AM,False,7495,Accepted,
30291699,0568000,LOUISVILLE METRO POLICE DEPT,Accepted,JEFFERSON,KY1747,3806,HURSTBOURNE,PKWY,S,,,,,,,38.195008218,-85.604062240,9.327,7/1/2022 12:00:00 AM,2215,2,1,1,0,CLEAR,DRY,False,COLLISION WITH PEDESTRIAN NON - INTERSECTION,SINGLE VEHICLE,STRAIGHT & LEVEL,DARK-HWY LIGHTED/ON,,,7/12/2022 8:05:19 AM,False,7720,Accepted,
30245487,0568000,LOUISVILLE METRO POLICE DEPT,Accepted,JEFFERSON,KY2052,7312,SHEPHERDSVILLE,RD,,,,,,,,38.143293696,-85.659690443,0.315,6/30/2022 12:00:00 AM,0059,1,1,0,0,CLEAR,DRY,False,COLLISION WITH FIXED OBJECT NON - INTERSECTION - FIRST EVENT COLLISION 09 - 32 EXCLUDING 16,SINGLE VEHICLE,CURVE & LEVEL,DARK-HWY LIGHTED/ON,,,6/30/2022 8:15:11 AM,False,7449,Accepted,
30287344,0568000,LOUISVILLE METRO POLICE DEPT,Accepted,JEFFERSON,,,LYTLE,ST,,US0150,22ND,,,,,38.267395075,-85.783058184,0.649,6/30/2022 12:00:00 AM,1905,1,1,0,0,CLEAR,DRY,True,COLLISION WITH FIXED OBJECT IN INTERSECTION - FIRST EVENT COLLISION 09 - 32,SINGLE VEHICLE,STRAIGHT & LEVEL,DAYLIGHT,,,7/11/2022 8:17:10 AM,False,5340,Accepted,
30250165,0568000,LOUISVILLE METRO POLICE DEPT,Accepted,JEFFERSON,I 0264,,I264 E,,,,,,,,,38.200967439,-85.694102165,14.213,6/30/2022 12:00:00 AM,1251,1,1,0,1,CLEAR,DRY,False,OTHER COLLISIONS ON SHOULDER,SINGLE VEHICLE,STRAIGHT & LEVEL,DAYLIGHT,,,7/1/2022 7:15:12 AM,False,7673,Accepted,
30250174,0568000,LOUISVILLE METRO POLICE DEPT,Accepted,JEFFERSON,,,INDIAN,TRL,E,,JEANINE,,,,,38.170695158,-85.688647629,0.994,6/30/2022 12:00:00 AM,1605,2,2,0,0,CLEAR,DRY,False,ANGLE COLLISION - OTHER,ANGLE,STRAIGHT & LEVEL,DAYLIGHT,,,7/1/2022 7:15:53 AM,False,7431,Accepted,
30250191,0568000,LOUISVILLE METRO POLICE DEPT,Accepted,JEFFERSON,,,BOWLES,AVE,,,,,,,,38.257638583,-85.725585495,0.169,6/30/2022 12:00:00 AM,2026,2,2,0,1,CLEAR,DRY,False,SIDESWIPE COLLISION - SAME DIRECTION,SIDESWIPE-SAME DIRECTION,STRAIGHT & LEVEL,DAYLIGHT,,,7/1/2022 7:16:58 AM,False,5356,Accepted,
30287310,0568000,LOUISVILLE METRO POLICE DEPT,Accepted,JEFFERSON,KY0061,,PRESTON,HWY,,I 0065,I264 W EXIT12 OFF RAMP TO,,,,,38.191481913,-85.727548930,8.289,6/30/2022 12:00:00 AM,1755,2,2,0,1,CLEAR,DRY,False,ANGLE COLLISION - OTHER,ANGLE,STRAIGHT & LEVEL,DAYLIGHT,,,7/11/2022 8:14:50 AM,False,7938,Accepted,
30263172,0568000,LOUISVILLE METRO POLICE DEPT,Accepted,JEFFERSON,I 0264,,,,,,,,,,,38.201932715,-85.686810146,0.061,6/30/2022 12:00:00 AM,0635,1,1,0,1,CLEAR,DRY,False,OVERTURNED ON RAMP,SINGLE VEHICLE,CURVE & GRADE,DAYLIGHT,KY1703,I 0264,7/5/2022 8:34:30 AM,False,7772,Accepted,
30271875,0561000,JEFFERSONTOWN POLICE DEPT,Accepted,JEFFERSON,I 0064,,I64 W,,,,,,,,,38.224008119,-85.544290959,16.760,6/30/2022 12:00:00 AM,1450,2,2,0,0,CLEAR,DRY,False,SIDESWIPE COLLISION - SAME DIRECTION,SIDESWIPE-SAME DIRECTION,STRAIGHT & LEVEL,DAYLIGHT,,,7/6/2022 11:23:01 PM,False,8292,Accepted,
30250192,0568000,LOUISVILLE METRO POLICE DEPT,Accepted,JEFFERSON,,6313,RIVER,RD,,,HARBORTOWN,,,,,38.322185568,-85.643946291,4.239,6/30/2022 12:00:00 AM,2209,2,2,0,0,CLEAR,DRY,False,COLLISION WITH PARKED VEHICLE,REAR TO REAR,STRAIGHT & LEVEL,DUSK,,,7/1/2022 7:17:03 AM,False,5030,Accepted,
30263309,0568000,LOUISVILLE METRO POLICE DEPT,Accepted,JEFFERSON,US0150,650,BROADWAY,,E,,,,,,,38.244086541,-85.727255181,4.071,6/30/2022 12:00:00 AM,2055,2,2,0,0,CLEAR,DRY,False,REAR END IN TRAFFIC LANES BOTH VEHICLES MOVING,REAR END,STRAIGHT & LEVEL,DAYLIGHT,,,7/5/2022 8:48:35 AM,False,5197,Accepted,
30250172,0568000,LOUISVILLE METRO POLICE DEPT,Accepted,JEFFERSON,US0031E,,BARDSTOWN,RD,,,LOWELL,,,,,38.220968291,-85.681518456,12.903,6/30/2022 12:00:00 AM,1630,2,2,0,0,CLEAR,DRY,False,ANGLE COLLISION - OTHER,ANGLE,STRAIGHT & LEVEL,DAYLIGHT,,,7/1/2022 7:15:43 AM,False,7793,Accepted,
30250168,0568000,LOUISVILLE METRO POLICE DEPT,Accepted,JEFFERSON,US0031E,,BARDSTOWN,RD,,,FAIRGROUND,,,,,38.163068909,-85.596150937,6.583,6/30/2022 12:00:00 AM,1427,2,2,0,1,CLEAR,DRY,False,OTHER INTERSECTION COLLISIONS,REAR END,STRAIGHT & LEVEL,DAYLIGHT,,,7/1/2022 7:15:27 AM,False,2017,Accepted,
30250177,0568000,LOUISVILLE METRO POLICE DEPT,Accepted,JEFFERSON,I 0065,,I65 SB,,,,,,,,,38.206659579,-85.748792620,132.402,6/30/2022 12:00:00 AM,1748,2,2,0,1,CLEAR,DRY,False,SIDESWIPE COLLISION - SAME DIRECTION,SIDESWIPE-SAME DIRECTION,STRAIGHT & LEVEL,DAYLIGHT,,,7/1/2022 7:16:04 AM,False,2217,Accepted,
30250185,0568000,LOUISVILLE METRO POLICE DEPT,Accepted,JEFFERSON,KY1931,,ST ANDREWS CHURCH,RD,,,ST ANDREWS CHURCH,,,,,38.143416151,-85.837776492,3.247,6/30/2022 12:00:00 AM,1808,2,2,0,0,CLEAR,DRY,False,ANGLE COLLISION - OTHER,ANGLE,STRAIGHT & LEVEL,DAYLIGHT,,,7/1/2022 7:16:30 AM,False,7205,Accepted,
30250171,0568000,LOUISVILLE METRO POLICE DEPT,Accepted,JEFFERSON,,2912,RIO RITA,AVE,,,,,,,,38.214787015,-85.652369569,0.501,6/30/2022 12:00:00 AM,0808,2,2,0,0,CLEAR,DRY,False,1 VEHICLE PARKED POSITION (NOT PARKING LOT/DRIVEWAY),SIDESWIPE-SAME DIRECTION,STRAIGHT & LEVEL,DAYLIGHT,,,7/1/2022 7:15:38 AM,False,5288,Accepted,
30250188,0568000,LOUISVILLE METRO POLICE DEPT,Accepted,JEFFERSON,,2400,LAKE,AVE,,,MELLWOOD,,,,,38.266859078,-85.704564815,0.143,6/30/2022 12:00:00 AM,2026,1,1,0,0,CLEAR,DRY,False,COLLISION WITH FIXED OBJECT IN INTERSECTION - FIRST EVENT COLLISION 09 - 32,SINGLE VEHICLE,STRAIGHT & GRADE,DAYLIGHT,,,7/1/2022 7:16:43 AM,False,5243,Accepted,
30250186,0568000,LOUISVILLE METRO POLICE DEPT,Accepted,JEFFERSON,US0031W,,2ND,ST,S,US0031E,MARKET,,,,,38.254878973,-85.753551370,22.036,6/30/2022 12:00:00 AM,1556,2,1,0,1,CLEAR,DRY,False,COLLISION WITH PEDESTRIAN IN INTERSECTION,SINGLE VEHICLE,STRAIGHT & LEVEL,DAYLIGHT,,,7/1/2022 7:16:34 AM,False,5374,Accepted,
30263306,0568000,LOUISVILLE METRO POLICE DEPT,Accepted,JEFFERSON,KY1934,,CANE RUN,RD,,,,,,,,38.190392570,-85.849252733,8.289,6/30/2022 12:00:00 AM,1700,2,2,0,0,CLEAR,DRY,True,REAR END IN TRAFFIC LANES BOTH VEHICLES MOVING,REAR END,STRAIGHT & LEVEL,DAYLIGHT,,,7/5/2022 8:48:03 AM,False,5181,Accepted,
30287339,0568000,LOUISVILLE METRO POLICE DEPT,Accepted,JEFFERSON,,13124,EASTPOINT PARK,BLVD,,,,,NELSON MILLER,,OBANNON STATION,38.279646294,-85.514906023,0.062,6/30/2022 12:00:00 AM,1100,2,2,0,0,CLEAR,DRY,True,COLLISION IN PARKING LOT,SIDESWIPE-SAME DIRECTION,STRAIGHT & LEVEL,DAYLIGHT,,,7/11/2022 8:17:00 AM,False,7086,Accepted,
30263318,0568000,LOUISVILLE METRO POLICE DEPT,Accepted,JEFFERSON,I 0264,,I264 W,,,,,I 0264,I264 W EXIT14 OFF RAMP TO KY864,I 0264,I264 W EXIT15 ON RAMP FROM KY1703,38.198854548,-85.702739491,13.724,6/30/2022 12:00:00 AM,0821,2,2,0,0,CLEAR,DRY,False,REAR END IN TRAFFIC LANES BOTH VEHICLES MOVING,REAR END,STRAIGHT & LEVEL,DAYLIGHT,,,7/5/2022 8:50:00 AM,False,7938,Accepted,
30268101,0568000,LOUISVILLE METRO POLICE DEPT,Accepted,JEFFERSON,KY0061,,PRESTON,HWY,,,BELMAR,,,,,38.194704487,-85.729662571,8.540,6/30/2022 12:00:00 AM,1504,2,2,0,0,CLEAR,DRY,False,ANGLE COLLISION - OTHER,ANGLE,STRAIGHT & LEVEL,DAYLIGHT,,,7/6/2022 8:07:28 AM,False,7938,Accepted,
30250175,0568000,LOUISVILLE METRO POLICE DEPT,Accepted,JEFFERSON,I 0065,,I65 N,,,,,,,,,38.238589547,-85.753044961,134.765,6/30/2022 12:00:00 AM,1541,2,2,0,0,CLEAR,DRY,False,SIDESWIPE COLLISION - SAME DIRECTION,SIDESWIPE-SAME DIRECTION,CURVE & LEVEL,DAYLIGHT,,,7/1/2022 7:15:57 AM,False,5301,Accepted,
30250181,0568000,LOUISVILLE METRO POLICE DEPT,Accepted,JEFFERSON,US0150,,BROADWAY,,W,,,,1ST,KY1020,2ND,38.245667438,-85.753940979,2.624,6/30/2022 12:00:00 AM,1330,2,2,0,1,CLEAR,DRY,True,1 VEHICLE ENTERING/LEAVING ENTRANCE,ANGLE,STRAIGHT & LEVEL,DAYLIGHT,,,7/1/2022 7:16:18 AM,False,6360,Accepted,
30250178,0568000,LOUISVILLE METRO POLICE DEPT,Accepted,JEFFERSON,,,GARLAND,AVE,,,,,,,,38.242609031,-85.776919412,0.539,6/30/2022 12:00:00 AM,1251,1,1,0,0,CLEAR,DRY,False,COLLISION WITH FIXED OBJECT NON - INTERSECTION - FIRST EVENT COLLISION 09 - 32 EXCLUDING 16,SINGLE VEHICLE,STRAIGHT & LEVEL,DAYLIGHT,,,7/1/2022 7:16:08 AM,False,5343,Accepted,
30250184,0568000,LOUISVILLE METRO POLICE DEPT,Accepted,JEFFERSON,,1801,ECHO,TRL,,,,,,,,38.208907081,-85.468988387,0.794,6/30/2022 12:00:00 AM,1849,2,2,0,0,CLEAR,DRY,False,1 VEHICLE ENTERING/LEAVING ENTRANCE,ANGLE,CURVE & LEVEL,DAYLIGHT,,,7/1/2022 7:16:25 AM,False,7984,Accepted,
30250187,0568000,LOUISVILLE METRO POLICE DEPT,Accepted,JEFFERSON,I 0264,,I264 E,,,,,,,,,38.201902674,-85.688550210,14.524,6/30/2022 12:00:00 AM,2034,3,3,0,1,CLEAR,DRY,False,SIDESWIPE COLLISION - SAME DIRECTION,SIDESWIPE-SAME DIRECTION,CURVE & LEVEL,DAYLIGHT,,,7/1/2022 7:16:38 AM,False,7049,Accepted,
30268119,0568000,LOUISVILLE METRO POLICE DEPT,Accepted,JEFFERSON,,3507,STONY BROOK,DR,,,,,,,,38.193254825,-85.592866332,1.720,6/30/2022 12:00:00 AM,1431,2,2,0,1,CLEAR,DRY,False,REAR END IN TRAFFIC LANES BOTH VEHICLES MOVING,REAR END,STRAIGHT & GRADE,DAYLIGHT,,,7/6/2022 8:08:21 AM,False,5276,Accepted,
30250182,0568000,LOUISVILLE METRO POLICE DEPT,Accepted,JEFFERSON,,,BLANTON,LN,,,,,,,,38.157378212,-85.832965737,0.055,6/30/2022 12:00:00 AM,1129,2,2,0,0,CLEAR,DRY,False,1 VEHICLE ENTERING/LEAVING ENTRANCE,ANGLE,STRAIGHT & LEVEL,DAYLIGHT,,,7/1/2022 7:16:21 AM,False,7234,Accepted,
30263168,0568000,LOUISVILLE METRO POLICE DEPT,Accepted,JEFFERSON,KY0864,,POPLAR LEVEL,RD,,,,,,,,38.191598583,-85.705281288,11.009,6/30/2022 12:00:00 AM,2356,1,0,0,1,CLEAR,DRY,False,OTHER ROADWAY OR MID-BLOCK COLLISION,SINGLE VEHICLE,STRAIGHT & LEVEL,DARK-HWY LIGHTED/ON,,,7/5/2022 8:33:51 AM,False,5317,Accepted,
30250193,0568000,LOUISVILLE METRO POLICE DEPT,Accepted,JEFFERSON,US0031W,,DIXIE,HWY,,US0031W,US31W RAMP FROM KY841,,,,,38.094279180,-85.874804340,7.625,6/30/2022 12:00:00 AM,2345,2,2,0,0,CLEAR,DRY,True,OTHER INTERSECTION COLLISIONS,REAR END,STRAIGHT & LEVEL,DARK-HWY LIGHTED/ON,,,7/1/2022 7:17:07 AM,False,5211,Accepted,
30250179,0568000,LOUISVILLE METRO POLICE DEPT,Accepted,JEFFERSON,,416,29TH,ST,N,,,,CLEVELAND,,GRIFFITHS,38.269088283,-85.796564834,0.426,6/30/2022 12:00:00 AM,1905,2,2,0,0,CLEAR,DRY,False,COLLISION IN PARKING LOT,ANGLE,STRAIGHT & LEVEL,DAYLIGHT,,,7/1/2022 7:16:11 AM,False,5021,Accepted,
30250176,0568000,LOUISVILLE METRO POLICE DEPT,Accepted,JEFFERSON,KY1727,,TERRY,RD,,,RIVER POINTE,,,,,38.150303124,-85.869898284,1.995,6/30/2022 12:00:00 AM,1445,1,1,0,1,CLEAR,DRY,False,COLLISION WITH FIXED OBJECT IN INTERSECTION - FIRST EVENT COLLISION 09 - 32,SINGLE VEHICLE,STRAIGHT & LEVEL,DAYLIGHT,,,7/1/2022 7:16:00 AM,False,7340,Accepted,
30250190,0568000,LOUISVILLE METRO POLICE DEPT,Accepted,JEFFERSON,KY0864,5176,POPLAR LEVEL,RD,,,,,,,,38.159852341,-85.666641167,7.840,6/30/2022 12:00:00 AM,2355,2,2,0,1,CLEAR,DRY,False,SIDESWIPE COLLISION - SAME DIRECTION,SIDESWIPE-SAME DIRECTION,STRAIGHT & LEVEL,DARK-HWY LIGHTED/ON,,,7/1/2022 7:16:54 AM,False,5427,Accepted,
30250173,0568000,LOUISVILLE METRO POLICE DEPT,Accepted,JEFFERSON,I 0265,,I265 W,,,,,I 0265,I265 W EXIT12 OFF RAMP TO KY61,I 0265,I265 W EXIT14 ON RAMP FROM  SMYRNA PKWY,38.113672864,-85.666443030,12.250,6/30/2022 12:00:00 AM,1442,1,1,0,0,CLEAR,DRY,False,OTHER COLLISIONS ON SHOULDER,SINGLE VEHICLE,STRAIGHT & LEVEL,DAYLIGHT,,,7/1/2022 7:15:48 AM,False,2324,Accepted,