IncidentID,AgencyORI,AgencyName,IncidentStatusDesc,County,RdwyNumber,Street,RoadwayName,StreetSfx,StreetDir,IntersectionRdwy,IntersectionRdwyName,BetweenStRdwy1,BetweenStRdwyName1,BetweenStRdwy2,BetweenStRdwyName2,Latitude,Longitude,Milepoint,CollisionDate,CollisionTime,UnitsInvolved,MotorVehiclesInvolved,NumberKilled,NumberInjured,Weather,RdwyConditionCode,HitandRun,DirAnalysisCode,MannerofCollision,RdwyCharacter,LightCondition,RampFromRdwyId,RampToRdwyId,AcceptedDate,IsSecondaryCollision,OwnerBadge,IncidentStatus,
30245478,0568000,LOUISVILLE METRO POLICE DEPT,Accepted,JEFFERSON,KY0864,,GOSS,AVE,,,MCHENRY,,,,,38.229051898,-85.738317699,14.276,6/29/2022 12:00:00 AM,1357,2,2,0,0,CLEAR,DRY,False,ANGLE COLLISION - OTHER,ANGLE,STRAIGHT & LEVEL,DAYLIGHT,,,6/30/2022 8:14:42 AM,False,7132,Accepted,
30240806,0568000,LOUISVILLE METRO POLICE DEPT,Accepted,JEFFERSON,,,FLOYD,ST,S,,ST CATHERINE,,,,,38.236474913,-85.751268790,1.338,6/29/2022 12:00:00 AM,0302,2,2,0,0,CLEAR,DRY,True,OTHER INTERSECTION COLLISIONS,REAR END,STRAIGHT & LEVEL,DARK-HWY LIGHTED/ON,,,6/29/2022 8:18:37 AM,False,5372,Accepted,
30245472,0568000,LOUISVILLE METRO POLICE DEPT,Accepted,JEFFERSON,KY0155,,TAYLORSVILLE,RD,,,,,WILLOWVIEW,,CHENOWETH RUN,38.188319341,-85.552219145,8.475,6/29/2022 12:00:00 AM,1556,3,3,0,0,CLEAR,DRY,True,REAR END IN TRAFFIC LANES BOTH VEHICLES MOVING,REAR END,STRAIGHT & GRADE,DAYLIGHT,,,6/30/2022 8:14:11 AM,False,2324,Accepted,
30245475,0568000,LOUISVILLE METRO POLICE DEPT,Accepted,JEFFERSON,KY0061,,PRESTON,HWY,,,GLEN ROSE,,,,,38.113960756,-85.675979117,2.126,6/29/2022 12:00:00 AM,1635,2,2,0,0,CLEAR,DRY,False,ANGLE COLLISION - OTHER,ANGLE,STRAIGHT & GRADE,DAYLIGHT,,,6/30/2022 8:14:27 AM,False,2506,Accepted,
30287309,0568000,LOUISVILLE METRO POLICE DEPT,Accepted,JEFFERSON,,,BURNETT,AVE,E,,,,CLAY,,BLAND,38.225430014,-85.744238464,0.690,6/29/2022 12:00:00 AM,1733,2,2,0,1,CLEAR,DRY,False,1 VEHICLE PARKED POSITION (NOT PARKING LOT/DRIVEWAY),SIDESWIPE-SAME DIRECTION,CURVE & LEVEL,DAYLIGHT,,,7/11/2022 8:14:46 AM,False,7132,Accepted,
30245483,0568000,LOUISVILLE METRO POLICE DEPT,Accepted,JEFFERSON,,,RIVER,RD,,,,,,,,38.266156690,-85.720821564,1.514,6/29/2022 12:00:00 AM,2304,2,2,0,0,CLEAR,DRY,False,1 VEHICLE PARKED POSITION (NOT PARKING LOT/DRIVEWAY),REAR END,STRAIGHT & LEVEL,DARK-HWY NOT LIGHTED,,,6/30/2022 8:15:01 AM,False,5356,Accepted,
30245477,0568000,LOUISVILLE METRO POLICE DEPT,Accepted,JEFFERSON,,700B,BURNETT,AVE,E,,,,CLAY,,BLAND,38.225439973,-85.744226587,0.690,6/29/2022 12:00:00 AM,1112,2,2,0,0,CLEAR,DRY,False,1 VEHICLE ENTERING/LEAVING ENTRANCE,ANGLE,STRAIGHT & LEVEL,DAYLIGHT,,,6/30/2022 8:14:37 AM,False,7132,Accepted,
30240808,0568000,LOUISVILLE METRO POLICE DEPT,Accepted,JEFFERSON,,,MUHAMMAD ALI,BLVD,W,KY1020,2ND,,,,,38.250775162,-85.754241228,0.090,6/29/2022 12:00:00 AM,0633,2,2,0,1,CLEAR,DRY,False,ANGLE COLLISION - OTHER,ANGLE,STRAIGHT & LEVEL,DAYLIGHT,,,6/29/2022 8:18:44 AM,False,7386,Accepted,
30263211,0568000,LOUISVILLE METRO POLICE DEPT,Accepted,JEFFERSON,US0060A,401,WINKLER,AVE,,,,,,,,38.210684226,-85.765079125,2.944,6/29/2022 12:00:00 AM,0230,2,1,0,1,CLEAR,DRY,True,COLLISION WITH PEDESTRIAN NON - INTERSECTION,SINGLE VEHICLE,STRAIGHT & LEVEL,DARK (UNKNOWN ROADWAY LIGHTING),,,7/5/2022 8:37:41 AM,False,5346,Accepted,
30250164,0568000,LOUISVILLE METRO POLICE DEPT,Accepted,JEFFERSON,KY0907,,3RD ST,RD,,,,,,,,38.118020322,-85.806032528,3.737,6/29/2022 12:00:00 AM,1626,3,3,0,0,CLEAR,DRY,False,REAR END IN TRAFFIC LANES BOTH VEHICLES MOVING,REAR END,STRAIGHT & LEVEL,DAYLIGHT,,,7/1/2022 7:15:08 AM,False,7234,Accepted,
30245480,0568000,LOUISVILLE METRO POLICE DEPT,Accepted,JEFFERSON,KY0864,,POPLAR LEVEL,RD,,,MASON DIXON,,,,,38.180191354,-85.693836656,9.988,6/29/2022 12:00:00 AM,1909,2,2,0,1,CLEAR,DRY,False,OPPOSING LEFT TURN,OPPOSING LEFT TURN,STRAIGHT & LEVEL,DAYLIGHT,,,6/30/2022 8:14:50 AM,False,5427,Accepted,
30245463,0568000,LOUISVILLE METRO POLICE DEPT,Accepted,JEFFERSON,KY0864,,POPLAR LEVEL,RD,,KY1747,FERN VALLEY,,,,,38.157837370,-85.645884000,6.605,6/29/2022 12:00:00 AM,0852,2,2,0,0,CLEAR,DRY,True,ANGLE COLLISION - ONE VEHICLE TURNING LEFT,ANGLE,STRAIGHT & LEVEL,DAYLIGHT,,,6/30/2022 8:13:36 AM,False,5101,Accepted,
30263173,0568000,LOUISVILLE METRO POLICE DEPT,Accepted,JEFFERSON,,,ASHLAND,AVE,W,KY1865,TAYLOR,,,,,38.186649120,-85.783813519,0.992,6/29/2022 12:00:00 AM,2316,3,3,0,1,CLEAR,DRY,False,OPPOSING LEFT TURN,OPPOSING LEFT TURN,STRAIGHT & LEVEL,DARK-HWY LIGHTED/ON,,,7/5/2022 8:34:35 AM,False,5420,Accepted,
30240799,0568000,LOUISVILLE METRO POLICE DEPT,Accepted,JEFFERSON,,,MARKET,ST,W,,,,,,,38.260096355,-85.799026810,0.691,6/29/2022 12:00:00 AM,0136,2,2,0,0,CLEAR,DRY,False,1 VEHICLE PARKED POSITION (NOT PARKING LOT/DRIVEWAY),SIDESWIPE-SAME DIRECTION,STRAIGHT & LEVEL,DARK-HWY LIGHTED/ON,,,6/29/2022 8:18:15 AM,False,5414,Accepted,
30240805,0568000,LOUISVILLE METRO POLICE DEPT,Accepted,JEFFERSON,US0031W,,DIXIE,HWY,,,,,,,,38.094948515,-85.874309837,7.670,6/29/2022 12:00:00 AM,0521,2,2,0,3,CLEAR,DRY,False,OTHER ROADWAY OR MID-BLOCK COLLISION,OPPOSING LEFT TURN,STRAIGHT & LEVEL,DARK-HWY LIGHTED/ON,,,6/29/2022 8:18:32 AM,False,7295,Accepted,
30245469,0568000,LOUISVILLE METRO POLICE DEPT,Accepted,JEFFERSON,,16006,AIKEN,RD,,,,,,,,38.266193544,-85.470525416,3.545,6/29/2022 12:00:00 AM,0851,2,2,0,4,CLEAR,DRY,False,OTHER ROADWAY OR MID-BLOCK COLLISION,OPPOSING LEFT TURN,STRAIGHT & LEVEL,DAYLIGHT,,,6/30/2022 8:13:55 AM,False,7316,Accepted,
30250167,0568000,LOUISVILLE METRO POLICE DEPT,Accepted,JEFFERSON,KY0061,,PRESTON,HWY,,,VIM,,,,,38.172085752,-85.710046130,6.636,6/29/2022 12:00:00 AM,1225,1,1,0,1,CLEAR,DRY,False,NON-COLLISION OBJECT COLLISION,SINGLE VEHICLE,STRAIGHT & LEVEL,DAYLIGHT,,,7/1/2022 7:15:22 AM,False,7431,Accepted,
30296022,0568000,LOUISVILLE METRO POLICE DEPT,Accepted,JEFFERSON,,,RUSTIC,WAY,,,RANGELAND,,,,,38.166367571,-85.671591940,0.001,6/29/2022 12:00:00 AM,2000,2,2,0,0,CLEAR,DRY,False,HEAD-ON COLLISION,HEAD ON,STRAIGHT & LEVEL,DARK-HWY LIGHTED/ON,,,7/13/2022 8:25:12 AM,False,5024,Accepted,
30263288,0568000,LOUISVILLE METRO POLICE DEPT,Accepted,JEFFERSON,KY0061,,PRESTON,HWY,,,INDIAN,,,,,38.169681212,-85.707533469,6.421,6/29/2022 12:00:00 AM,1033,3,3,0,2,CLEAR,DRY,False,ANGLE COLLISION - OTHER,ANGLE,STRAIGHT & LEVEL,DAYLIGHT,,,7/5/2022 8:46:37 AM,False,7938,Accepted,
30245474,0568000,LOUISVILLE METRO POLICE DEPT,Accepted,JEFFERSON,,5022,3RD,ST,S,,,,,,,38.173999640,-85.767556179,1.714,6/29/2022 12:00:00 AM,1402,2,2,0,1,CLEAR,DRY,False,REAR END IN TRAFFIC LANES BOTH VEHICLES MOVING,REAR END,STRAIGHT & LEVEL,DAYLIGHT,,,6/30/2022 8:14:21 AM,False,5438,Accepted,
30245482,0568000,LOUISVILLE METRO POLICE DEPT,Accepted,JEFFERSON,,,HILL,ST,W,,7TH,,,,,38.226801109,-85.769014225,0.659,6/29/2022 12:00:00 AM,2148,2,2,0,1,CLEAR,DRY,False,OTHER INTERSECTION COLLISIONS,REAR END,STRAIGHT & LEVEL,DARK-HWY LIGHTED/ON,,,6/30/2022 8:14:57 AM,False,5449,Accepted,
30250160,0568000,LOUISVILLE METRO POLICE DEPT,Accepted,JEFFERSON,,,1ST,ST,S,,MUHAMMAD ALI,,,,,38.250618019,-85.752578789,0.379,6/29/2022 12:00:00 AM,2040,2,2,0,0,CLEAR,DRY,False,ANGLE COLLISION - OTHER,ANGLE,STRAIGHT & LEVEL,DAYLIGHT,,,7/1/2022 7:14:49 AM,False,5385,Accepted,
30245485,0568000,LOUISVILLE METRO POLICE DEPT,Accepted,JEFFERSON,KY0907,,VALLEY STATION,RD,,,GRAFTON HALL,,,,,38.105445346,-85.855891909,0.632,6/29/2022 12:00:00 AM,2225,2,2,0,1,CLEAR,DRY,False,ANGLE COLLISION - OTHER,ANGLE,STRAIGHT & LEVEL,DARK-HWY LIGHTED/ON,,,6/30/2022 8:15:07 AM,False,5136,Accepted,
30245476,0568000,LOUISVILLE METRO POLICE DEPT,Accepted,JEFFERSON,I 0065,,I65 S,,,I 0065,I65 S EXIT127 OFF RAMP TO KY1065,,,,,38.146131169,-85.712115741,127.415,6/29/2022 12:00:00 AM,1845,2,2,0,1,CLEAR,DRY,False,OTHER INTERSECTION COLLISIONS,REAR END,STRAIGHT & LEVEL,DAYLIGHT,,,6/30/2022 8:14:32 AM,False,5040,Accepted,
30250180,0568000,LOUISVILLE METRO POLICE DEPT,Accepted,JEFFERSON,US0031E,,MAIN,ST,E,,FLOYD,,,,,38.255800033,-85.747971170,17.577,6/29/2022 12:00:00 AM,0830,2,2,0,0,CLEAR,DRY,False,COLLISION WITH PARKED VEHICLE,ANGLE,STRAIGHT & LEVEL,DAYLIGHT,,,7/1/2022 7:16:14 AM,False,6360,Accepted,
30250163,0568000,LOUISVILLE METRO POLICE DEPT,Accepted,JEFFERSON,KY0841,,,,,,,,,,,38.118871533,-85.746669195,0.286,6/29/2022 12:00:00 AM,1327,3,3,0,0,CLEAR,DRY,False,REAR END IN TRAFFIC LANES BOTH VEHICLES MOVING,REAR END,STRAIGHT & GRADE,DAYLIGHT,KY0841,KY1020,7/1/2022 7:15:02 AM,False,7234,Accepted,
30240804,0568000,LOUISVILLE METRO POLICE DEPT,Accepted,JEFFERSON,,2412,ROWAN,ST,,,,,,,,38.261713378,-85.789864282,1.174,6/29/2022 12:00:00 AM,0400,2,2,0,1,CLEAR,DRY,False,1 VEHICLE PARKED POSITION (NOT PARKING LOT/DRIVEWAY),REAR END,STRAIGHT & LEVEL,DARK-HWY LIGHTED/ON,,,6/29/2022 8:18:27 AM,False,5397,Accepted,
30263285,0568000,LOUISVILLE METRO POLICE DEPT,Accepted,JEFFERSON,,10851,SOUTHGATE MANOR,DR,,,,,,,,38.089535392,-85.672131171,0.127,6/29/2022 12:00:00 AM,1909,5,5,0,0,CLEAR,DRY,True,COLLISION IN PARKING LOT,HEAD ON,,DAYLIGHT,,,7/5/2022 8:45:54 AM,False,5223,Accepted,
30245488,0568000,LOUISVILLE METRO POLICE DEPT,Accepted,JEFFERSON,KY2054,,ALGONQUIN,PKWY,,,DIXIE,,,,,38.223290666,-85.792485155,1.632,6/29/2022 12:00:00 AM,2208,2,2,0,1,CLEAR,DRY,False,ANGLE COLLISION - OTHER,ANGLE,STRAIGHT & LEVEL,DARK-HWY LIGHTED/ON,,,6/30/2022 8:15:17 AM,False,5412,Accepted,
30245471,0568000,LOUISVILLE METRO POLICE DEPT,Accepted,JEFFERSON,KY0061,,PRESTON,HWY,,,,KY1450,BLUE LICK,,SERENITY HOPE,38.132603045,-85.683480282,3.528,6/29/2022 12:00:00 AM,1433,2,2,0,0,CLEAR,DRY,False,1 VEHICLE ENTERING/LEAVING ENTRANCE,ANGLE,STRAIGHT & LEVEL,DAYLIGHT,,,6/30/2022 8:14:07 AM,False,2324,Accepted,
30263207,0568000,LOUISVILLE METRO POLICE DEPT,Accepted,JEFFERSON,,,7TH,ST,S,,INDUSTRY,,,,,38.221118181,-85.775736237,0.114,6/29/2022 12:00:00 AM,0415,2,2,0,0,CLEAR,DRY,False,SIDESWIPE-SAME DIRECTION,SIDESWIPE-SAME DIRECTION,STRAIGHT & LEVEL,DARK-HWY LIGHTED/ON,,,7/5/2022 8:37:19 AM,False,5379,Accepted,
30245473,0568000,LOUISVILLE METRO POLICE DEPT,Accepted,JEFFERSON,I 0064,,I64 W,,,,,,,,,38.222356954,-85.490267053,19.756,6/29/2022 12:00:00 AM,1718,1,1,0,0,CLEAR,DRY,False,COLLISION WITH FIXED OBJECT NON - INTERSECTION - FIRST EVENT COLLISION 09 - 32 EXCLUDING 16,SINGLE VEHICLE,STRAIGHT & GRADE,DAYLIGHT,,,6/30/2022 8:14:16 AM,False,2308,Accepted,
30245479,0568000,LOUISVILLE METRO POLICE DEPT,Accepted,JEFFERSON,I 0071,,I71 S,,,,,I 0071,I71 S EXIT5 RAMP TO I264 W,I 0071,I71 TURN AROUND6,38.292225870,-85.639730534,5.493,6/29/2022 12:00:00 AM,1943,2,2,0,0,CLEAR,DRY,False,SIDESWIPE COLLISION - SAME DIRECTION,SIDESWIPE-SAME DIRECTION,STRAIGHT & LEVEL,DAYLIGHT,,,6/30/2022 8:14:46 AM,False,7105,Accepted,
30245470,0568000,LOUISVILLE METRO POLICE DEPT,Accepted,JEFFERSON,,,JEFFERSON,ST,W,,18TH,,,,,38.256431503,-85.780177487,1.544,6/29/2022 12:00:00 AM,1420,2,2,0,1,CLEAR,DRY,True,OTHER INTERSECTION COLLISIONS,REAR END,STRAIGHT & LEVEL,DAYLIGHT,,,6/30/2022 8:14:01 AM,False,5331,Accepted,
30240795,0568000,LOUISVILLE METRO POLICE DEPT,Accepted,JEFFERSON,KY2051,,CAMP GROUND,RD,,,WILMOTH,,,,,38.192275603,-85.868377885,3.023,6/28/2022 12:00:00 AM,1806,3,3,0,0,CLEAR,DRY,False,SIDESWIPE-SAME DIRECTION,SIDESWIPE-SAME DIRECTION,STRAIGHT & GRADE,DAYLIGHT,,,6/29/2022 8:17:59 AM,False,7381,Accepted,
30240807,0568000,LOUISVILLE METRO POLICE DEPT,Accepted,JEFFERSON,KY0841,,GENE SNYDER,FWY,,,,,,,,38.095273035,-85.832350952,2.523,6/28/2022 12:00:00 AM,2314,1,1,0,1,CLEAR,DRY,False,OTHER ROADWAY OR MID-BLOCK COLLISION,SINGLE VEHICLE,STRAIGHT & LEVEL,DARK-HWY LIGHTED/ON,,,6/29/2022 8:18:40 AM,False,5266,Accepted,
30240790,0568000,LOUISVILLE METRO POLICE DEPT,Accepted,JEFFERSON,,,DENNY CRUM OVERPASS,,,,2ND,,,,,38.204504397,-85.763148724,0.040,6/28/2022 12:00:00 AM,1408,2,2,0,0,CLEAR,DRY,False,SIDESWIPE-SAME DIRECTION,SIDESWIPE-SAME DIRECTION,STRAIGHT & GRADE,DAYLIGHT,,,6/29/2022 8:17:35 AM,False,7251,Accepted,
30240796,0568000,LOUISVILLE METRO POLICE DEPT,Accepted,JEFFERSON,US0060,,SHELBYVILLE,RD,,,,,,,,38.248957459,-85.608494981,6.127,6/28/2022 12:00:00 AM,1929,2,2,0,1,CLEAR,DRY,False,1 VEHICLE ENTERING/LEAVING ENTRANCE,ANGLE,STRAIGHT & LEVEL,DAYLIGHT,,,6/29/2022 8:18:03 AM,False,7096,Accepted,
30240774,0568000,LOUISVILLE METRO POLICE DEPT,Accepted,JEFFERSON,,6900,GLENDALE,RD,,,,,,,,38.147673325,-85.606446521,0.250,6/28/2022 12:00:00 AM,0810,1,1,0,0,CLEAR,DRY,False,COLLISION WITH FIXED OBJECT NON - INTERSECTION - FIRST EVENT COLLISION 09 - 32 EXCLUDING 16,SINGLE VEHICLE,STRAIGHT & LEVEL,DAYLIGHT,,,6/29/2022 8:16:25 AM,False,2959,Accepted,
30240781,0568000,LOUISVILLE METRO POLICE DEPT,Accepted,JEFFERSON,I 0065,,,,,,,,,,,38.190860202,-85.728824451,0.405,6/28/2022 12:00:00 AM,1230,2,2,0,0,CLEAR,DRY,False,OTHER RAMP RELATED COLLISIONS NOT LISTED ABOVE,REAR END,STRAIGHT & LEVEL,DAYLIGHT,I 0264,I 0065,6/29/2022 8:16:52 AM,False,4903,Accepted,
30263183,0568000,LOUISVILLE METRO POLICE DEPT,Accepted,JEFFERSON,,,JEFFERSON,ST,W,,,,16TH,,GRAVES END,38.256018306,-85.776588811,1.348,6/28/2022 12:00:00 AM,0825,2,2,0,0,CLOUDY,DRY,False,SIDESWIPE COLLISION - OPPOSITE DIRECTION,SIDESWIPE-OPPOSITE DIRECTION,STRAIGHT & LEVEL,DAYLIGHT,,,7/5/2022 8:35:30 AM,False,5251,Accepted,
30240778,0568000,LOUISVILLE METRO POLICE DEPT,Accepted,JEFFERSON,,,PARK,RD,S,,AIR COMMERCE DR CONN,,,,,38.115807895,-85.720097219,2.560,6/28/2022 12:00:00 AM,0731,1,1,0,0,CLEAR,DRY,True,COLLISION WITH FIXED OBJECT IN INTERSECTION - FIRST EVENT COLLISION 09 - 32,SINGLE VEHICLE,STRAIGHT & HILLCREST,DAYLIGHT,,,6/29/2022 8:16:40 AM,False,2017,Accepted,
30236192,0568000,LOUISVILLE METRO POLICE DEPT,Accepted,JEFFERSON,,,29TH,ST,S,,MADISON,,,,,38.254765229,-85.799029095,0.209,6/28/2022 12:00:00 AM,0039,1,1,0,2,CLEAR,DRY,False,COLLISION WITH FIXED OBJECT IN INTERSECTION - FIRST EVENT COLLISION 09 - 32,SINGLE VEHICLE,STRAIGHT & LEVEL,DARK-HWY LIGHTED/ON,,,6/28/2022 8:09:09 AM,False,5421,Accepted,
30250161,0568000,LOUISVILLE METRO POLICE DEPT,Accepted,JEFFERSON,,,AMPHITHEATER,RD,,,,,RUNDILL,,GOLF,38.159297104,-85.779852770,0.151,6/28/2022 12:00:00 AM,1828,2,2,0,0,CLEAR,DRY,False,COLLISION IN PARKING LOT,ANGLE,STRAIGHT & LEVEL,DAYLIGHT,,,7/1/2022 7:14:53 AM,False,7232,Accepted,
30240794,0568000,LOUISVILLE METRO POLICE DEPT,Accepted,JEFFERSON,,,7TH,ST,S,,SHIPP,,,,,38.226223547,-85.769297936,0.615,6/28/2022 12:00:00 AM,1631,2,2,0,0,CLEAR,DRY,False,REAR END - ONE VEHICLE TURNING LEFT,REAR END,CURVE & LEVEL,DAYLIGHT,,,6/29/2022 8:17:55 AM,False,7360,Accepted,
30240803,0568000,LOUISVILLE METRO POLICE DEPT,Accepted,JEFFERSON,KY1065,,OUTER,LOOP,,,GRADE,,,,,38.129398781,-85.739338156,3.067,6/28/2022 12:00:00 AM,0450,2,2,0,1,CLEAR,DRY,False,OTHER INTERSECTION COLLISIONS,REAR END,STRAIGHT & GRADE,DARK-HWY NOT LIGHTED,,,6/29/2022 8:18:22 AM,False,5314,Accepted,
30245481,0568000,LOUISVILLE METRO POLICE DEPT,Accepted,JEFFERSON,KY0061,8215,PRESTON,HWY,,,,,,,,38.132851045,-85.683659486,3.548,6/28/2022 12:00:00 AM,1820,2,2,0,0,CLEAR,DRY,False,1 VEHICLE ENTERING/LEAVING ENTRANCE,ANGLE,STRAIGHT & LEVEL,DAYLIGHT,,,6/30/2022 8:14:54 AM,False,7376,Accepted,
30263174,0568000,LOUISVILLE METRO POLICE DEPT,Accepted,JEFFERSON,KY1747,,FERN VALLEY,RD,,,JEFFERSON,,,,,38.156907902,-85.671279289,3.315,6/28/2022 12:00:00 AM,0845,2,2,0,1,CLOUDY,DRY,False,OTHER INTERSECTION COLLISIONS,REAR END,STRAIGHT & LEVEL,DAYLIGHT,,,7/5/2022 8:34:42 AM,False,2583,Accepted,
30240797,0568000,LOUISVILLE METRO POLICE DEPT,Accepted,JEFFERSON,KY1065,,OUTER,LOOP,,I 0065,I65 S EXIT127 OFF RAMP TO KY1065,,,,,38.136977278,-85.707500772,4.890,6/28/2022 12:00:00 AM,2220,1,1,0,1,CLEAR,DRY,False,NON-COLLISION OBJECT COLLISION,SINGLE VEHICLE,STRAIGHT & LEVEL,DARK-HWY LIGHTED/ON,,,6/29/2022 8:18:06 AM,False,5443,Accepted,
30236187,0568000,LOUISVILLE METRO POLICE DEPT,Accepted,JEFFERSON,KY1865,,TAYLOR,BLVD,,,BLUEGRASS,,,,,38.179633850,-85.783263406,5.028,6/27/2022 12:00:00 AM,1925,2,2,0,0,CLEAR,DRY,True,OTHER INTERSECTION COLLISIONS,REAR END,STRAIGHT & LEVEL,DAYLIGHT,,,6/28/2022 8:08:56 AM,False,5245,Accepted,
30240779,0568000,LOUISVILLE METRO POLICE DEPT,Accepted,JEFFERSON,US0031W,,DIXIE,HWY,,,ST PAULS CHURCH,,,,,38.150642201,-85.836862469,12.055,6/27/2022 12:00:00 AM,1640,2,2,0,0,CLEAR,DRY,True,OTHER INTERSECTION COLLISIONS,REAR END,STRAIGHT & LEVEL,DAYLIGHT,,,6/29/2022 8:16:44 AM,False,7365,Accepted,
30263195,0568000,LOUISVILLE METRO POLICE DEPT,Accepted,JEFFERSON,,,PARALEE,DR,,US0031W,DIXIE,,,,,38.133091063,-85.845943399,0.003,6/27/2022 12:00:00 AM,0704,2,2,0,0,CLEAR,DRY,False,OTHER INTERSECTION COLLISIONS,REAR END,STRAIGHT & GRADE,DAYLIGHT,,,7/5/2022 8:36:13 AM,False,2457,Accepted,
30329282,0568000,LOUISVILLE METRO POLICE DEPT,Accepted,JEFFERSON,US0031W,,,,,,,,US31W RAMP FROM KY841,,US31W,38.093280540,-85.874155931,0.248,6/27/2022 12:00:00 AM,1659,2,1,1,0,CLEAR,DRY,False,COLLISION WITH BICYCLIST NON INTERSECTION,SINGLE VEHICLE,CURVE & LEVEL,DAYLIGHT,,,7/21/2022 8:09:11 AM,False,2217,Accepted,
30236181,0568000,LOUISVILLE METRO POLICE DEPT,Accepted,JEFFERSON,I 0065,,I65 S,,,,,,,,,38.239403082,-85.753315142,134.782,6/27/2022 12:00:00 AM,1706,2,2,0,0,CLEAR,DRY,False,REAR END IN TRAFFIC LANES BOTH VEHICLES MOVING,REAR END,STRAIGHT & LEVEL,DAYLIGHT,,,6/28/2022 8:08:22 AM,False,5213,Accepted,
30240776,0568000,LOUISVILLE METRO POLICE DEPT,Accepted,JEFFERSON,I 0264,,I264 W,,,,,,,,,38.206904877,-85.678262870,15.187,6/27/2022 12:00:00 AM,1722,3,3,0,3,CLEAR,DRY,False,REAR END IN TRAFFIC LANES BOTH VEHICLES MOVING,REAR END,STRAIGHT & LEVEL,DAYLIGHT,,,6/29/2022 8:16:32 AM,False,7403,Accepted,
30236166,0568000,LOUISVILLE METRO POLICE DEPT,Accepted,JEFFERSON,,2911,LANDING,DR,,,,,,,,38.184041435,-85.643233857,0.077,6/27/2022 12:00:00 AM,0949,2,2,0,0,CLEAR,DRY,True,COLLISION IN PARKING LOT,ANGLE,STRAIGHT & LEVEL,UNKNOWN,,,6/28/2022 8:07:14 AM,False,5305,Accepted,
30236184,0568000,LOUISVILLE METRO POLICE DEPT,Accepted,JEFFERSON,,8100,ARNOLDTOWN,RD,,,,,,,,38.141730984,-85.822047810,0.413,6/27/2022 12:00:00 AM,1646,2,2,0,0,CLEAR,DRY,False,1 VEHICLE ENTERING/LEAVING ENTRANCE,ANGLE,STRAIGHT & GRADE,DAYLIGHT,,,6/28/2022 8:08:36 AM,False,7234,Accepted,
30240786,0568000,LOUISVILLE METRO POLICE DEPT,Accepted,JEFFERSON,US0150,,BROADWAY,,E,,HANCOCK,,,,,38.244991042,-85.743563700,3.188,6/27/2022 12:00:00 AM,0720,2,2,0,0,CLEAR,DRY,False,SIDESWIPE-SAME DIRECTION,SIDESWIPE-SAME DIRECTION,STRAIGHT & LEVEL,DAYLIGHT,,,6/29/2022 8:17:12 AM,False,5354,Accepted,
30277582,0568000,LOUISVILLE METRO POLICE DEPT,Accepted,JEFFERSON,KY0841,,GENE SNYDER,FWY,,,,,,,,38.117411370,-85.759952350,7.001,6/27/2022 12:00:00 AM,2015,1,1,1,0,CLEAR,DRY,False,COLLISION WITH FIXED OBJECT NON - INTERSECTION - FIRST EVENT COLLISION 09 - 32 EXCLUDING 16,SINGLE VEHICLE,STRAIGHT & LEVEL,DAYLIGHT,,,7/8/2022 8:19:09 AM,False,2142,Accepted,
30236169,0568000,LOUISVILLE METRO POLICE DEPT,Accepted,JEFFERSON,KY0061,,PRESTON,HWY,,,,KY1065,OUTER,,OKOLONA,38.138319900,-85.686786061,3.951,6/27/2022 12:00:00 AM,1053,2,2,0,0,CLEAR,DRY,False,SIDESWIPE COLLISION - SAME DIRECTION,SIDESWIPE-SAME DIRECTION,STRAIGHT & LEVEL,DAYLIGHT,,,6/28/2022 8:07:26 AM,False,2324,Accepted,
30250195,0568000,LOUISVILLE METRO POLICE DEPT,Accepted,JEFFERSON,,,LOWER HUNTERS,TRCE,,,,,,,,38.156171921,-85.835050006,0.031,6/27/2022 12:00:00 AM,1124,2,2,0,0,CLEAR,DRY,False,REAR END IN TRAFFIC LANES BOTH VEHICLES MOVING,REAR END,STRAIGHT & LEVEL,DAYLIGHT,,,7/1/2022 7:17:19 AM,False,5170,Accepted,
30240791,0568000,LOUISVILLE METRO POLICE DEPT,Accepted,JEFFERSON,,,LOWER HUNTERS,TRCE,,,REE,,,,,38.163992746,-85.860364314,1.536,6/27/2022 12:00:00 AM,2048,3,3,0,1,CLEAR,DRY,True,HEAD-ON COLLISION,HEAD ON,STRAIGHT & LEVEL,DAYLIGHT,,,6/29/2022 8:17:39 AM,True,5110,Accepted,
30236174,0568000,LOUISVILLE METRO POLICE DEPT,Accepted,JEFFERSON,,,25TH,ST,N,,,,,,,38.267207477,-85.789138183,0.283,6/27/2022 12:00:00 AM,1335,2,2,0,0,CLEAR,DRY,True,SIDESWIPE COLLISION - SAME DIRECTION,SIDESWIPE-SAME DIRECTION,STRAIGHT & LEVEL,DAYLIGHT,,,6/28/2022 8:07:57 AM,False,5148,Accepted,
30236189,0568000,LOUISVILLE METRO POLICE DEPT,Accepted,JEFFERSON,KY1747,,HURSTBOURNE,PKWY,,US0031E,BARDSTOWN,,,,,38.168798151,-85.605308825,7.470,6/27/2022 12:00:00 AM,2118,2,2,0,0,CLEAR,DRY,False,SIDESWIPE-SAME DIRECTION,SIDESWIPE-SAME DIRECTION,STRAIGHT & LEVEL,DAYLIGHT,,,6/28/2022 8:09:02 AM,False,5300,Accepted,