IncidentID,AgencyORI,AgencyName,IncidentStatusDesc,County,RdwyNumber,Street,RoadwayName,StreetSfx,StreetDir,IntersectionRdwy,IntersectionRdwyName,BetweenStRdwy1,BetweenStRdwyName1,BetweenStRdwy2,BetweenStRdwyName2,Latitude,Longitude,Milepoint,CollisionDate,CollisionTime,UnitsInvolved,MotorVehiclesInvolved,NumberKilled,NumberInjured,Weather,RdwyConditionCode,HitandRun,DirAnalysisCode,MannerofCollision,RdwyCharacter,LightCondition,RampFromRdwyId,RampToRdwyId,AcceptedDate,IsSecondaryCollision,OwnerBadge,IncidentStatus,
30231806,0568000,LOUISVILLE METRO POLICE DEPT,Accepted,JEFFERSON,I 0065,,,,,,,,,,,38.139038496,-85.708848787,0.554,6/27/2022 12:00:00 AM,0111,2,2,0,0,CLEAR,DRY,False,OTHER RAMP RELATED COLLISIONS NOT LISTED ABOVE,ANGLE,STRAIGHT & LEVEL,DARK-HWY LIGHTED/ON,KY1065,I 0065,6/27/2022 8:30:11 AM,False,7100,Accepted,
30231824,0568000,LOUISVILLE METRO POLICE DEPT,Accepted,JEFFERSON,KY2845,,MANSLICK,RD,E,,GLEN ROSE,,,,,38.117975130,-85.663506494,0.937,6/27/2022 12:00:00 AM,0526,1,1,0,0,CLEAR,WET,False,COLLISION WITH FIXED OBJECT IN INTERSECTION - FIRST EVENT COLLISION 09 - 32,SINGLE VEHICLE,STRAIGHT & LEVEL,DARK-HWY NOT LIGHTED,,,6/27/2022 8:31:31 AM,False,5040,Accepted,
30236183,0568000,LOUISVILLE METRO POLICE DEPT,Accepted,JEFFERSON,,5305,VALKYRIE,WAY,,,,,,,,38.106551486,-85.858508444,0.042,6/27/2022 12:00:00 AM,1549,2,2,0,0,CLEAR,DRY,False,1 VEHICLE PARKED POSITION (NOT PARKING LOT/DRIVEWAY),ANGLE,STRAIGHT & LEVEL,DAYLIGHT,,,6/28/2022 8:08:31 AM,False,7234,Accepted,
30240788,0568000,LOUISVILLE METRO POLICE DEPT,Accepted,JEFFERSON,,,BRECKINRIDGE,ST,W,,5TH,,,,,38.242061028,-85.760570468,0.353,6/27/2022 12:00:00 AM,1056,2,2,0,0,CLEAR,DRY,False,OTHER INTERSECTION COLLISIONS,REAR END,STRAIGHT & LEVEL,DAYLIGHT,,,6/29/2022 8:17:22 AM,False,7619,Accepted,
30236186,0568000,LOUISVILLE METRO POLICE DEPT,Accepted,JEFFERSON,KY1931,,GREENWOOD,RD,,,LUCILLE,,,,,38.143757919,-85.845306314,2.831,6/27/2022 12:00:00 AM,2127,2,2,0,0,CLEAR,DRY,False,ANGLE COLLISION - OTHER,ANGLE,STRAIGHT & LEVEL,DUSK,,,6/28/2022 8:08:50 AM,False,5121,Accepted,
30236180,0568000,LOUISVILLE METRO POLICE DEPT,Accepted,JEFFERSON,,,BRECKINRIDGE,ST,E,,,,,,,38.241378171,-85.754124576,1.599,6/27/2022 12:00:00 AM,1410,2,2,0,0,CLEAR,DRY,False,1 VEHICLE ENTERING/LEAVING ENTRANCE,ANGLE,STRAIGHT & LEVEL,DAYLIGHT,,,6/28/2022 8:08:19 AM,False,5213,Accepted,
30240793,0568000,LOUISVILLE METRO POLICE DEPT,Accepted,JEFFERSON,KY2054,,ALGONQUIN,PKWY,,,,,,,,38.210873204,-85.769614131,3.298,6/27/2022 12:00:00 AM,1935,2,2,0,0,CLEAR,DRY,False,1 VEHICLE ENTERING/LEAVING ENTRANCE,ANGLE,STRAIGHT & LEVEL,DAYLIGHT,,,6/29/2022 8:17:51 AM,False,5436,Accepted,
30263202,0568000,LOUISVILLE METRO POLICE DEPT,Accepted,JEFFERSON,,,BROADWAY,,W,,,,23RD,,24TH,38.249347736,-85.790144274,0.080,6/27/2022 12:00:00 AM,1734,2,2,0,0,CLEAR,DRY,True,1 VEHICLE PARKED POSITION (NOT PARKING LOT/DRIVEWAY),SIDESWIPE-SAME DIRECTION,STRAIGHT & LEVEL,DAYLIGHT,,,7/5/2022 8:36:50 AM,False,5251,Accepted,
30231823,0568000,LOUISVILLE METRO POLICE DEPT,Accepted,JEFFERSON,KY1932,,BRECKENRIDGE,LN,,,SIX MILE,,,,,38.197757900,-85.625252385,1.142,6/27/2022 12:00:00 AM,0039,1,1,0,0,CLEAR,WET,False,COLLISION WITH FIXED OBJECT IN INTERSECTION - FIRST EVENT COLLISION 09 - 32,SINGLE VEHICLE,STRAIGHT & LEVEL,DARK-HWY LIGHTED/ON,,,6/27/2022 8:31:26 AM,False,5305,Accepted,
30236167,0568000,LOUISVILLE METRO POLICE DEPT,Accepted,JEFFERSON,US0031E,,BARDSTOWN,RD,,KY1065,BEULAH CHURCH,,,,,38.150139620,-85.587367764,5.576,6/27/2022 12:00:00 AM,1306,2,2,0,0,CLEAR,DRY,False,OTHER INTERSECTION COLLISIONS,REAR END,STRAIGHT & LEVEL,DAYLIGHT,,,6/28/2022 8:07:18 AM,False,2017,Accepted,
30236175,0568000,LOUISVILLE METRO POLICE DEPT,Accepted,JEFFERSON,,,15TH,ST,S,,OAK,,,,,38.236664270,-85.778432226,0.784,6/27/2022 12:00:00 AM,1520,2,2,0,0,CLEAR,DRY,False,ANGLE COLLISION - OTHER,ANGLE,STRAIGHT & LEVEL,DAYLIGHT,,,6/28/2022 8:08:03 AM,False,5039,Accepted,
30236182,0568000,LOUISVILLE METRO POLICE DEPT,Accepted,JEFFERSON,I 0065,,I65 NB,,,,,,,,,38.167624738,-85.720546693,129.000,6/27/2022 12:00:00 AM,1637,1,1,0,1,CLEAR,DRY,False,RAN OFF ROADWAY (1 VEHICLE WITH/EARTH EMBANKMENT/DITCH),SINGLE VEHICLE,STRAIGHT & LEVEL,DAYLIGHT,,,6/28/2022 8:08:27 AM,False,2217,Accepted,
30238203,0560400,SHIVELY POLICE DEPARTMENT,Accepted,JEFFERSON,I 0264,,I264 W,,,,,I 0264,I264 W EXIT5 RAMP KY1934,I 0264,I264 W EXIT8 ON RAMP FROM US31W S,38.186796073,-85.827307034,6.695,6/27/2022 12:00:00 AM,0943,1,1,0,2,CLEAR,DRY,False,OTHER COLLISIONS ON SHOULDER,SINGLE VEHICLE,CURVE & LEVEL,DAYLIGHT,,,6/28/2022 4:48:32 PM,False,7088,Accepted,
30236170,0568000,LOUISVILLE METRO POLICE DEPT,Accepted,JEFFERSON,KY0913,,BLANKENBAKER,PKWY,,KY0913C,BLANKENBAKER ACCESS,,,,,38.196173545,-85.548151965,0.619,6/27/2022 12:00:00 AM,1539,2,2,0,0,CLEAR,DRY,False,OPPOSING LEFT TURN,OPPOSING LEFT TURN,STRAIGHT & GRADE,DAYLIGHT,,,6/28/2022 8:07:32 AM,False,2324,Accepted,
30236178,0568000,LOUISVILLE METRO POLICE DEPT,Accepted,JEFFERSON,US0060A,,BERRY,BLVD,,,,,CONTINENTAL,KY1931,MANSLICK,38.196739202,-85.798643979,0.611,6/27/2022 12:00:00 AM,1536,2,2,0,1,CLEAR,DRY,False,1 VEHICLE ENTERING/LEAVING ENTRANCE,ANGLE,STRAIGHT & LEVEL,DAYLIGHT,,,6/28/2022 8:08:14 AM,False,5436,Accepted,
30236185,0568000,LOUISVILLE METRO POLICE DEPT,Accepted,JEFFERSON,KY1747,6900,HURSTBOURNE,PKWY,S,,,,,,,38.159519150,-85.622393292,6.271,6/27/2022 12:00:00 AM,2228,1,1,0,0,CLEAR,DRY,False,COLLISION WITH FIXED OBJECT NON - INTERSECTION - FIRST EVENT COLLISION 09 - 32 EXCLUDING 16,SINGLE VEHICLE,CURVE & LEVEL,DARK-HWY NOT LIGHTED,,,6/28/2022 8:08:43 AM,False,7090,Accepted,
30236194,0568000,LOUISVILLE METRO POLICE DEPT,Accepted,JEFFERSON,I 0264,,I264 E,,,,,,,,,38.198707514,-85.702496542,13.729,6/27/2022 12:00:00 AM,2111,2,2,0,0,CLEAR,DRY,False,SIDESWIPE COLLISION - SAME DIRECTION,SIDESWIPE-SAME DIRECTION,STRAIGHT & LEVEL,DARK-HWY LIGHTED/ON,,,6/28/2022 8:09:14 AM,False,5328,Accepted,
30240780,0568000,LOUISVILLE METRO POLICE DEPT,Accepted,JEFFERSON,I 0071,,I71 S,,,,,,,,,38.262419034,-85.723312604,0.100,6/27/2022 12:00:00 AM,1721,2,2,0,1,CLEAR,DRY,True,1 VEHICLE ENTERING/LEAVING ENTRANCE,ANGLE,STRAIGHT & LEVEL,DAYLIGHT,,,6/29/2022 8:16:48 AM,False,7632,Accepted,
30240787,0568000,LOUISVILLE METRO POLICE DEPT,Accepted,JEFFERSON,,,JEFFERSON,ST,E,,1ST,,,,,38.253309552,-85.752057866,1.049,6/27/2022 12:00:00 AM,0925,2,2,0,0,CLEAR,DRY,False,ANGLE COLLISION - OTHER,ANGLE,STRAIGHT & LEVEL,DAYLIGHT,,,6/29/2022 8:17:16 AM,False,5354,Accepted,
30236173,0568000,LOUISVILLE METRO POLICE DEPT,Accepted,JEFFERSON,KY1934,,CANE RUN,RD,,,RALPH,,,,,38.208323463,-85.825626530,10.103,6/27/2022 12:00:00 AM,1450,2,2,0,1,CLEAR,DRY,True,OTHER INTERSECTION COLLISIONS,REAR END,STRAIGHT & LEVEL,DAYLIGHT,,,6/28/2022 8:07:52 AM,False,5232,Accepted,
30263201,0568000,LOUISVILLE METRO POLICE DEPT,Accepted,JEFFERSON,,1020,GAGEL,AVE,,,,,,,,38.173010296,-85.810997714,0.637,6/27/2022 12:00:00 AM,2023,1,1,0,1,CLEAR,DRY,False,COLLISION WITH FIXED OBJECT NON - INTERSECTION - FIRST EVENT COLLISION 09 - 32 EXCLUDING 16,SINGLE VEHICLE,STRAIGHT & GRADE,DAYLIGHT,,,7/5/2022 8:36:43 AM,False,2217,Accepted,
30236172,0568000,LOUISVILLE METRO POLICE DEPT,Accepted,JEFFERSON,KY1931,2000,7TH ST,RD,,,,,,,,38.220405130,-85.776909377,10.446,6/27/2022 12:00:00 AM,1732,2,2,0,0,CLEAR,DRY,False,COLLISION IN PARKING LOT,REAR END,STRAIGHT & LEVEL,DAYLIGHT,,,6/28/2022 8:07:46 AM,False,5161,Accepted,
30263250,0568000,LOUISVILLE METRO POLICE DEPT,Accepted,JEFFERSON,,,BRECKINRIDGE,ST,W,,,KY1020,3RD,KY1020,2ND,38.241654320,-85.757346707,0.175,6/27/2022 12:00:00 AM,1423,2,2,0,0,CLEAR,DRY,False,SIDESWIPE COLLISION - SAME DIRECTION,SIDESWIPE-SAME DIRECTION,STRAIGHT & LEVEL,DAYLIGHT,,,7/5/2022 8:41:36 AM,False,7619,Accepted,
30263241,0568000,LOUISVILLE METRO POLICE DEPT,Accepted,JEFFERSON,,,COOPER CHAPEL,RD,,,CHARLESWOOD,,,,,38.103392121,-85.662041313,0.574,6/27/2022 12:00:00 AM,2139,2,2,0,4,CLEAR,DRY,False,ANGLE COLLISION - OTHER,ANGLE,STRAIGHT & LEVEL,DUSK,,,7/5/2022 8:40:05 AM,False,5014,Accepted,
30240789,0568000,LOUISVILLE METRO POLICE DEPT,Accepted,JEFFERSON,KY1020,,2ND,ST,S,,LIBERTY,,,,,38.252657610,-85.753918045,12.576,6/27/2022 12:00:00 AM,1900,2,2,0,0,CLEAR,DRY,False,ANGLE COLLISION - OTHER,ANGLE,STRAIGHT & LEVEL,DAYLIGHT,,,6/29/2022 8:17:29 AM,False,7454,Accepted,
30231810,0568000,LOUISVILLE METRO POLICE DEPT,Accepted,JEFFERSON,,,OLD NEW CUT,RD,,,,KY1865,NEW CUT,,COMMERCE PARK,38.117878985,-85.778726742,0.164,6/26/2022 12:00:00 AM,2159,2,2,0,1,RAINING,WET,False,HEAD-ON COLLISION,HEAD ON,STRAIGHT & LEVEL,DARK-HWY NOT LIGHTED,,,6/27/2022 8:30:32 AM,False,5220,Accepted,
30304757,0568000,LOUISVILLE METRO POLICE DEPT,Accepted,JEFFERSON,,,DUMESNIL,ST,,,,,,,,38.237653565,-85.810473168,0.529,6/26/2022 12:00:00 AM,1730,2,2,0,1,CLEAR,DRY,False,1 VEHICLE ENTERING/LEAVING ENTRANCE,ANGLE,CURVE & LEVEL,DAYLIGHT,,,7/15/2022 7:16:39 AM,False,5114,Accepted,
30231794,0568000,LOUISVILLE METRO POLICE DEPT,Accepted,JEFFERSON,KY1065,,OUTER,LOOP,,,SMYRNA,,,,,38.137952336,-85.641978818,8.510,6/26/2022 12:00:00 AM,1857,2,2,0,0,CLOUDY,DRY,False,ANGLE COLLISION - OTHER,ANGLE,STRAIGHT & LEVEL,DAYLIGHT,,,6/27/2022 8:29:09 AM,False,5101,Accepted,
30231802,0568000,LOUISVILLE METRO POLICE DEPT,Accepted,JEFFERSON,KY2845,5000,MANSLICK,RD,E,,,,,,,38.117294728,-85.668058338,0.684,6/26/2022 12:00:00 AM,2233,1,1,0,0,RAINING,WATER (STANDING OR MOVING),False,COLLISION WITH FIXED OBJECT NON - INTERSECTION - FIRST EVENT COLLISION 09 - 32 EXCLUDING 16,SINGLE VEHICLE,CURVE & HILLCREST,DARK (UNKNOWN ROADWAY LIGHTING),,,6/27/2022 8:29:50 AM,False,5336,Accepted,
30231826,0568000,LOUISVILLE METRO POLICE DEPT,Accepted,JEFFERSON,US0031W,,22ND,ST,S,,BURNETT,,,,,38.230718869,-85.792127249,18.283,6/26/2022 12:00:00 AM,2250,1,0,0,1,CLEAR,WET,False,OTHER INTERSECTION COLLISIONS,SINGLE VEHICLE,STRAIGHT & LEVEL,DARK (UNKNOWN ROADWAY LIGHTING),,,6/27/2022 8:31:36 AM,False,5344,Accepted,
30231791,0568000,LOUISVILLE METRO POLICE DEPT,Accepted,JEFFERSON,US0060A,,WINKLER,AVE,,,,,,,,38.210850557,-85.769553898,2.776,6/26/2022 12:00:00 AM,1447,2,2,0,0,CLOUDY,DRY,False,REAR END IN TRAFFIC LANES BOTH VEHICLES MOVING,REAR END,STRAIGHT & LEVEL,DAYLIGHT,,,6/27/2022 8:28:55 AM,False,7872,Accepted,
30231790,0568000,LOUISVILLE METRO POLICE DEPT,Accepted,JEFFERSON,I 0265,,I265 W,,,,,I 0265,I265 W EXIT17 ON RAMP FROM US31E,I 0265,I265 W EXIT17 OFF RAMP TO US31E,38.142094471,-85.582481414,17.342,6/26/2022 12:00:00 AM,1013,1,1,0,1,CLEAR,DRY,False,COLLISION WITH FIXED OBJECT NON - INTERSECTION - FIRST EVENT COLLISION 09 - 32 EXCLUDING 16,SINGLE VEHICLE,STRAIGHT & LEVEL,DAYLIGHT,,,6/27/2022 8:28:47 AM,False,5446,Accepted,
30231796,0568000,LOUISVILLE METRO POLICE DEPT,Accepted,JEFFERSON,KY1703,,NEWBURG,RD,,,BELLARMINE,,,,,38.216949091,-85.707715568,3.838,6/26/2022 12:00:00 AM,1844,1,1,0,0,CLEAR,DRY,False,OTHER INTERSECTION COLLISIONS,SINGLE VEHICLE,CURVE & GRADE,DAYLIGHT,,,6/27/2022 8:29:17 AM,False,7960,Accepted,
30231830,0568000,LOUISVILLE METRO POLICE DEPT,Accepted,JEFFERSON,US0031E,3304,BARDSTOWN,RD,,,,,,,,38.207187674,-85.669367421,11.399,6/26/2022 12:00:00 AM,2043,2,2,0,0,RAINING,WET,False,COLLISION IN PARKING LOT,BACKING,STRAIGHT & LEVEL,DARK-HWY LIGHTED/ON,,,6/27/2022 8:31:47 AM,False,2081,Accepted,
30231805,0568000,LOUISVILLE METRO POLICE DEPT,Accepted,JEFFERSON,I 0264,,,,,,,,,,,38.209658057,-85.827859132,0.164,6/26/2022 12:00:00 AM,0005,2,2,0,3,CLEAR,DRY,False,OTHER RAMP RELATED COLLISIONS NOT LISTED ABOVE,REAR END,STRAIGHT & GRADE,DARK-HWY NOT LIGHTED,I 0264,KY1934,6/27/2022 8:30:03 AM,False,2877,Accepted,
30231814,0568000,LOUISVILLE METRO POLICE DEPT,Accepted,JEFFERSON,I 0065,,I65 N,,,,,,,,,38.168895393,-85.720631948,129.087,6/26/2022 12:00:00 AM,2353,2,2,0,0,CLOUDY,WET,True,REAR END IN TRAFFIC LANES BOTH VEHICLES MOVING,REAR END,STRAIGHT & LEVEL,DARK-HWY LIGHTED/ON,,,6/27/2022 8:30:41 AM,False,5427,Accepted,
30231781,0568000,LOUISVILLE METRO POLICE DEPT,Accepted,JEFFERSON,,,STONE BLUFF,RD,,,WATTERSON,,,,,38.165459033,-85.622231790,0.095,6/26/2022 12:00:00 AM,0224,1,1,0,0,CLEAR,DRY,False,OTHER INTERSECTION COLLISIONS,SINGLE VEHICLE,CURVE & HILLCREST,DARK-HWY LIGHTED/ON,,,6/27/2022 8:28:11 AM,False,5347,Accepted,
30250169,0568000,LOUISVILLE METRO POLICE DEPT,Accepted,JEFFERSON,KY0864,,POPLAR LEVEL,RD,,,FINCASTLE,,,,,38.207642357,-85.715245070,12.268,6/26/2022 12:00:00 AM,1022,2,2,0,0,CLEAR,DRY,False,ANGLE COLLISION - OTHER,ANGLE,STRAIGHT & LEVEL,DAYLIGHT,,,7/1/2022 7:15:30 AM,False,7938,Accepted,
30268129,0568000,LOUISVILLE METRO POLICE DEPT,Accepted,JEFFERSON,,,BROOK,ST,S,,MUHAMMAD ALI,,,,,38.250479375,-85.751536777,3.105,6/26/2022 12:00:00 AM,0325,2,2,0,0,CLEAR,DRY,True,SIDESWIPE-SAME DIRECTION,SIDESWIPE-SAME DIRECTION,STRAIGHT & LEVEL,DARK-HWY LIGHTED/ON,,,7/6/2022 8:09:35 AM,False,5348,Accepted,
30231800,0568000,LOUISVILLE METRO POLICE DEPT,Accepted,JEFFERSON,,9232,FAIRGROUND,RD,,,,,,,,38.165196012,-85.586107855,0.645,6/26/2022 12:00:00 AM,2157,1,1,0,0,RAINING,WET,False,COLLISION WITH FIXED OBJECT NON - INTERSECTION - FIRST EVENT COLLISION 09 - 32 EXCLUDING 16,SINGLE VEHICLE,CURVE & LEVEL,OTHER,,,6/27/2022 8:29:37 AM,False,7465,Accepted,
30231776,0568000,LOUISVILLE METRO POLICE DEPT,Accepted,JEFFERSON,,2406,POPE LICK,RD,S,,,,,,,38.205975594,-85.493110675,1.381,6/26/2022 12:00:00 AM,0037,1,1,0,0,CLEAR,DRY,False,OTHER COLLISIONS ON SHOULDER,SINGLE VEHICLE,CURVE & GRADE,DARK-HWY NOT LIGHTED,,,6/27/2022 8:27:54 AM,False,5289,Accepted,
30231786,0568000,LOUISVILLE METRO POLICE DEPT,Accepted,JEFFERSON,KY2055,,MANSLICK,RD,W,,,,MASON,,SHARON,38.110269399,-85.764868030,1.821,6/26/2022 12:00:00 AM,0201,1,1,0,0,CLEAR,DRY,True,OTHER ROADWAY OR MID-BLOCK COLLISION,SINGLE VEHICLE,STRAIGHT & LEVEL,DARK-HWY LIGHTED/ON,,,6/27/2022 8:28:22 AM,False,5220,Accepted,
30231817,0568000,LOUISVILLE METRO POLICE DEPT,Accepted,JEFFERSON,,1111,34TH,ST,S,,,,,,,38.240622952,-85.809953364,1.519,6/26/2022 12:00:00 AM,2223,4,4,0,1,CLOUDY,WET,False,1 VEHICLE PARKED POSITION (NOT PARKING LOT/DRIVEWAY),SIDESWIPE-SAME DIRECTION,STRAIGHT & LEVEL,DARK (UNKNOWN ROADWAY LIGHTING),,,6/27/2022 8:30:54 AM,False,5402,Accepted,
30263301,0568000,LOUISVILLE METRO POLICE DEPT,Accepted,JEFFERSON,,3806,MUHAMMAD ALI,BLVD,W,,,,,,,38.257318946,-85.813112664,3.329,6/26/2022 12:00:00 AM,1816,2,2,0,1,CLEAR,DRY,False,SIDESWIPE COLLISION - SAME DIRECTION,SIDESWIPE-SAME DIRECTION,STRAIGHT & LEVEL,DAYLIGHT,,,7/5/2022 8:47:30 AM,False,5257,Accepted,
30231821,0568000,LOUISVILLE METRO POLICE DEPT,Accepted,JEFFERSON,,,26TH,ST,S,,CEDAR,,,,,38.256592275,-85.794114719,0.287,6/26/2022 12:00:00 AM,2110,2,2,0,1,RAINING,WET,False,ANGLE COLLISION - OTHER,ANGLE,STRAIGHT & LEVEL,DARK-HWY LIGHTED/ON,,,6/27/2022 8:31:22 AM,False,5021,Accepted,
30231797,0568000,LOUISVILLE METRO POLICE DEPT,Accepted,JEFFERSON,KY3064,,PORTLAND,AVE,,,,,31ST,,32ND,38.273908329,-85.797914098,0.920,6/26/2022 12:00:00 AM,1512,2,2,0,0,CLEAR,DRY,False,1 VEHICLE PARKED POSITION (NOT PARKING LOT/DRIVEWAY),REAR END,STRAIGHT & LEVEL,DAYLIGHT,,,6/27/2022 8:29:21 AM,False,7325,Accepted,
30231803,0568000,LOUISVILLE METRO POLICE DEPT,Accepted,JEFFERSON,I 0264,,I264 E,,,,,,,,,38.234571262,-85.818736126,3.168,6/26/2022 12:00:00 AM,2245,1,1,0,1,RAINING,WATER (STANDING OR MOVING),False,OTHER ROADWAY OR MID-BLOCK COLLISION,SINGLE VEHICLE,CURVE & GRADE,DARK-HWY LIGHTED/ON,,,6/27/2022 8:29:55 AM,False,7309,Accepted,
30231798,0568000,LOUISVILLE METRO POLICE DEPT,Accepted,JEFFERSON,,,SCENIC,LOOP,,,BARNEY,,,,,38.237325323,-85.700916112,0.511,6/26/2022 12:00:00 AM,1931,1,1,0,2,CLOUDY,DRY,False,NON-COLLISION OBJECT COLLISION,SINGLE VEHICLE,CURVE & LEVEL,DUSK,,,6/27/2022 8:29:26 AM,False,7049,Accepted,
30250170,0568000,LOUISVILLE METRO POLICE DEPT,Accepted,JEFFERSON,I 0064,,I64 E,,,,,,,,,38.278534647,-85.822000792,0.168,6/26/2022 12:00:00 AM,1728,3,3,0,0,CLEAR,DRY,False,REAR END IN TRAFFIC LANES BOTH VEHICLES MOVING,REAR END,STRAIGHT & LEVEL,DAYLIGHT,,,7/1/2022 7:15:34 AM,False,7363,Accepted,
30231777,0568000,LOUISVILLE METRO POLICE DEPT,Accepted,JEFFERSON,,7017,GLOBAL,DR,,,,,,,,38.140463343,-85.888477642,0.004,6/26/2022 12:00:00 AM,0005,2,2,0,0,CLEAR,DRY,True,COLLISION IN PARKING LOT,REAR TO REAR,,DARK-HWY LIGHTED/ON,,,6/27/2022 8:27:58 AM,False,5033,Accepted,
30245484,0568000,LOUISVILLE METRO POLICE DEPT,Accepted,JEFFERSON,I 0264,,,,,,,,,,,38.219308254,-85.822292300,0.136,6/26/2022 12:00:00 AM,2115,1,1,0,0,RAINING,WET,False,COLLISION WITH FIXED OBJECT NOT IN GORE ,SINGLE VEHICLE,CURVE & LEVEL,DARK-HWY LIGHTED/ON,KY2056,I 0264,6/30/2022 8:15:04 AM,False,5360,Accepted,
30231812,0568000,LOUISVILLE METRO POLICE DEPT,Accepted,JEFFERSON,KY2052,5312,SHEPHERDSVILLE,RD,,,,,,,,38.173056403,-85.659374454,2.379,6/26/2022 12:00:00 AM,1905,2,1,0,1,CLEAR,DRY,True,OTHER ROADWAY OR MID-BLOCK COLLISION,SINGLE VEHICLE,STRAIGHT & LEVEL,DAYLIGHT,,,6/27/2022 8:30:38 AM,False,5427,Accepted,
30231783,0568000,LOUISVILLE METRO POLICE DEPT,Accepted,JEFFERSON,,11622,PIERCE,WAY,,,ALICANTE,,,,,38.086240967,-85.870959606,0.218,6/26/2022 12:00:00 AM,0507,1,1,0,0,CLEAR,DRY,True,OTHER INTERSECTION COLLISIONS,SINGLE VEHICLE,STRAIGHT & LEVEL,DARK-HWY NOT LIGHTED,,,6/27/2022 8:28:14 AM,False,5211,Accepted,
30261323,0560400,SHIVELY POLICE DEPARTMENT,Accepted,JEFFERSON,KY1931,2600,7TH ST,RD,,,,,,,,38.216544167,-85.781075139,10.183,6/26/2022 12:00:00 AM,0500,1,1,1,0,CLEAR,DRY,False,COLLISION WITH FIXED OBJECT NON - INTERSECTION - FIRST EVENT COLLISION 09 - 32 EXCLUDING 16,SINGLE VEHICLE,STRAIGHT & LEVEL,DARK-HWY LIGHTED/ON,,,7/4/2022 10:23:39 PM,False,7138,Accepted,
30245464,0568000,LOUISVILLE METRO POLICE DEPT,Accepted,JEFFERSON,I 0264,,I264 E,,,,,I 0264,I264 E EXIT17A OFF RAMP TO KY155 S,I 0264,I264 E EXIT16 ON RAMP FROM US31E,38.217215392,-85.659541460,16.433,6/26/2022 12:00:00 AM,1730,4,4,0,2,CLOUDY,DRY,False,SIDESWIPE COLLISION - SAME DIRECTION,SIDESWIPE-SAME DIRECTION,STRAIGHT & LEVEL,DAYLIGHT,,,6/30/2022 8:13:40 AM,True,7793,Accepted,
30231774,0568000,LOUISVILLE METRO POLICE DEPT,Accepted,JEFFERSON,KY0864,,FEGENBUSH,LN,,,,,GLASER,,HIGHVIEW,38.141824994,-85.621456727,4.777,6/25/2022 12:00:00 AM,2302,2,2,0,0,CLEAR,DRY,False,REAR END IN TRAFFIC LANES BOTH VEHICLES MOVING,REAR END,STRAIGHT & LEVEL,DARK-HWY NOT LIGHTED,,,6/27/2022 8:27:45 AM,False,7735,Accepted,
30231792,0568000,LOUISVILLE METRO POLICE DEPT,Accepted,JEFFERSON,,,BROADWAY,,W,,LINDELL,,,,,38.250024235,-85.812271759,1.309,6/25/2022 12:00:00 AM,1550,2,2,0,0,CLEAR,DRY,False,OTHER INTERSECTION COLLISIONS,REAR END,STRAIGHT & LEVEL,DAYLIGHT,,,6/27/2022 8:29:00 AM,False,7363,Accepted,
30231819,0568000,LOUISVILLE METRO POLICE DEPT,Accepted,JEFFERSON,US0031,,CLARK MEMORIAL,BRG,,,,,,,,38.257405581,-85.753073142,0.081,6/25/2022 12:00:00 AM,0410,1,1,0,1,CLEAR,DRY,True,OCCUPANT FELL FROM MOVING VEHICLE,SINGLE VEHICLE,STRAIGHT & LEVEL,DARK-HWY NOT LIGHTED,,,6/27/2022 8:31:12 AM,False,5385,Accepted,
30268096,0568000,LOUISVILLE METRO POLICE DEPT,Accepted,JEFFERSON,,2800,DUNCAN,ST,,,,,,,,38.263800497,-85.796826932,1.092,6/25/2022 12:00:00 AM,1515,2,2,0,0,CLEAR,DRY,False,1 VEHICLE PARKED POSITION (NOT PARKING LOT/DRIVEWAY),SIDESWIPE-SAME DIRECTION,STRAIGHT & LEVEL,DAYLIGHT,,,7/6/2022 8:07:01 AM,False,7694,Accepted,
30231780,0568000,LOUISVILLE METRO POLICE DEPT,Accepted,JEFFERSON,KY0061,,PRESTON,HWY,,,PARK,,,,,38.118034887,-85.677249114,2.452,6/25/2022 12:00:00 AM,2309,2,2,0,0,CLEAR,DRY,False,OTHER INTERSECTION COLLISIONS,REAR END,STRAIGHT & LEVEL,DARK-HWY LIGHTED/ON,,,6/27/2022 8:28:07 AM,False,7100,Accepted,
30231795,0568000,LOUISVILLE METRO POLICE DEPT,Accepted,JEFFERSON,,8303,REGENCY WOODS,WAY,,,,,,,,38.224717079,-85.604845050,0.182,6/25/2022 12:00:00 AM,1952,1,1,0,1,CLEAR,DRY,False,COLLISION WITH FIXED OBJECT NON - INTERSECTION - FIRST EVENT COLLISION 09 - 32 EXCLUDING 16,SINGLE VEHICLE,STRAIGHT & LEVEL,DAYLIGHT,,,6/27/2022 8:29:13 AM,False,5305,Accepted,
30228544,0561000,JEFFERSONTOWN POLICE DEPT,Accepted,JEFFERSON,I 0064,,I64 W,,,,,,,,,38.223960120,-85.544911847,16.726,6/25/2022 12:00:00 AM,1550,2,2,0,0,CLOUDY,DRY,False,SIDESWIPE COLLISION - SAME DIRECTION,SIDESWIPE-SAME DIRECTION,STRAIGHT & LEVEL,DAYLIGHT,,,6/26/2022 8:51:49 AM,False,8319,Accepted,