IncidentID,AgencyORI,AgencyName,IncidentStatusDesc,County,RdwyNumber,Street,RoadwayName,StreetSfx,StreetDir,IntersectionRdwy,IntersectionRdwyName,BetweenStRdwy1,BetweenStRdwyName1,BetweenStRdwy2,BetweenStRdwyName2,Latitude,Longitude,Milepoint,CollisionDate,CollisionTime,UnitsInvolved,MotorVehiclesInvolved,NumberKilled,NumberInjured,Weather,RdwyConditionCode,HitandRun,DirAnalysisCode,MannerofCollision,RdwyCharacter,LightCondition,RampFromRdwyId,RampToRdwyId,AcceptedDate,IsSecondaryCollision,OwnerBadge,IncidentStatus,
30231768,0568000,LOUISVILLE METRO POLICE DEPT,Accepted,JEFFERSON,US0031E,5510,BARDSTOWN,RD,,,,,,,,38.166380855,-85.601221205,6.967,6/25/2022 12:00:00 AM,1730,2,2,0,0,CLEAR,DRY,True,OTHER ROADWAY OR MID-BLOCK COLLISION,OPPOSING LEFT TURN,STRAIGHT & LEVEL,DAYLIGHT,,,6/27/2022 8:27:12 AM,False,7698,Accepted,
30231756,0568000,LOUISVILLE METRO POLICE DEPT,Accepted,JEFFERSON,KY0061,,JACKSON,ST,S,,OAK,,,,,38.234210869,-85.747474459,11.523,6/25/2022 12:00:00 AM,0527,2,2,0,1,CLEAR,DRY,True,COLLISION WITH FIXED OBJECT IN INTERSECTION - FIRST EVENT COLLISION 09 - 32,REAR END,STRAIGHT & LEVEL,DAWN,,,6/27/2022 8:26:14 AM,False,5196,Accepted,
30231765,0568000,LOUISVILLE METRO POLICE DEPT,Accepted,JEFFERSON,,,6TH,ST,S,US0150,BROADWAY,,,,,38.246336995,-85.761746767,0.740,6/25/2022 12:00:00 AM,1159,2,2,0,0,CLEAR,DRY,False,ANGLE COLLISION - OTHER,ANGLE,STRAIGHT & LEVEL,DAYLIGHT,,,6/27/2022 8:26:58 AM,False,5168,Accepted,
30231764,0568000,LOUISVILLE METRO POLICE DEPT,Accepted,JEFFERSON,,,HIKES,LN,,,CAROL,,,,,38.204109255,-85.651885711,1.427,6/25/2022 12:00:00 AM,0909,2,2,0,0,CLEAR,DRY,True,ANGLE COLLISION - ONE VEHICLE TURNING LEFT,ANGLE,STRAIGHT & LEVEL,DAYLIGHT,,,6/27/2022 8:26:55 AM,False,5288,Accepted,
30231755,0568000,LOUISVILLE METRO POLICE DEPT,Accepted,JEFFERSON,,,HILL,ST,W,,DIXIE,,,,,38.228359104,-85.789830041,1.805,6/25/2022 12:00:00 AM,0443,3,3,0,1,CLEAR,DRY,False,COLLISION WITH PARKED VEHICLE,HEAD ON,STRAIGHT & LEVEL,DARK-HWY LIGHTED/ON,,,6/27/2022 8:26:10 AM,False,5412,Accepted,
30231787,0568000,LOUISVILLE METRO POLICE DEPT,Accepted,JEFFERSON,,505,CANDLELIGHT,LN,,,,,GLIMMER,KY1865,NEW CUT,38.129871083,-85.773947019,0.641,6/25/2022 12:00:00 AM,2022,2,2,0,0,CLEAR,DRY,False,1 VEHICLE PARKED POSITION (NOT PARKING LOT/DRIVEWAY),SIDESWIPE-SAME DIRECTION,STRAIGHT & GRADE,DAYLIGHT,,,6/27/2022 8:28:26 AM,False,7907,Accepted,
30231769,0568000,LOUISVILLE METRO POLICE DEPT,Accepted,JEFFERSON,KY0155,4515,TAYLORSVILLE,RD,,,,,,,,38.218684972,-85.600170906,11.938,6/25/2022 12:00:00 AM,1304,1,1,0,2,CLEAR,DRY,False,RAN OFF ROADWAY (1 VEHICLE WITH/EARTH EMBANKMENT/DITCH),SINGLE VEHICLE,STRAIGHT & LEVEL,DAYLIGHT,,,6/27/2022 8:27:15 AM,False,5247,Accepted,
30250166,0568000,LOUISVILLE METRO POLICE DEPT,Accepted,JEFFERSON,I 0265,,,,,,,,,,,38.307507433,-85.568042731,0.120,6/25/2022 12:00:00 AM,1701,2,2,0,0,CLEAR,DRY,False,OTHER RAMP RELATED COLLISIONS NOT LISTED ABOVE,SIDESWIPE-SAME DIRECTION,STRAIGHT & LEVEL,DAYLIGHT,I 0265,KY0022,7/1/2022 7:15:16 AM,False,2489,Accepted,
30231767,0568000,LOUISVILLE METRO POLICE DEPT,Accepted,JEFFERSON,KY0155,,TAYLORSVILLE,RD,,,,,,,,38.188456032,-85.510504294,6.149,6/25/2022 12:00:00 AM,1546,2,2,0,1,CLEAR,DRY,False,OTHER ROADWAY OR MID-BLOCK COLLISION,OPPOSING LEFT TURN,STRAIGHT & LEVEL,DAYLIGHT,,,6/27/2022 8:27:07 AM,False,7698,Accepted,
30231775,0568000,LOUISVILLE METRO POLICE DEPT,Accepted,JEFFERSON,KY1747,,FERN VALLEY,RD,,KY0061,PRESTON,,,,,38.156862522,-85.696897872,1.924,6/25/2022 12:00:00 AM,2344,1,1,0,1,CLEAR,DRY,False,COLLISION WITH FIXED OBJECT IN INTERSECTION - FIRST EVENT COLLISION 09 - 32,SINGLE VEHICLE,STRAIGHT & LEVEL,DARK-HWY LIGHTED/ON,,,6/27/2022 8:27:48 AM,False,7100,Accepted,
30231758,0568000,LOUISVILLE METRO POLICE DEPT,Accepted,JEFFERSON,,2009,TERRIL,LN,,,,,PEABODY,,DUKEHART,38.205077890,-85.677145925,0.066,6/25/2022 12:00:00 AM,0330,3,3,0,0,CLEAR,DRY,True,1 VEHICLE PARKED POSITION (NOT PARKING LOT/DRIVEWAY),ANGLE,STRAIGHT & LEVEL,DARK-HWY LIGHTED/ON,,,6/27/2022 8:26:24 AM,False,5315,Accepted,
30231766,0568000,LOUISVILLE METRO POLICE DEPT,Accepted,JEFFERSON,,,4TH,ST,S,,CREEL,,,,,38.212977572,-85.764167058,3.039,6/25/2022 12:00:00 AM,1431,2,2,0,0,CLEAR,DRY,False,OPPOSING LEFT TURN,OPPOSING LEFT TURN,STRAIGHT & LEVEL,DAYLIGHT,,,6/27/2022 8:27:02 AM,False,7398,Accepted,
30231749,0568000,LOUISVILLE METRO POLICE DEPT,Accepted,JEFFERSON,,,JEFFERSON,ST,E,,CLAY,,,,,38.252014771,-85.740289359,0.404,6/24/2022 12:00:00 AM,1708,2,2,0,1,CLEAR,DRY,False,SIDESWIPE-SAME DIRECTION,SIDESWIPE-SAME DIRECTION,STRAIGHT & LEVEL,DAYLIGHT,,,6/27/2022 8:25:37 AM,False,7823,Accepted,
30231735,0568000,LOUISVILLE METRO POLICE DEPT,Accepted,JEFFERSON,KY1865,5400,NEW CUT,RD,,,,,,,,38.146044048,-85.775316835,2.684,6/24/2022 12:00:00 AM,1245,2,2,0,0,CLEAR,DRY,False,OTHER ROADWAY OR MID-BLOCK COLLISION,REAR END,STRAIGHT & LEVEL,DAYLIGHT,,,6/27/2022 8:24:47 AM,False,7524,Accepted,
30228610,0560400,SHIVELY POLICE DEPARTMENT,Accepted,JEFFERSON,US0031W,2300B,DIXIE,HWY,,,,,,,,38.216608983,-85.795240103,17.151,6/24/2022 12:00:00 AM,1658,2,2,0,1,CLEAR,DRY,True,REAR END IN TRAFFIC LANES BOTH VEHICLES MOVING,REAR END,STRAIGHT & GRADE,DAYLIGHT,,,6/26/2022 10:01:18 AM,False,7118,Accepted,
30231793,0568000,LOUISVILLE METRO POLICE DEPT,Accepted,JEFFERSON,,2824,DELL BROOKE,AVE,,,,,,,,38.208355069,-85.649443431,0.145,6/24/2022 12:00:00 AM,1725,2,2,0,1,CLEAR,DRY,False,1 VEHICLE PARKED POSITION (NOT PARKING LOT/DRIVEWAY),HEAD ON,STRAIGHT & LEVEL,DAYLIGHT,,,6/27/2022 8:29:06 AM,False,5247,Accepted,
30291701,0568000,LOUISVILLE METRO POLICE DEPT,Accepted,JEFFERSON,,6700 BLK,GRADE,LN,,,,,,,,38.152076717,-85.734482553,2.483,6/24/2022 12:00:00 AM,0243,1,1,2,0,CLEAR,DRY,False,COLLISION WITH FIXED OBJECT NON - INTERSECTION - FIRST EVENT COLLISION 09 - 32 EXCLUDING 16,SINGLE VEHICLE,STRAIGHT & LEVEL,DARK-HWY NOT LIGHTED,,,7/12/2022 8:05:28 AM,False,2142,Accepted,
30268094,0568000,LOUISVILLE METRO POLICE DEPT,Accepted,JEFFERSON,KY0061,,PRESTON,HWY,,,DURRETT,,,,,38.186331907,-85.724191455,7.888,6/24/2022 12:00:00 AM,1552,2,2,0,0,CLEAR,DRY,False,ANGLE COLLISION - OTHER,ANGLE,STRAIGHT & LEVEL,DAYLIGHT,,,7/6/2022 8:06:47 AM,False,7448,Accepted,
30231785,0568000,LOUISVILLE METRO POLICE DEPT,Accepted,JEFFERSON,I 0065,,,,,,,,,,,38.155815621,-85.717619005,0.083,6/24/2022 12:00:00 AM,2142,2,2,0,1,CLEAR,DRY,False,OTHER RAMP RELATED COLLISIONS NOT LISTED ABOVE,REAR END,STRAIGHT & LEVEL,DARK-HWY LIGHTED/ON,I 0065,KY1065,6/27/2022 8:28:19 AM,False,5317,Accepted,
30231750,0568000,LOUISVILLE METRO POLICE DEPT,Accepted,JEFFERSON,US0031E,6600,BARDSTOWN,RD,,,,,,,,38.150777448,-85.588120202,5.631,6/24/2022 12:00:00 AM,1801,2,2,0,1,CLEAR,DRY,False,COLLISION IN PARKING LOT,BACKING,STRAIGHT & LEVEL,DAYLIGHT,,,6/27/2022 8:25:41 AM,False,7278,Accepted,
30232475,0561500,UNIV. OF LOUISVILLE POLICE,Accepted,JEFFERSON,,620,MUHAMMAD ALI,BLVD,E,,CLAY,,,,,38.249232665,-85.741136307,0.376,6/24/2022 12:00:00 AM,1722,2,2,0,0,CLEAR,DRY,True,COLLISION WITH PARKED VEHICLE,BACKING,STRAIGHT & LEVEL,UNKNOWN,,,6/27/2022 10:45:28 AM,False,5710,Accepted,
30231773,0568000,LOUISVILLE METRO POLICE DEPT,Accepted,JEFFERSON,,,REHL,RD,,,,,,,,38.205479830,-85.512126684,1.522,6/24/2022 12:00:00 AM,1726,1,1,0,1,CLEAR,DRY,False,COLLISION WITH FIXED OBJECT NON - INTERSECTION - FIRST EVENT COLLISION 09 - 32 EXCLUDING 16,SINGLE VEHICLE,STRAIGHT & LEVEL,DAYLIGHT,,,6/27/2022 8:27:38 AM,False,7475,Accepted,
30231729,0568000,LOUISVILLE METRO POLICE DEPT,Accepted,JEFFERSON,,9007,DENISE,DR,,,,,,,,38.119327727,-85.662293995,0.821,6/24/2022 12:00:00 AM,0946,1,1,0,0,CLEAR,DRY,False,COLLISION WITH FIXED OBJECT NON - INTERSECTION - FIRST EVENT COLLISION 09 - 32 EXCLUDING 16,SINGLE VEHICLE,STRAIGHT & LEVEL,DAYLIGHT,,,6/27/2022 8:24:34 AM,False,2017,Accepted,
30231746,0568000,LOUISVILLE METRO POLICE DEPT,Accepted,JEFFERSON,,,ST CATHERINE,ST,E,,1ST,,,,,38.236890289,-85.754932876,1.316,6/24/2022 12:00:00 AM,1218,2,2,0,1,CLEAR,DRY,False,ANGLE COLLISION - OTHER,ANGLE,STRAIGHT & LEVEL,DAYLIGHT,,,6/27/2022 8:25:22 AM,False,5267,Accepted,
30231788,0568000,LOUISVILLE METRO POLICE DEPT,Accepted,JEFFERSON,KY0864,,POPLAR LEVEL,RD,,,NAOMI,,,,,38.165316119,-85.680398632,8.719,6/24/2022 12:00:00 AM,1048,3,3,0,1,CLEAR,DRY,False,OTHER INTERSECTION COLLISIONS,REAR TO REAR,STRAIGHT & LEVEL,DAYLIGHT,,,6/27/2022 8:28:32 AM,False,5027,Accepted,
30231747,0568000,LOUISVILLE METRO POLICE DEPT,Accepted,JEFFERSON,KY1020,,SOUTHERN,PKWY,,,LANSING,,,,,38.192514028,-85.766732837,8.577,6/24/2022 12:00:00 AM,1334,2,1,0,1,CLEAR,DRY,False,COLLISION WITH BICYCLE IN INTERSECTION,SINGLE VEHICLE,STRAIGHT & LEVEL,DAYLIGHT,,,6/27/2022 8:25:29 AM,False,7398,Accepted,
30231770,0568000,LOUISVILLE METRO POLICE DEPT,Accepted,JEFFERSON,US0031E,,BARDSTOWN,RD,,I 0264,I264 E EXIT16 OFF RAMP TO US31E S,,,,,38.210564937,-85.670858115,12.044,6/24/2022 12:00:00 AM,2344,2,2,0,0,CLEAR,DRY,False,OTHER INTERSECTION COLLISIONS,REAR END,CURVE & GRADE,DARK-HWY LIGHTED/ON,,,6/27/2022 8:27:18 AM,False,7049,Accepted,
30231759,0568000,LOUISVILLE METRO POLICE DEPT,Accepted,JEFFERSON,,,OAK,ST,W,,12TH,,,,,38.236230440,-85.773664748,0.998,6/24/2022 12:00:00 AM,1741,2,2,0,0,CLEAR,DRY,True,OTHER INTERSECTION COLLISIONS,REAR END,STRAIGHT & LEVEL,DAYLIGHT,,,6/27/2022 8:26:28 AM,False,5057,Accepted,
30231725,0568000,LOUISVILLE METRO POLICE DEPT,Accepted,JEFFERSON,KY0022,,BROWNSBORO,RD,,,,,CHAMBERLAIN,,NORTON HEALTHCARE,38.312285272,-85.568694711,4.375,6/24/2022 12:00:00 AM,0845,2,2,0,0,CLEAR,DRY,False,1 VEHICLE ENTERING/LEAVING ENTRANCE,ANGLE,STRAIGHT & LEVEL,DAYLIGHT,,,6/27/2022 8:24:22 AM,False,2013,Accepted,
30231733,0568000,LOUISVILLE METRO POLICE DEPT,Accepted,JEFFERSON,US0150,430,22ND,ST,N,,ST XAVIER,,,,,38.265885313,-85.784034163,0.304,6/24/2022 12:00:00 AM,1356,1,1,0,0,CLEAR,DRY,False,COLLISION WITH FIXED OBJECT IN INTERSECTION - FIRST EVENT COLLISION 09 - 32,SINGLE VEHICLE,CURVE & LEVEL,DAYLIGHT,,,6/27/2022 8:24:43 AM,False,5434,Accepted,
30236171,0568000,LOUISVILLE METRO POLICE DEPT,Accepted,JEFFERSON,,,LIBERTY,ST,E,,CAMPBELL,,,,,38.250208843,-85.736220497,0.865,6/24/2022 12:00:00 AM,1530,2,2,0,1,CLEAR,DRY,True,SIDESWIPE-SAME DIRECTION,SIDESWIPE-SAME DIRECTION,STRAIGHT & LEVEL,DAYLIGHT,,,6/28/2022 8:07:39 AM,False,7058,Accepted,
30268124,0568000,LOUISVILLE METRO POLICE DEPT,Accepted,JEFFERSON,KY1065,,OUTER,LOOP,,,JEFFERSON,,,,,38.137912437,-85.675151218,6.692,6/24/2022 12:00:00 AM,2131,2,2,0,5,CLEAR,DRY,False,OTHER INTERSECTION COLLISIONS,REAR END,STRAIGHT & LEVEL,DUSK,,,7/6/2022 8:09:00 AM,False,7415,Accepted,
30225027,0560300,ST. MATTHEWS POLICE DEPARTMENT,Accepted,JEFFERSON,US0060,5085,SHELBYVILLE,RD,,,,,,,,38.250468819,-85.622202782,5.382,6/24/2022 12:00:00 AM,1849,2,2,0,0,CLEAR,DRY,False,COLLISION IN PARKING LOT,BACKING,STRAIGHT & LEVEL,DAYLIGHT,,,6/25/2022 12:15:45 AM,False,9151,Accepted,
30231722,0568000,LOUISVILLE METRO POLICE DEPT,Accepted,JEFFERSON,KY1819,,BILLTOWN,RD,,,,,EASUM,,TARRENCE,38.157735620,-85.562065571,6.425,6/24/2022 12:00:00 AM,0747,1,1,0,0,CLEAR,DRY,False,COLLISION WITH ANIMAL NON INTERSECTION,SINGLE VEHICLE,STRAIGHT & LEVEL,DAYLIGHT,,,6/27/2022 8:24:09 AM,False,2017,Accepted,
30231739,0568000,LOUISVILLE METRO POLICE DEPT,Accepted,JEFFERSON,I 0265,,I265 W,,,,,,,,,38.135671931,-85.596892714,16.428,6/24/2022 12:00:00 AM,1457,1,1,0,0,CLEAR,DRY,False,OTHER COLLISIONS ON SHOULDER,SINGLE VEHICLE,STRAIGHT & LEVEL,DAYLIGHT,,,6/27/2022 8:24:59 AM,False,2017,Accepted,
30231745,0568000,LOUISVILLE METRO POLICE DEPT,Accepted,JEFFERSON,,,30TH,ST,N,,,,,,,38.264180659,-85.800169114,0.506,6/24/2022 12:00:00 AM,1429,2,2,0,0,CLEAR,DRY,False,1 VEHICLE ENTERING/LEAVING ENTRANCE,ANGLE,STRAIGHT & LEVEL,DAYLIGHT,,,6/27/2022 8:25:17 AM,False,5148,Accepted,
30222272,0568000,LOUISVILLE METRO POLICE DEPT,Accepted,JEFFERSON,KY0841,,GENE SNYDER,FWY,,,,,,,,38.117855499,-85.785987324,5.539,6/24/2022 12:00:00 AM,0122,1,1,0,1,CLEAR,DRY,False,OTHER ROADWAY OR MID-BLOCK COLLISION,SINGLE VEHICLE,STRAIGHT & LEVEL,DARK-HWY LIGHTED/OFF,,,6/24/2022 8:12:53 AM,False,7295,Accepted,
30231801,0568000,LOUISVILLE METRO POLICE DEPT,Accepted,JEFFERSON,,1823,HILL,ST,W,,,,,,,38.228395788,-85.790024083,1.815,6/24/2022 12:00:00 AM,2232,1,0,0,1,CLEAR,DRY,True,OTHER ROADWAY OR MID-BLOCK COLLISION,SINGLE VEHICLE,STRAIGHT & LEVEL,DARK-HWY LIGHTED/ON,,,6/27/2022 8:29:41 AM,False,5387,Accepted,
30231737,0568000,LOUISVILLE METRO POLICE DEPT,Accepted,JEFFERSON,,,17TH,ST,S,US0150,BROADWAY,,,,,38.248610749,-85.779888776,0.630,6/24/2022 12:00:00 AM,1339,2,2,0,0,CLEAR,DRY,False,COLLISION WITH PARKED VEHICLE,SIDESWIPE-SAME DIRECTION,STRAIGHT & LEVEL,DAYLIGHT,,,6/27/2022 8:24:52 AM,False,5431,Accepted,
30231804,0568000,LOUISVILLE METRO POLICE DEPT,Accepted,JEFFERSON,KY1865,,TAYLOR,BLVD,,,CARLISLE,,,,,38.194175047,-85.783104032,6.049,6/24/2022 12:00:00 AM,2110,2,2,0,1,CLEAR,DRY,False,OPPOSING LEFT TURN,OPPOSING LEFT TURN,STRAIGHT & LEVEL,DUSK,,,6/27/2022 8:29:58 AM,False,5236,Accepted,
30231771,0568000,LOUISVILLE METRO POLICE DEPT,Accepted,JEFFERSON,KY2052,,SHEPHERDSVILLE,RD,,,BUECHEL BANK,,,,,38.178592347,-85.659287585,2.779,6/24/2022 12:00:00 AM,2320,2,1,0,1,CLEAR,DRY,True,COLLISION WITH PEDESTRIAN IN INTERSECTION,SINGLE VEHICLE,STRAIGHT & LEVEL,DARK-HWY LIGHTED/ON,,,6/27/2022 8:27:26 AM,False,5182,Accepted,
30231748,0568000,LOUISVILLE METRO POLICE DEPT,Accepted,JEFFERSON,,,26TH,ST,S,,CONGRESS,,,,,38.258877209,-85.793836301,0.129,6/24/2022 12:00:00 AM,1523,3,3,0,0,CLEAR,DRY,True,OPPOSITE DIRECTION - BOTH VEHICLES GOING STRAIGHT AHEAD,SIDESWIPE-OPPOSITE DIRECTION,STRAIGHT & LEVEL,DAYLIGHT,,,6/27/2022 8:25:34 AM,False,7325,Accepted,
30231760,0568000,LOUISVILLE METRO POLICE DEPT,Accepted,JEFFERSON,,,BLAND,ST,,,BURNETT,,,,,38.225374565,-85.743657562,0.200,6/24/2022 12:00:00 AM,0700,2,2,0,0,CLEAR,DRY,False,COLLISION WITH PARKED VEHICLE,SIDESWIPE-OPPOSITE DIRECTION,STRAIGHT & LEVEL,DAYLIGHT,,,6/27/2022 8:26:32 AM,False,5205,Accepted,
30231757,0568000,LOUISVILLE METRO POLICE DEPT,Accepted,JEFFERSON,,,INDIAN,TRL,E,,WARWICKSHIRE,,,,,38.168673229,-85.702160943,0.239,6/24/2022 12:00:00 AM,2045,2,2,0,2,CLEAR,DRY,False,ANGLE COLLISION - OTHER,ANGLE,STRAIGHT & LEVEL,DAYLIGHT,,,6/27/2022 8:26:18 AM,False,5315,Accepted,
30231751,0568000,LOUISVILLE METRO POLICE DEPT,Accepted,JEFFERSON,US0031,,CLARK MEMORIAL,BRG,,,,,,,,38.264224305,-85.751529215,0.559,6/24/2022 12:00:00 AM,1828,1,1,0,1,CLEAR,DRY,False,COLLISION WITH FIXED OBJECT NON - INTERSECTION - FIRST EVENT COLLISION 09 - 32 EXCLUDING 16,SINGLE VEHICLE,STRAIGHT & LEVEL,DAYLIGHT,,,6/27/2022 8:25:47 AM,False,5407,Accepted,
30231731,0568000,LOUISVILLE METRO POLICE DEPT,Accepted,JEFFERSON,I 0264,,I264 W,,,,,,,,,38.191684048,-85.715087969,12.886,6/24/2022 12:00:00 AM,1025,2,2,0,0,CLEAR,DRY,False,1 VEHICLE ENTERING/LEAVING ENTRANCE,ANGLE,STRAIGHT & LEVEL,DAYLIGHT,,,6/27/2022 8:24:38 AM,False,4693,Accepted,
30314399,0568000,LOUISVILLE METRO POLICE DEPT,Accepted,JEFFERSON,I 0265,,I265 W,,,,,,,,,38.111874077,-85.688388858,10.996,6/23/2022 12:00:00 AM,2032,2,2,0,1,CLEAR,DRY,False,SIDESWIPE COLLISION - SAME DIRECTION,SIDESWIPE-SAME DIRECTION,STRAIGHT & GRADE,DAYLIGHT,,,7/18/2022 8:48:18 AM,False,7106,Accepted,
30222278,0568000,LOUISVILLE METRO POLICE DEPT,Accepted,JEFFERSON,KY1865,,NEW CUT,RD,,,PARK,,,,,38.155782718,-85.777564851,3.373,6/23/2022 12:00:00 AM,2245,2,2,0,0,CLEAR,DRY,True,ANGLE COLLISION - ONE VEHICLE TURNING LEFT,ANGLE,STRAIGHT & LEVEL,DARK-HWY LIGHTED/ON,,,6/24/2022 8:13:15 AM,False,7321,Accepted,
30222251,0568000,LOUISVILLE METRO POLICE DEPT,Accepted,JEFFERSON,US0031E,,BARDSTOWN,RD,,,,I 0265,I265 E EXIT17 OFF RAMP TO US31E,I 0265,I265 E EXIT17 ON RAMP FROM US31E,38.141615363,-85.583315851,4.929,6/23/2022 12:00:00 AM,1805,5,5,0,1,CLEAR,DRY,False,REAR END IN TRAFFIC LANES BOTH VEHICLES MOVING,REAR END,STRAIGHT & LEVEL,DAYLIGHT,,,6/24/2022 8:11:51 AM,False,6878,Accepted,
30240783,0568000,LOUISVILLE METRO POLICE DEPT,Accepted,JEFFERSON,US0150,,BROADWAY,,E,,BARRET,,,,,38.244246266,-85.733905060,3.723,6/23/2022 12:00:00 AM,1652,3,3,0,1,CLEAR,DRY,False,SIDESWIPE-SAME DIRECTION,SIDESWIPE-SAME DIRECTION,STRAIGHT & GRADE,DAYLIGHT,,,6/29/2022 8:16:56 AM,False,2228,Accepted,
30222237,0568000,LOUISVILLE METRO POLICE DEPT,Accepted,JEFFERSON,I 0264,,I264 W,,,,,I 0264,I264 W EXIT16 ON RAMP FROM US31E,I 0264,I264 W EXIT15A OFF RAMP TO KY1703 N,38.208763110,-85.675587740,15.381,6/23/2022 12:00:00 AM,1448,2,2,0,0,CLEAR,DRY,False,REAR END IN TRAFFIC LANES BOTH VEHICLES MOVING,REAR END,STRAIGHT & LEVEL,DAYLIGHT,,,6/24/2022 8:10:45 AM,False,2100,Accepted,
30222282,0568000,LOUISVILLE METRO POLICE DEPT,Accepted,JEFFERSON,KY1931,,GREENWOOD,RD,,,DATURA,,,,,38.144193642,-85.855012803,2.305,6/23/2022 12:00:00 AM,1855,3,3,0,1,CLEAR,DRY,False,ANGLE COLLISION - OTHER,ANGLE,STRAIGHT & LEVEL,DAYLIGHT,,,6/24/2022 8:13:29 AM,False,5223,Accepted,
30222230,0568000,LOUISVILLE METRO POLICE DEPT,Accepted,JEFFERSON,,,BOULEVARD NAPOLEON,,,,HARVARD,,,,,38.222657713,-85.695410707,0.246,6/23/2022 12:00:00 AM,1120,2,2,0,0,CLEAR,DRY,True,COLLISION WITH PARKED VEHICLE,SIDESWIPE-SAME DIRECTION,STRAIGHT & LEVEL,DAYLIGHT,,,6/24/2022 8:10:00 AM,False,2100,Accepted,
30222275,0568000,LOUISVILLE METRO POLICE DEPT,Accepted,JEFFERSON,,,LOWER HUNTERS,TRCE,,,GABRIEL,,,,,38.160258072,-85.852503640,1.039,6/23/2022 12:00:00 AM,1921,2,2,0,1,CLEAR,DRY,False,OPPOSING LEFT TURN,OPPOSING LEFT TURN,STRAIGHT & LEVEL,DAYLIGHT,,,6/24/2022 8:13:02 AM,False,7871,Accepted,
30217610,0568000,LOUISVILLE METRO POLICE DEPT,Accepted,JEFFERSON,KY1065,,OUTER,LOOP,,,,,JOYCE,,DONEGAL,38.138462129,-85.649892099,8.077,6/23/2022 12:00:00 AM,0609,2,2,0,0,CLEAR,DRY,True,SIDESWIPE COLLISION - SAME DIRECTION,SIDESWIPE-SAME DIRECTION,STRAIGHT & GRADE,DAYLIGHT,,,6/23/2022 8:07:13 AM,False,5169,Accepted,
30222240,0568000,LOUISVILLE METRO POLICE DEPT,Accepted,JEFFERSON,I 0265,,I265 E,,,I 0265,I265 E EXIT12 OFF RAMP TO KY61,,,,,38.110321957,-85.683415804,11.281,6/23/2022 12:00:00 AM,0840,1,1,0,1,CLEAR,DRY,False,COLLISION WITH FIXED OBJECT IN INTERSECTION - FIRST EVENT COLLISION 09 - 32,SINGLE VEHICLE,STRAIGHT & LEVEL,DAYLIGHT,,,6/24/2022 8:10:59 AM,False,5423,Accepted,
30240775,0568000,LOUISVILLE METRO POLICE DEPT,Accepted,JEFFERSON,,3002,RIVER,RD,,,,,ZORN,,MOCKINGBIRD VALLEY,38.277399876,-85.699151680,2.926,6/23/2022 12:00:00 AM,1404,2,2,0,0,CLEAR,DRY,False,1 VEHICLE ENTERING/LEAVING ENTRANCE,ANGLE,STRAIGHT & LEVEL,DAYLIGHT,,,6/29/2022 8:16:28 AM,False,7403,Accepted,
30222245,0568000,LOUISVILLE METRO POLICE DEPT,Accepted,JEFFERSON,US0031W,,MARKET,ST,W,,15TH,,,,,38.257240775,-85.774919702,20.827,6/23/2022 12:00:00 AM,1402,2,2,0,0,CLEAR,DRY,False,COLLISION WITH PARKED VEHICLE,REAR END,STRAIGHT & LEVEL,DAYLIGHT,,,6/24/2022 8:11:20 AM,False,7347,Accepted,
30222248,0568000,LOUISVILLE METRO POLICE DEPT,Accepted,JEFFERSON,,,SPRINGDALE,RD,,,,,WOLFCREEK,,ASBURY PARK,38.316778421,-85.592065994,1.338,6/23/2022 12:00:00 AM,1740,1,1,0,1,CLEAR,DRY,False,RAN OFF ROADWAY (1 VEHICLE WITH/EARTH EMBANKMENT/DITCH),SINGLE VEHICLE,CURVE & LEVEL,DAYLIGHT,,,6/24/2022 8:11:35 AM,False,7633,Accepted,
30222256,0568000,LOUISVILLE METRO POLICE DEPT,Accepted,JEFFERSON,US0031E,,BARDSTOWN,RD,,,,,GOLDSMITH,I 0264,I264 E EXIT16 ON RAMP FROM US31E N,38.209385059,-85.669652770,11.875,6/23/2022 12:00:00 AM,0530,2,2,0,0,CLEAR,DRY,False,SIDESWIPE COLLISION - SAME DIRECTION,SIDESWIPE-SAME DIRECTION,STRAIGHT & LEVEL,DAWN,,,6/24/2022 8:12:15 AM,False,2816,Accepted,
30222281,0568000,LOUISVILLE METRO POLICE DEPT,Accepted,JEFFERSON,I 0065,,I65 S,,,,,,,,,38.209207495,-85.752821660,132.695,6/23/2022 12:00:00 AM,2217,2,2,0,0,CLEAR,DRY,False,REAR END IN TRAFFIC LANES BOTH VEHICLES MOVING,REAR END,STRAIGHT & LEVEL,DARK-HWY NOT LIGHTED,,,6/24/2022 8:13:25 AM,False,5409,Accepted,
30222269,0568000,LOUISVILLE METRO POLICE DEPT,Accepted,JEFFERSON,KY1747,,FERN VALLEY,RD,,,,KY1747,KY1747 CROSSOVER,KY1747,KY1747 CROSSOVER,38.157957002,-85.690515622,2.294,6/23/2022 12:00:00 AM,1635,2,2,0,2,CLEAR,DRY,False,OTHER ROADWAY OR MID-BLOCK COLLISION,REAR END,STRAIGHT & LEVEL,DAYLIGHT,,,6/24/2022 8:12:38 AM,False,2324,Accepted,