IncidentID,AgencyORI,AgencyName,IncidentStatusDesc,County,RdwyNumber,Street,RoadwayName,StreetSfx,StreetDir,IntersectionRdwy,IntersectionRdwyName,BetweenStRdwy1,BetweenStRdwyName1,BetweenStRdwy2,BetweenStRdwyName2,Latitude,Longitude,Milepoint,CollisionDate,CollisionTime,UnitsInvolved,MotorVehiclesInvolved,NumberKilled,NumberInjured,Weather,RdwyConditionCode,HitandRun,DirAnalysisCode,MannerofCollision,RdwyCharacter,LightCondition,RampFromRdwyId,RampToRdwyId,AcceptedDate,IsSecondaryCollision,OwnerBadge,IncidentStatus,
30222277,0568000,LOUISVILLE METRO POLICE DEPT,Accepted,JEFFERSON,KY1932,,BRECKENRIDGE,LN,,,SIX MILE,,,,,38.197588900,-85.625088933,1.130,6/23/2022 12:00:00 AM,0321,1,1,0,0,CLEAR,DRY,False,OTHER INTERSECTION COLLISIONS,SINGLE VEHICLE,STRAIGHT & LEVEL,DARK-HWY LIGHTED/ON,,,6/24/2022 8:13:11 AM,False,5375,Accepted,
30222227,0568000,LOUISVILLE METRO POLICE DEPT,Accepted,JEFFERSON,KY2048,,DUTCHMANS,LN,,,GAST,,,,,38.224155480,-85.654715459,0.233,6/23/2022 12:00:00 AM,0914,2,2,0,1,CLEAR,DRY,False,OTHER INTERSECTION COLLISIONS,REAR END,STRAIGHT & LEVEL,DAYLIGHT,,,6/24/2022 8:09:36 AM,False,7740,Accepted,
30222236,0568000,LOUISVILLE METRO POLICE DEPT,Accepted,JEFFERSON,KY0864,,POPLAR LEVEL,RD,,,,,,,,38.215847361,-85.724257851,13.041,6/23/2022 12:00:00 AM,1205,2,2,0,0,CLEAR,DRY,True,COLLISION IN PARKING LOT,ANGLE,STRAIGHT & LEVEL,DAYLIGHT,,,6/24/2022 8:10:38 AM,False,4693,Accepted,
30222247,0568000,LOUISVILLE METRO POLICE DEPT,Accepted,JEFFERSON,KY2048,,CANNONS,LN,,,SIDNEY PARK,,,,,38.229109006,-85.653031275,0.740,6/23/2022 12:00:00 AM,1240,2,2,0,0,CLEAR,DRY,False,OTHER INTERSECTION COLLISIONS,REAR END,STRAIGHT & LEVEL,DAYLIGHT,,,6/24/2022 8:11:31 AM,False,7740,Accepted,
30222265,0568000,LOUISVILLE METRO POLICE DEPT,Accepted,JEFFERSON,US0031E,,BARDSTOWN,RD,,KY1747,HURSTBOURNE,,,,,38.168914569,-85.605108049,7.241,6/23/2022 12:00:00 AM,1838,2,2,0,1,CLEAR,DRY,False,ANGLE COLLISION - OTHER,ANGLE,STRAIGHT & GRADE,DAYLIGHT,,,6/24/2022 8:12:33 AM,False,2321,Accepted,
30222271,0568000,LOUISVILLE METRO POLICE DEPT,Accepted,JEFFERSON,I 0065,,I65 S,,,,,,,,,38.194849489,-85.733118030,131.103,6/23/2022 12:00:00 AM,1216,2,2,0,0,CLEAR,DRY,False,OTHER ROADWAY OR MID-BLOCK COLLISION,REAR END,STRAIGHT & LEVEL,DUSK,,,6/24/2022 8:12:47 AM,False,7433,Accepted,
30222228,0568000,LOUISVILLE METRO POLICE DEPT,Accepted,JEFFERSON,KY3084,13811,OLD HENRY,RD,,,,,,,,38.272098573,-85.495478162,1.464,6/23/2022 12:00:00 AM,0819,3,3,0,1,CLEAR,DRY,False,OTHER ROADWAY OR MID-BLOCK COLLISION,REAR END,STRAIGHT & LEVEL,DAYLIGHT,,,6/24/2022 8:09:42 AM,True,2346,Accepted,
30222238,0568000,LOUISVILLE METRO POLICE DEPT,Accepted,JEFFERSON,US0031E,,BARDSTOWN,RD,,,COLONEL HANCOCK,,,,,38.130391811,-85.577310864,4.083,6/23/2022 12:00:00 AM,1332,2,2,0,1,CLEAR,DRY,False,OPPOSITE DIRECTION - BOTH VEHICLES GOING STRAIGHT AHEAD,SIDESWIPE-OPPOSITE DIRECTION,STRAIGHT & LEVEL,DAYLIGHT,,,6/24/2022 8:10:50 AM,False,2017,Accepted,
30222246,0568000,LOUISVILLE METRO POLICE DEPT,Accepted,JEFFERSON,I 0071,,I71 N,,,,,,,,,38.290469762,-85.642221852,5.352,6/23/2022 12:00:00 AM,1730,3,3,0,0,CLEAR,DRY,False,REAR END IN TRAFFIC LANES BOTH VEHICLES MOVING,REAR END,STRAIGHT & LEVEL,DAYLIGHT,,,6/24/2022 8:11:25 AM,False,5113,Accepted,
30222255,0568000,LOUISVILLE METRO POLICE DEPT,Accepted,JEFFERSON,KY1865,,NEW CUT,RD,,KY0907,3RD ST,,,,,38.145765097,-85.775218111,2.672,6/23/2022 12:00:00 AM,1733,2,2,0,0,CLEAR,DRY,False,HEAD-ON COLLISION,HEAD ON,STRAIGHT & LEVEL,DAYLIGHT,,,6/24/2022 8:12:11 AM,False,7234,Accepted,
30217608,0568000,LOUISVILLE METRO POLICE DEPT,Accepted,JEFFERSON,,4803,HAZELWOOD,AVE,,,,,,,,38.173835088,-85.793518426,0.332,6/23/2022 12:00:00 AM,0139,2,2,0,0,CLEAR,DRY,True,1 VEHICLE PARKED POSITION (NOT PARKING LOT/DRIVEWAY),HEAD ON,CURVE & LEVEL,DARK (UNKNOWN ROADWAY LIGHTING),,,6/23/2022 8:07:04 AM,False,5378,Accepted,
30231752,0568000,LOUISVILLE METRO POLICE DEPT,Accepted,JEFFERSON,KY0864,,POPLAR LEVEL,RD,,,POPLAR LEVEL,,,,,38.164035390,-85.679437154,8.618,6/23/2022 12:00:00 AM,0213,2,2,0,0,CLEAR,DRY,False,REAR END - ONE VEHICLE TURNING RIGHT,REAR END,STRAIGHT & LEVEL,DARK (UNKNOWN ROADWAY LIGHTING),,,6/27/2022 8:25:51 AM,False,5326,Accepted,
30222233,0568000,LOUISVILLE METRO POLICE DEPT,Accepted,JEFFERSON,,,MAGNOLIA,AVE,W,,,KY1020,2ND,KY1020,3RD,38.228928287,-85.759539799,0.173,6/23/2022 12:00:00 AM,0649,2,2,0,0,CLEAR,DRY,False,1 VEHICLE PARKED POSITION (NOT PARKING LOT/DRIVEWAY),SIDESWIPE-SAME DIRECTION,STRAIGHT & LEVEL,DAYLIGHT,,,6/24/2022 8:10:06 AM,False,2927,Accepted,
30222249,0568000,LOUISVILLE METRO POLICE DEPT,Accepted,JEFFERSON,KY1931,,MANSLICK,RD,,,ELDERWOOD,,,,,38.194204425,-85.800607788,8.290,6/23/2022 12:00:00 AM,1417,2,2,0,0,CLEAR,DRY,False,OTHER INTERSECTION COLLISIONS,REAR END,CURVE & LEVEL,DAYLIGHT,,,6/24/2022 8:11:39 AM,False,7360,Accepted,
30222250,0568000,LOUISVILLE METRO POLICE DEPT,Accepted,JEFFERSON,KY0155,,TAYLORSVILLE,RD,,,MCMAHAN,,,,,38.219570579,-85.619458107,12.980,6/23/2022 12:00:00 AM,1606,2,2,0,0,CLEAR,DRY,False,ANGLE COLLISION - ONE VEHICLE TURNING LEFT,ANGLE,STRAIGHT & LEVEL,DAYLIGHT,,,6/24/2022 8:11:45 AM,False,5286,Accepted,
30222235,0568000,LOUISVILLE METRO POLICE DEPT,Accepted,JEFFERSON,,,PETERSBURG,RD,,,ABERNATHY,,,,,38.187726108,-85.670306921,0.180,6/23/2022 12:00:00 AM,1117,2,2,0,0,CLEAR,DRY,False,ANGLE COLLISION - OTHER,ANGLE,STRAIGHT & LEVEL,DAYLIGHT,,,6/24/2022 8:10:25 AM,False,4693,Accepted,
30222252,0568000,LOUISVILLE METRO POLICE DEPT,Accepted,JEFFERSON,,,FEGENBUSH,LN,,,,,,,,38.186374526,-85.638103082,0.061,6/23/2022 12:00:00 AM,1614,2,2,0,2,CLEAR,DRY,False,1 VEHICLE ENTERING/LEAVING ENTRANCE,ANGLE,STRAIGHT & LEVEL,DAYLIGHT,,,6/24/2022 8:11:56 AM,False,7864,Accepted,
30222258,0568000,LOUISVILLE METRO POLICE DEPT,Accepted,JEFFERSON,,,DIXIE,HWY,,,PRENTICE,,,,,38.241193495,-85.785256282,0.562,6/23/2022 12:00:00 AM,1312,2,2,0,0,CLEAR,DRY,True,ANGLE COLLISION - OTHER,ANGLE,STRAIGHT & LEVEL,DAYLIGHT,,,6/24/2022 8:12:22 AM,False,5164,Accepted,
30217588,0568000,LOUISVILLE METRO POLICE DEPT,Accepted,JEFFERSON,,,CHESTNUT,ST,W,,,,16TH,,17TH,38.251316611,-85.778923344,1.208,6/22/2022 12:00:00 AM,1509,2,2,0,0,CLEAR,DRY,False,1 VEHICLE PARKED POSITION (NOT PARKING LOT/DRIVEWAY),SIDESWIPE-SAME DIRECTION,STRAIGHT & LEVEL,DAYLIGHT,,,6/23/2022 8:05:41 AM,False,7805,Accepted,
30217596,0568000,LOUISVILLE METRO POLICE DEPT,Accepted,JEFFERSON,KY0841,,GENE SNYDER,FWY,,,,,,,,38.090265829,-85.866979295,0.484,6/22/2022 12:00:00 AM,1539,2,2,0,0,CLEAR,DRY,False,REAR END IN TRAFFIC LANES BOTH VEHICLES MOVING,REAR END,STRAIGHT & LEVEL,DAYLIGHT,,,6/23/2022 8:06:08 AM,False,7234,Accepted,
30290758,KSP0400,KY STATE POLICE POST 04,Accepted,JEFFERSON,,,GRADE,LN,,,,,,,,38.172801566,-85.721019476,0.570,6/22/2022 12:00:00 AM,1636,2,2,0,0,CLOUDY,DRY,False,REAR END IN TRAFFIC LANES BOTH VEHICLES MOVING,REAR END,STRAIGHT & LEVEL,DAYLIGHT,,,7/12/2022 12:22:04 AM,False,795,Accepted,
30217577,0568000,LOUISVILLE METRO POLICE DEPT,Accepted,JEFFERSON,I 0065,,I65 N,,,I 0065,I65 N EXIT127 OFF RAMP TO KY1065,,,,,38.136536837,-85.706434257,126.694,6/22/2022 12:00:00 AM,0801,1,1,0,0,CLEAR,DRY,False,OTHER INTERSECTION COLLISIONS,SINGLE VEHICLE,STRAIGHT & LEVEL,DAYLIGHT,,,6/23/2022 8:05:16 AM,False,5423,Accepted,
30217599,0568000,LOUISVILLE METRO POLICE DEPT,Accepted,JEFFERSON,I 0065,,,,,,,,,,,38.191892540,-85.731764577,1.339,6/22/2022 12:00:00 AM,1656,2,2,0,3,CLOUDY,WET,False,OTHER RAMP RELATED COLLISIONS NOT LISTED ABOVE,ANGLE,CURVE & GRADE,DAYLIGHT,I 0065,I 0264,6/23/2022 8:06:20 AM,False,7402,Accepted,
30218797,0560400,SHIVELY POLICE DEPARTMENT,Accepted,JEFFERSON,US0031W,,DIXIE,HWY,,,,,WATHEN,,FUST,38.215921576,-85.795496678,17.122,6/22/2022 12:00:00 AM,1612,2,2,0,0,CLOUDY,DRY,False,1 VEHICLE ENTERING/LEAVING ENTRANCE,ANGLE,STRAIGHT & LEVEL,DAYLIGHT,,,6/23/2022 2:37:01 PM,False,7105,Accepted,
30217597,0568000,LOUISVILLE METRO POLICE DEPT,Accepted,JEFFERSON,KY0907,,SOUTHSIDE,DR,,,,,,,,38.146944506,-85.774206475,6.410,6/22/2022 12:00:00 AM,1717,2,2,0,0,RAINING,WET,False,1 VEHICLE ENTERING/LEAVING ENTRANCE,ANGLE,STRAIGHT & LEVEL,DAYLIGHT,,,6/23/2022 8:06:11 AM,False,7234,Accepted,
30216143,0560300,ST. MATTHEWS POLICE DEPARTMENT,Accepted,JEFFERSON,I 0264,,I264 E,,,I 0264,I264 E EXIT20 TRANSIT,,,,,38.255658524,-85.620757945,20.188,6/22/2022 12:00:00 AM,1639,2,2,0,0,RAINING,WATER (STANDING OR MOVING),False,OTHER INTERSECTION COLLISIONS,REAR END,STRAIGHT & LEVEL,DAYLIGHT,,,6/22/2022 10:56:05 PM,False,9187,Accepted,
30222244,0568000,LOUISVILLE METRO POLICE DEPT,Accepted,JEFFERSON,,,BROADWAY,,W,,HAZEL,,,,,38.249812997,-85.804481750,0.884,6/22/2022 12:00:00 AM,1020,2,2,0,2,CLEAR,DRY,False,REAR END - ONE VEHICLE TURNING LEFT,REAR END,STRAIGHT & LEVEL,DAYLIGHT,,,6/24/2022 8:11:14 AM,False,7347,Accepted,
30217591,0568000,LOUISVILLE METRO POLICE DEPT,Accepted,JEFFERSON,KY1065,,OUTER,LOOP,,,,I 0065,I65 S EXIT127 ON RAMP FROM KY1065,I 0065,I65 S EXIT127 OFF RAMP TO KY1065,38.136944801,-85.708963927,4.809,6/22/2022 12:00:00 AM,1613,3,3,0,0,CLOUDY,DRY,True,REAR END IN TRAFFIC LANES BOTH VEHICLES MOVING,REAR END,STRAIGHT & LEVEL,DAYLIGHT,,,6/23/2022 8:05:52 AM,False,2324,Accepted,
30273113,0568000,LOUISVILLE METRO POLICE DEPT,Accepted,JEFFERSON,,,WOODLAWN,AVE,W,,SOUTHERN,,,,,38.181854475,-85.768572924,0.648,6/22/2022 12:00:00 AM,1156,1,1,0,1,CLEAR,DRY,False,OTHER INTERSECTION COLLISIONS,SINGLE VEHICLE,STRAIGHT & LEVEL,DAYLIGHT,,,7/7/2022 8:05:39 AM,False,5139,Accepted,
30222223,0568000,LOUISVILLE METRO POLICE DEPT,Accepted,JEFFERSON,KY0841,,GENE SNYDER,FWY,,KY0841,KY841 RAMP TO KY1020,,,,,38.117363941,-85.750738728,7.505,6/22/2022 12:00:00 AM,1916,2,2,0,0,CLEAR,DRY,False,OTHER INTERSECTION COLLISIONS,REAR END,STRAIGHT & LEVEL,DAYLIGHT,,,6/24/2022 8:09:17 AM,False,7263,Accepted,
30212862,0568000,LOUISVILLE METRO POLICE DEPT,Accepted,JEFFERSON,KY1065,136,OUTER,LOOP,,,,,,,,38.126803794,-85.789361474,0.298,6/22/2022 12:00:00 AM,0256,2,2,0,0,CLEAR,DRY,False,COLLISION WITH FIXED OBJECT NON - INTERSECTION - FIRST EVENT COLLISION 09 - 32 EXCLUDING 16,HEAD ON,STRAIGHT & LEVEL,DARK-HWY LIGHTED/ON,,,6/22/2022 8:13:58 AM,True,5209,Accepted,
30217585,0568000,LOUISVILLE METRO POLICE DEPT,Accepted,JEFFERSON,I 0065,,,,,,,,,,,38.186772683,-85.725479925,0.183,6/22/2022 12:00:00 AM,0645,3,3,0,0,CLEAR,DRY,False,OTHER RAMP RELATED COLLISIONS NOT LISTED ABOVE,SIDESWIPE-SAME DIRECTION,STRAIGHT & LEVEL,DAYLIGHT,I 0065,I 0264,6/23/2022 8:05:29 AM,False,7772,Accepted,
30218196,0564400,INDIAN HILLS POLICE DEPARTMENT,Accepted,JEFFERSON,,,RIVER,RD,,,INDIAN HILLS,,,,,38.289858054,-85.682447055,1.052,6/22/2022 12:00:00 AM,2300,1,1,0,0,CLEAR,DRY,True,NON-COLLISION OBJECT COLLISION,SINGLE VEHICLE,STRAIGHT & LEVEL,DARK-HWY LIGHTED/OFF,,,6/23/2022 11:07:57 AM,False,4434,Accepted,
30217611,0568000,LOUISVILLE METRO POLICE DEPT,Accepted,JEFFERSON,US0150,,BROADWAY,,W,,9TH,,,,,38.246809949,-85.766336061,1.916,6/22/2022 12:00:00 AM,2335,2,2,0,1,CLEAR,DRY,False,REAR END - ONE VEHICLE TURNING LEFT,REAR END,STRAIGHT & LEVEL,DARK-HWY LIGHTED/ON,,,6/23/2022 8:07:16 AM,False,5403,Accepted,
30217603,0568000,LOUISVILLE METRO POLICE DEPT,Accepted,JEFFERSON,,,MINOR,LN,,KY1065,OUTER,,,,,38.136268269,-85.697118054,1.374,6/22/2022 12:00:00 AM,1912,2,2,0,2,CLEAR,DRY,False,SIDESWIPE-SAME DIRECTION,SIDESWIPE-SAME DIRECTION,STRAIGHT & LEVEL,DAYLIGHT,,,6/23/2022 8:06:40 AM,False,5196,Accepted,
30217583,0568000,LOUISVILLE METRO POLICE DEPT,Accepted,JEFFERSON,,,7TH,ST,S,,,US0150,BROADWAY,,MAGAZINE,38.247894716,-85.763112686,2.123,6/22/2022 12:00:00 AM,0958,2,2,0,0,CLEAR,DRY,False,SIDESWIPE COLLISION - SAME DIRECTION,SIDESWIPE-SAME DIRECTION,STRAIGHT & LEVEL,DAYLIGHT,,,6/23/2022 8:05:25 AM,False,7229,Accepted,
30217594,0568000,LOUISVILLE METRO POLICE DEPT,Accepted,JEFFERSON,KY1020,,KENWOOD,WAY,W,,,,,,,38.179799198,-85.767458395,7.686,6/22/2022 12:00:00 AM,1451,2,2,0,0,CLEAR,DRY,False,1 VEHICLE PARKED POSITION (NOT PARKING LOT/DRIVEWAY),REAR END,STRAIGHT & LEVEL,DAYLIGHT,,,6/23/2022 8:06:03 AM,False,5436,Accepted,
30236176,0568000,LOUISVILLE METRO POLICE DEPT,Accepted,JEFFERSON,,2819,RODMAN,ST,,,,,,,,38.208700172,-85.770001366,0.208,6/22/2022 12:00:00 AM,1442,2,1,0,1,CLEAR,DRY,True,COLLISION WITH BICYCLIST NON INTERSECTION,SINGLE VEHICLE,STRAIGHT & LEVEL,DAYLIGHT,,,6/28/2022 8:08:10 AM,False,5433,Accepted,
30222242,0568000,LOUISVILLE METRO POLICE DEPT,Accepted,JEFFERSON,US0042,,BROWNSBORO,RD,,,,,,,,38.278547048,-85.638112609,5.643,6/22/2022 12:00:00 AM,1900,2,2,0,0,CLEAR,DRY,False,SIDESWIPE COLLISION - SAME DIRECTION,SIDESWIPE-SAME DIRECTION,STRAIGHT & LEVEL,DAYLIGHT,,,6/24/2022 8:11:05 AM,False,7785,Accepted,
30212866,0568000,LOUISVILLE METRO POLICE DEPT,Accepted,JEFFERSON,US0150,1221,BROADWAY,,E,,,,,,,38.243878748,-85.728623933,4.001,6/22/2022 12:00:00 AM,0212,4,4,0,0,CLEAR,DRY,False,1 VEHICLE PARKED POSITION (NOT PARKING LOT/DRIVEWAY),REAR END,STRAIGHT & LEVEL,DARK-HWY LIGHTED/ON,,,6/22/2022 8:14:06 AM,False,5197,Accepted,
30217589,0568000,LOUISVILLE METRO POLICE DEPT,Accepted,JEFFERSON,US0031E,,BARDSTOWN,RD,,,,,COLONEL HANCOCK,,OLD BARDSTOWN,38.130415207,-85.577355673,4.086,6/22/2022 12:00:00 AM,1635,2,2,0,0,CLOUDY,DRY,False,1 VEHICLE ENTERING/LEAVING ENTRANCE,ANGLE,STRAIGHT & LEVEL,DAYLIGHT,,,6/23/2022 8:05:45 AM,False,6878,Accepted,
30217598,0568000,LOUISVILLE METRO POLICE DEPT,Accepted,JEFFERSON,KY1020,,NATIONAL,TPKE,,,,,,,,38.114192945,-85.747922985,2.876,6/22/2022 12:00:00 AM,1904,2,2,0,0,CLOUDY,DRY,False,1 VEHICLE ENTERING/LEAVING ENTRANCE,ANGLE,STRAIGHT & LEVEL,DAYLIGHT,,,6/23/2022 8:06:16 AM,False,7234,Accepted,
30222225,0568000,LOUISVILLE METRO POLICE DEPT,Accepted,JEFFERSON,,6723,STRAWBERRY,LN,,,,,,,,38.158968989,-85.763434689,0.089,6/22/2022 12:00:00 AM,1121,2,2,0,0,CLEAR,DRY,False,REAR END IN TRAFFIC LANES BOTH VEHICLES MOVING,REAR END,STRAIGHT & LEVEL,DAYLIGHT,,,6/24/2022 8:09:29 AM,False,7427,Accepted,
30236168,0568000,LOUISVILLE METRO POLICE DEPT,Accepted,JEFFERSON,US0060A,3030,TAYLOR,BLVD,,,,,,,,38.206527410,-85.775938431,2.312,6/22/2022 12:00:00 AM,1546,2,2,0,0,CLEAR,DRY,False,COLLISION IN PARKING LOT,BACKING,STRAIGHT & LEVEL,DAYLIGHT,,,6/28/2022 8:07:22 AM,False,7251,Accepted,
30263170,0568000,LOUISVILLE METRO POLICE DEPT,Accepted,JEFFERSON,KY2801,,SOUTHERN HEIGHTS,AVE,W,,3RD,,,,,38.189225648,-85.766744330,0.002,6/22/2022 12:00:00 AM,1920,3,3,0,0,CLOUDY,WET,False,OTHER INTERSECTION COLLISIONS,REAR END,STRAIGHT & LEVEL,DAYLIGHT,,,7/5/2022 8:34:10 AM,False,5139,Accepted,
30263214,0568000,LOUISVILLE METRO POLICE DEPT,Accepted,JEFFERSON,KY0061,,PRESTON,HWY,,KY2845,MANSLICK,,,,,38.118033617,-85.677229634,2.452,6/22/2022 12:00:00 AM,2220,2,2,0,1,CLEAR,DRY,False,HEAD-ON COLLISION,HEAD ON,STRAIGHT & LEVEL,DARK-HWY LIGHTED/ON,,,7/5/2022 8:37:57 AM,False,5014,Accepted,
30217590,0568000,LOUISVILLE METRO POLICE DEPT,Accepted,JEFFERSON,KY1065,,OUTER,LOOP,,,,I 0065,I65 S EXIT127 OFF RAMP TO KY1065,I 0065,I65 N EXIT127 ON RAMP FROM KY1065,38.136982189,-85.707050801,4.910,6/22/2022 12:00:00 AM,1613,2,2,0,0,CLOUDY,DRY,False,REAR END IN TRAFFIC LANES BOTH VEHICLES MOVING,REAR END,STRAIGHT & LEVEL,DAYLIGHT,,,6/23/2022 8:05:48 AM,False,2324,Accepted,
30222257,0568000,LOUISVILLE METRO POLICE DEPT,Accepted,JEFFERSON,,3706,DIANN MARIE,RD,,,,,,,,38.300426528,-85.544824937,0.095,6/22/2022 12:00:00 AM,2228,2,2,0,0,CLEAR,DRY,True,COLLISION IN PARKING LOT,BACKING,STRAIGHT & LEVEL,DARK-HWY LIGHTED/ON,,,6/24/2022 8:12:18 AM,False,5056,Accepted,
30217593,0568000,LOUISVILLE METRO POLICE DEPT,Accepted,JEFFERSON,KY2052,,SHEPHERDSVILLE,RD,,,,,,,,38.158447508,-85.659899720,1.369,6/22/2022 12:00:00 AM,1432,2,2,0,0,CLEAR,DRY,True,1 VEHICLE ENTERING/LEAVING ENTRANCE,ANGLE,STRAIGHT & LEVEL,DAYLIGHT,,,6/23/2022 8:05:59 AM,False,7864,Accepted,
30217601,0568000,LOUISVILLE METRO POLICE DEPT,Accepted,JEFFERSON,KY1931,4529,GREENWOOD,RD,,,,,,,,38.144819496,-85.872154749,1.398,6/22/2022 12:00:00 AM,2144,2,2,0,0,CLEAR,DRY,False,1 VEHICLE ENTERING/LEAVING ENTRANCE,ANGLE,STRAIGHT & LEVEL,DARK-HWY LIGHTED/OFF,,,6/23/2022 8:06:28 AM,False,7277,Accepted,
30217587,0568000,LOUISVILLE METRO POLICE DEPT,Accepted,JEFFERSON,KY1934,,CANE RUN,RD,,,RICHMONT,,,,,38.197309064,-85.840135098,8.979,6/22/2022 12:00:00 AM,1510,3,3,0,0,CLEAR,DRY,False,OTHER INTERSECTION COLLISIONS,REAR END,STRAIGHT & LEVEL,DAYLIGHT,,,6/23/2022 8:05:37 AM,False,7381,Accepted,
30222243,0568000,LOUISVILLE METRO POLICE DEPT,Accepted,JEFFERSON,,,VIRGINIA,AVE,,I 0264,I264 W EXIT3 ON RAMP FROM  VIRGINIA AVE,,,,,38.240100725,-85.815602074,1.037,6/22/2022 12:00:00 AM,1600,1,1,0,2,CLEAR,DRY,False,OTHER INTERSECTION COLLISIONS,SINGLE VEHICLE,CURVE & LEVEL,DAYLIGHT,,,6/24/2022 8:11:10 AM,False,5039,Accepted,
30217607,0568000,LOUISVILLE METRO POLICE DEPT,Accepted,JEFFERSON,,840,RIVER CREST,CT,,,,,,,,38.269336554,-85.701595906,0.005,6/22/2022 12:00:00 AM,2322,1,1,0,0,CLEAR,DRY,True,COLLISION WITH FIXED OBJECT NON - INTERSECTION - FIRST EVENT COLLISION 09 - 32 EXCLUDING 16,SINGLE VEHICLE,CURVE & GRADE,DARK-HWY LIGHTED/ON,,,6/23/2022 8:07:00 AM,False,5437,Accepted,
30212869,0568000,LOUISVILLE METRO POLICE DEPT,Accepted,JEFFERSON,,,INDIAN,TRL,E,KY0864,POPLAR LEVEL,,,,,38.171587745,-85.684917230,1.209,6/22/2022 12:00:00 AM,0455,2,2,0,0,CLEAR,DRY,True,ANGLE COLLISION - OTHER,ANGLE,STRAIGHT & LEVEL,DARK-HWY LIGHTED/ON,,,6/22/2022 8:14:18 AM,False,5317,Accepted,
30217609,0568000,LOUISVILLE METRO POLICE DEPT,Accepted,JEFFERSON,I 0264,,I264 W,,,,,,,,,38.190029317,-85.766213117,10.174,6/22/2022 12:00:00 AM,2350,3,3,0,0,CLEAR,DRY,False,1 VEHICLE PARKED POSITION (NOT PARKING LOT/DRIVEWAY),REAR END,STRAIGHT & LEVEL,DARK-HWY LIGHTED/ON,,,6/23/2022 8:07:09 AM,False,5413,Accepted,
30222222,0568000,LOUISVILLE METRO POLICE DEPT,Accepted,JEFFERSON,KY1865,,NEW CUT,RD,,KY1065,OUTER,,,,,38.126439855,-85.776173076,1.260,6/22/2022 12:00:00 AM,1750,2,2,0,2,CLEAR,WET,False,OPPOSITE DIRECTION - BOTH VEHICLES GOING STRAIGHT AHEAD,SIDESWIPE-OPPOSITE DIRECTION,STRAIGHT & LEVEL,DAYLIGHT,,,6/24/2022 8:09:12 AM,False,7263,Accepted,
30222239,0568000,LOUISVILLE METRO POLICE DEPT,Accepted,JEFFERSON,I 0065,,I65 S,,,,,I 0065,I65 S EXIT125 OFF RAMP,I 0065,I65 S EXIT127 ON RAMP FROM KY1065,38.125715923,-85.702238073,125.899,6/22/2022 12:00:00 AM,1743,2,2,0,0,CLEAR,DRY,False,REAR END IN TRAFFIC LANES BOTH VEHICLES MOVING,REAR END,STRAIGHT & LEVEL,DAYLIGHT,,,6/24/2022 8:10:54 AM,False,5423,Accepted,
30217579,0568000,LOUISVILLE METRO POLICE DEPT,Accepted,JEFFERSON,I 0264,,,,,,,,,,,38.270239049,-85.808728754,0.063,6/22/2022 12:00:00 AM,0800,1,1,0,2,CLEAR,DRY,False,COLLISION WITH FIXED OBJECT NON - INTERSECTION - FIRST EVENT COLLISION 09 - 32 EXCLUDING 16,SINGLE VEHICLE,CURVE & GRADE,DAYLIGHT,,,6/23/2022 8:05:20 AM,False,7746,Accepted,
30217604,0568000,LOUISVILLE METRO POLICE DEPT,Accepted,JEFFERSON,KY0061,,PRESTON,ST,S,US0060A,EASTERN,,,,,38.214584214,-85.743128491,10.127,6/22/2022 12:00:00 AM,2039,2,2,0,0,,,True,ANGLE COLLISION - OTHER,ANGLE,,,,,6/23/2022 8:06:45 AM,False,5304,Accepted,
30212846,0568000,LOUISVILLE METRO POLICE DEPT,Accepted,JEFFERSON,KY1931,,ST ANDREWS CHURCH,RD,,,,,,,,38.153379424,-85.807358510,5.140,6/21/2022 12:00:00 AM,1545,2,2,0,1,CLEAR,DRY,False,HEAD-ON COLLISION,HEAD ON,CURVE & LEVEL,DAYLIGHT,,,6/22/2022 8:13:09 AM,False,7340,Accepted,
30217576,0568000,LOUISVILLE METRO POLICE DEPT,Accepted,JEFFERSON,US0031,,CLARK MEMORIAL,BRG,,,,,,,,38.261903978,-85.752051264,0.397,6/21/2022 12:00:00 AM,1033,2,2,0,1,CLEAR,DRY,False,OTHER ROADWAY OR MID-BLOCK COLLISION,REAR END,STRAIGHT & LEVEL,DAYLIGHT,,,6/23/2022 8:05:10 AM,False,5354,Accepted,
30212841,0568000,LOUISVILLE METRO POLICE DEPT,Accepted,JEFFERSON,KY1747,,FERN VALLEY,RD,,KY1747,KY1747 CROSSOVER,,,,,38.157391866,-85.695627933,2.018,6/21/2022 12:00:00 AM,1236,2,2,0,1,CLEAR,DRY,False,ANGLE COLLISION - OTHER,ANGLE,STRAIGHT & LEVEL,DAYLIGHT,,,6/22/2022 8:12:51 AM,False,2324,Accepted,
30212858,0568000,LOUISVILLE METRO POLICE DEPT,Accepted,JEFFERSON,,,CARLISLE,AVE,,,LENTZ,,,,,38.194266479,-85.785810824,0.348,6/21/2022 12:00:00 AM,1244,2,2,0,1,CLEAR,DRY,False,ANGLE COLLISION - OTHER,ANGLE,STRAIGHT & LEVEL,DAYLIGHT,,,6/22/2022 8:13:46 AM,False,7455,Accepted,