IncidentID,AgencyORI,AgencyName,IncidentStatusDesc,County,RdwyNumber,Street,RoadwayName,StreetSfx,StreetDir,IntersectionRdwy,IntersectionRdwyName,BetweenStRdwy1,BetweenStRdwyName1,BetweenStRdwy2,BetweenStRdwyName2,Latitude,Longitude,Milepoint,CollisionDate,CollisionTime,UnitsInvolved,MotorVehiclesInvolved,NumberKilled,NumberInjured,Weather,RdwyConditionCode,HitandRun,DirAnalysisCode,MannerofCollision,RdwyCharacter,LightCondition,RampFromRdwyId,RampToRdwyId,AcceptedDate,IsSecondaryCollision,OwnerBadge,IncidentStatus,
30204112,0568000,LOUISVILLE METRO POLICE DEPT,Accepted,JEFFERSON,,,CHESTNUT,ST,W,KY1020,2ND,,,,,38.248605828,-85.754584038,2.544,6/17/2022 12:00:00 AM,1230,2,2,0,0,CLEAR,DRY,False,ANGLE COLLISION - OTHER,ANGLE,STRAIGHT & LEVEL,DAYLIGHT,,,6/20/2022 10:16:43 AM,False,5354,Accepted,
30204120,0568000,LOUISVILLE METRO POLICE DEPT,Accepted,JEFFERSON,US0042,,MELLWOOD,AVE,,,SPRING,,,,,38.255504623,-85.722229337,0.586,6/17/2022 12:00:00 AM,1811,3,3,0,0,CLEAR,DRY,False,ANGLE COLLISION - OTHER,ANGLE,STRAIGHT & LEVEL,DAYLIGHT,,,6/20/2022 10:16:58 AM,False,7229,Accepted,
30204093,0568000,LOUISVILLE METRO POLICE DEPT,Accepted,JEFFERSON,KY0022,,BROWNSBORO,RD,,,NORTON HEALTHCARE,,,,,38.311036384,-85.570242370,4.272,6/17/2022 12:00:00 AM,0900,2,2,0,0,CLOUDY,DRY,False,ANGLE COLLISION - OTHER,ANGLE,STRAIGHT & LEVEL,DAYLIGHT,,,6/20/2022 10:15:51 AM,False,7316,Accepted,
30204102,0568000,LOUISVILLE METRO POLICE DEPT,Accepted,JEFFERSON,KY1703,900B,BAXTER,AVE,,,,,,,,38.239133414,-85.723423377,5.596,6/17/2022 12:00:00 AM,1615,2,2,0,0,CLEAR,DRY,True,REAR END IN TRAFFIC LANES BOTH VEHICLES MOVING,REAR END,STRAIGHT & LEVEL,DAYLIGHT,,,6/20/2022 10:16:25 AM,False,7900,Accepted,
30204117,0568000,LOUISVILLE METRO POLICE DEPT,Accepted,JEFFERSON,KY0155,,TAYLORSVILLE,RD,,,BEAUMONT,,,,,38.222782931,-85.667554963,15.560,6/17/2022 12:00:00 AM,1406,2,2,0,0,CLEAR,DRY,False,OTHER INTERSECTION COLLISIONS,REAR END,STRAIGHT & LEVEL,DAYLIGHT,,,6/20/2022 10:16:53 AM,False,7740,Accepted,
30204144,0568000,LOUISVILLE METRO POLICE DEPT,Accepted,JEFFERSON,KY1934,,CANE RUN,RD,,,BRIDWELL,,,,,38.179941841,-85.859479055,7.381,6/17/2022 12:00:00 AM,2114,2,2,0,1,CLEAR,DRY,True,ANGLE COLLISION - ONE VEHICLE TURNING LEFT,ANGLE,STRAIGHT & LEVEL,DUSK,,,6/20/2022 10:17:42 AM,False,5395,Accepted,
30204088,0568000,LOUISVILLE METRO POLICE DEPT,Accepted,JEFFERSON,I 0065,,I65 N,,,,,,,,,38.169636234,-85.720496053,129.139,6/17/2022 12:00:00 AM,0742,2,2,0,0,CLOUDY,DRY,False,1 VEHICLE PARKED POSITION (NOT PARKING LOT/DRIVEWAY),SIDESWIPE-SAME DIRECTION,STRAIGHT & LEVEL,DAYLIGHT,,,6/20/2022 10:15:27 AM,False,4903,Accepted,
30204139,0568000,LOUISVILLE METRO POLICE DEPT,Accepted,JEFFERSON,I 0065,,I65 S,,,,,,,,,38.206053867,-85.744504860,132.153,6/17/2022 12:00:00 AM,1823,3,3,0,0,CLEAR,DRY,True,REAR END IN TRAFFIC LANES BOTH VEHICLES MOVING,REAR END,STRAIGHT & LEVEL,DAYLIGHT,,,6/20/2022 10:17:29 AM,False,7360,Accepted,
30204142,0568000,LOUISVILLE METRO POLICE DEPT,Accepted,JEFFERSON,KY1747,,HURSTBOURNE,PKWY,N,,WHIPPS MILL,,,,,38.274073888,-85.563736842,15.983,6/17/2022 12:00:00 AM,2242,2,2,0,2,CLEAR,DRY,False,OPPOSING LEFT TURN,OPPOSING LEFT TURN,STRAIGHT & LEVEL,DARK (UNKNOWN ROADWAY LIGHTING),,,6/20/2022 10:17:38 AM,False,5429,Accepted,
30204131,0568000,LOUISVILLE METRO POLICE DEPT,Accepted,JEFFERSON,KY1931,3600B,MANSLICK,RD,,,,,,,,38.196221574,-85.800709041,8.422,6/17/2022 12:00:00 AM,1140,2,2,0,0,RAINING,WET,False,REAR END IN TRAFFIC LANES BOTH VEHICLES MOVING,REAR END,CURVE & LEVEL,DAYLIGHT,,,6/20/2022 10:17:09 AM,False,5221,Accepted,
30204100,0568000,LOUISVILLE METRO POLICE DEPT,Accepted,JEFFERSON,US0031E,,BUECHEL,BYP,,KY2052,HIKES,,,,,38.198326323,-85.660964445,10.966,6/17/2022 12:00:00 AM,1608,2,2,0,0,CLEAR,DRY,False,OTHER INTERSECTION COLLISIONS,REAR END,STRAIGHT & LEVEL,DAYLIGHT,,,6/20/2022 10:16:12 AM,False,5286,Accepted,
30204109,0568000,LOUISVILLE METRO POLICE DEPT,Accepted,JEFFERSON,,,STONESTREET,RD,,KY0907,3RD ST,,,,,38.112898470,-85.836969285,1.203,6/17/2022 12:00:00 AM,1511,2,2,0,0,CLEAR,DRY,False,OTHER INTERSECTION COLLISIONS,REAR END,STRAIGHT & LEVEL,DAYLIGHT,,,6/20/2022 10:16:38 AM,False,5110,Accepted,
30204237,0568000,LOUISVILLE METRO POLICE DEPT,Accepted,JEFFERSON,,555,4TH,ST,S,,,,,,,38.249377607,-85.757020348,0.488,6/17/2022 12:00:00 AM,1843,2,2,0,0,CLOUDY,DRY,True,1 VEHICLE PARKED POSITION (NOT PARKING LOT/DRIVEWAY),SIDESWIPE-SAME DIRECTION,STRAIGHT & LEVEL,DAYLIGHT,,,6/20/2022 10:23:33 AM,False,5403,Accepted,
30222221,0568000,LOUISVILLE METRO POLICE DEPT,Accepted,JEFFERSON,,5003,MUD,LN,,,,,,,,38.088145786,-85.670371418,0.414,6/17/2022 12:00:00 AM,1408,1,1,0,0,CLEAR,DRY,False,COLLISION WITH FIXED OBJECT NON - INTERSECTION - FIRST EVENT COLLISION 09 - 32 EXCLUDING 16,SINGLE VEHICLE,CURVE & LEVEL,DAYLIGHT,,,6/24/2022 8:09:07 AM,False,7799,Accepted,
30204152,0568000,LOUISVILLE METRO POLICE DEPT,Accepted,JEFFERSON,,,26TH,ST,S,,CEDAR,,,,,38.256605330,-85.794197357,0.283,6/17/2022 12:00:00 AM,2200,2,2,0,0,CLEAR,DRY,True,COLLISION WITH PARKED VEHICLE,REAR END,STRAIGHT & LEVEL,DARK-HWY LIGHTED/ON,,,6/20/2022 10:17:56 AM,False,5421,Accepted,
30204147,0568000,LOUISVILLE METRO POLICE DEPT,Accepted,JEFFERSON,KY0061,,PRESTON,HWY,,,PARK,,,,,38.117329321,-85.676966088,2.391,6/17/2022 12:00:00 AM,1951,2,2,0,0,CLEAR,DRY,False,OTHER INTERSECTION COLLISIONS,REAR END,STRAIGHT & LEVEL,DAYLIGHT,,,6/20/2022 10:17:47 AM,False,5314,Accepted,
30204114,0568000,LOUISVILLE METRO POLICE DEPT,Accepted,JEFFERSON,US0042,,MELLWOOD,AVE,,US0060,FRANKFORT,,,,,38.257712625,-85.719476477,0.805,6/17/2022 12:00:00 AM,0927,2,2,0,0,CLOUDY,DRY,False,SIDESWIPE-SAME DIRECTION,SIDESWIPE-SAME DIRECTION,STRAIGHT & LEVEL,DAYLIGHT,,,6/20/2022 10:16:49 AM,False,6813,Accepted,
30204158,0568000,LOUISVILLE METRO POLICE DEPT,Accepted,JEFFERSON,,,ROY WILKINS,AVE,,,CHESTNUT,,,,,38.249952880,-85.766416027,0.524,6/17/2022 12:00:00 AM,1154,2,2,0,0,RAINING,WET,False,OTHER INTERSECTION COLLISIONS,REAR END,STRAIGHT & LEVEL,DAYLIGHT,,,6/20/2022 10:18:23 AM,False,7347,Accepted,
30204168,0568000,LOUISVILLE METRO POLICE DEPT,Accepted,JEFFERSON,US0060A,,EASTERN,PKWY,,,DELOR,,,,,38.217081317,-85.738505097,4.855,6/17/2022 12:00:00 AM,1242,3,3,0,0,CLOUDY,DRY,True,OTHER INTERSECTION COLLISIONS,REAR END,STRAIGHT & LEVEL,DAYLIGHT,,,6/20/2022 10:19:03 AM,False,5186,Accepted,
30204136,0568000,LOUISVILLE METRO POLICE DEPT,Accepted,JEFFERSON,KY1931,,MANSLICK,RD,,,VISTA JOHN,,,,,38.156070292,-85.801293633,5.544,6/17/2022 12:00:00 AM,1613,2,2,0,0,CLEAR,DRY,False,ANGLE COLLISION - ONE VEHICLE TURNING LEFT,ANGLE,STRAIGHT & GRADE,DAYLIGHT,,,6/20/2022 10:17:22 AM,False,7485,Accepted,
30204231,0568000,LOUISVILLE METRO POLICE DEPT,Accepted,JEFFERSON,I 0265,,,,,,,,,,,38.125685553,-85.614041796,0.247,6/17/2022 12:00:00 AM,1941,2,2,0,1,CLEAR,DRY,False,OTHER RAMP RELATED COLLISIONS NOT LISTED ABOVE,REAR END,STRAIGHT & GRADE,DAYLIGHT,I 0265,KY0864,6/20/2022 10:23:06 AM,False,5342,Accepted,
30204173,0568000,LOUISVILLE METRO POLICE DEPT,Accepted,JEFFERSON,I 0065,,I65 S,,,,,I 0065,I65 S EXIT132 ON RAMP FROM  CRITTENDEN DR,I 0065,I65 S EXIT131B OFF RAMP,38.201569109,-85.735979210,131.600,6/17/2022 12:00:00 AM,1819,2,2,0,0,CLEAR,DRY,False,SIDESWIPE COLLISION - SAME DIRECTION,SIDESWIPE-SAME DIRECTION,CURVE & LEVEL,DAYLIGHT,,,6/20/2022 10:19:22 AM,False,5221,Accepted,
30204167,0568000,LOUISVILLE METRO POLICE DEPT,Accepted,JEFFERSON,,,ROY WILKINS,AVE,,,MUHAMMAD ALI,,,,,38.251691594,-85.765486523,0.367,6/17/2022 12:00:00 AM,1142,2,2,0,1,CLEAR,DRY,False,COLLISION WITH PARKED VEHICLE,REAR END,STRAIGHT & LEVEL,DAYLIGHT,,,6/20/2022 10:18:57 AM,False,5338,Accepted,
30204087,0568000,LOUISVILLE METRO POLICE DEPT,Accepted,JEFFERSON,KY3064,,PORTLAND,AVE,,,24TH,,,,,38.270052840,-85.787140357,0.276,6/17/2022 12:00:00 AM,0747,2,2,0,0,CLEAR,DRY,False,HEAD-ON COLLISION,HEAD ON,STRAIGHT & LEVEL,DAWN,,,6/20/2022 10:15:23 AM,False,7463,Accepted,
30204090,0568000,LOUISVILLE METRO POLICE DEPT,Accepted,JEFFERSON,,,7TH,ST,S,KY2054,ALGONQUIN,,,,,38.220061547,-85.777381776,,6/17/2022 12:00:00 AM,1301,2,2,0,0,CLOUDY,WET,False,REAR END - ONE VEHICLE TURNING RIGHT,REAR END,STRAIGHT & LEVEL,DAYLIGHT,,,6/20/2022 10:15:39 AM,False,7437,Accepted,
30204098,0568000,LOUISVILLE METRO POLICE DEPT,Accepted,JEFFERSON,US0060A,2911,TAYLOR,BLVD,,,,,,,,38.208284870,-85.773734424,2.483,6/17/2022 12:00:00 AM,1119,3,3,0,0,CLOUDY,WET,False,1 VEHICLE ENTERING/LEAVING ENTRANCE,ANGLE,STRAIGHT & LEVEL,DAYLIGHT,,,6/20/2022 10:16:02 AM,False,5433,Accepted,
30204155,0568000,LOUISVILLE METRO POLICE DEPT,Accepted,JEFFERSON,,,JEFFERSON,ST,W,KY1020,2ND,,,,,38.253480040,-85.753709137,0.091,6/17/2022 12:00:00 AM,0920,2,2,0,0,CLOUDY,DRY,False,ANGLE COLLISION - OTHER,ANGLE,STRAIGHT & LEVEL,DAYLIGHT,,,6/20/2022 10:18:08 AM,False,7904,Accepted,
30204185,0568000,LOUISVILLE METRO POLICE DEPT,Accepted,JEFFERSON,US0031W,,DIXIE,HWY,,,,,KERRICK,,ST PAULS CHURCH,38.151957962,-85.836512402,12.188,6/17/2022 12:00:00 AM,2348,2,2,0,0,CLEAR,DRY,False,OTHER ROADWAY OR MID-BLOCK COLLISION,REAR END,STRAIGHT & LEVEL,DARK-HWY LIGHTED/ON,,,6/20/2022 10:20:17 AM,False,7871,Accepted,
30235489,0565000,LYNDON POLICE DEPARTMENT,Accepted,JEFFERSON,KY1020,,NATIONAL,TPKE,,,,,SAM,,ENTERPRISE,38.146459859,-85.758598677,5.108,6/17/2022 12:00:00 AM,1730,2,1,0,0,CLEAR,DRY,False,SIDESWIPE COLLISION - SAME DIRECTION,SIDESWIPE-SAME DIRECTION,STRAIGHT & LEVEL,DAYLIGHT,,,6/28/2022 3:02:51 AM,False,1380,Accepted,
30194477,0568000,LOUISVILLE METRO POLICE DEPT,Accepted,JEFFERSON,KY1020,,3RD,ST,S,,,,,,,38.232587545,-85.759052293,11.163,6/17/2022 12:00:00 AM,0108,3,3,0,2,CLEAR,DRY,True,1 VEHICLE ENTERING/LEAVING ENTRANCE,ANGLE,STRAIGHT & LEVEL,DUSK,,,6/17/2022 7:33:20 AM,False,5302,Accepted,
30204310,0568000,LOUISVILLE METRO POLICE DEPT,Accepted,JEFFERSON,,2318,HALE,AVE,,,,,,,,38.238675098,-85.793553663,0.835,6/17/2022 12:00:00 AM,1134,2,1,0,0,RAINING,WET,False,1 VEHICLE PARKED POSITION (NOT PARKING LOT/DRIVEWAY),SIDESWIPE-SAME DIRECTION,STRAIGHT & LEVEL,DAYLIGHT,,,6/20/2022 10:17:14 AM,False,5039,Accepted,
30204230,0568000,LOUISVILLE METRO POLICE DEPT,Accepted,JEFFERSON,,,REGENT,WAY,,,,,RANGOON,,ROBINWOOD,38.174938993,-85.665068668,0.326,6/17/2022 12:00:00 AM,2035,2,2,0,0,CLEAR,DRY,True,1 VEHICLE PARKED POSITION (NOT PARKING LOT/DRIVEWAY),ANGLE,CURVE & LEVEL,DAYLIGHT,,,6/20/2022 10:23:01 AM,False,5171,Accepted,
30204124,0568000,LOUISVILLE METRO POLICE DEPT,Accepted,JEFFERSON,US0031E,,BARDSTOWN,RD,,,PARIS,,,,,38.202014838,-85.663568245,11.275,6/17/2022 12:00:00 AM,1321,2,2,0,0,CLEAR,DRY,True,ANGLE COLLISION - OTHER,ANGLE,STRAIGHT & LEVEL,DAYLIGHT,,,6/20/2022 10:17:03 AM,False,5269,Accepted,
30204104,0568000,LOUISVILLE METRO POLICE DEPT,Accepted,JEFFERSON,KY1865,,NEW CUT,RD,,KY1065,OUTER,,,,,38.126418132,-85.776219999,1.258,6/17/2022 12:00:00 AM,1137,2,2,0,1,RAINING,WET,False,ANGLE COLLISION - OTHER,ANGLE,STRAIGHT & LEVEL,DAYLIGHT,,,6/20/2022 10:16:29 AM,False,7234,Accepted,
30204107,0568000,LOUISVILLE METRO POLICE DEPT,Accepted,JEFFERSON,,,BLANTON,LN,,,,,,,,38.152134839,-85.819752528,0.966,6/17/2022 12:00:00 AM,1542,2,2,0,0,CLEAR,DRY,False,REAR END IN TRAFFIC LANES BOTH VEHICLES MOVING,REAR END,STRAIGHT & LEVEL,DAYLIGHT,,,6/20/2022 10:16:33 AM,False,7234,Accepted,
30194474,0568000,LOUISVILLE METRO POLICE DEPT,Accepted,JEFFERSON,KY3084,,OLD HENRY,RD,,I 0265,I265 N EXIT29 ON RAMP FROM KY3084,,,,,38.271430583,-85.497429253,1.375,6/16/2022 12:00:00 AM,1903,3,3,0,0,CLEAR,DRY,False,OTHER INTERSECTION COLLISIONS,REAR END,STRAIGHT & LEVEL,DAYLIGHT,,,6/17/2022 7:33:10 AM,False,5183,Accepted,
30194451,0568000,LOUISVILLE METRO POLICE DEPT,Accepted,JEFFERSON,KY2054,,ALGONQUIN,PKWY,,,35TH,,,,,38.224886980,-85.814206432,0.451,6/16/2022 12:00:00 AM,1310,2,2,0,1,CLEAR,DRY,False,ANGLE COLLISION - OTHER,ANGLE,STRAIGHT & LEVEL,DAYLIGHT,,,6/17/2022 7:31:52 AM,False,2569,Accepted,
30194457,0568000,LOUISVILLE METRO POLICE DEPT,Accepted,JEFFERSON,US0060,,SHELBYVILLE,RD,,,,,,,,38.235978568,-85.476944817,13.553,6/16/2022 12:00:00 AM,1406,2,2,0,3,CLEAR,DRY,False,OTHER ROADWAY OR MID-BLOCK COLLISION,OPPOSING LEFT TURN,STRAIGHT & GRADE,DAYLIGHT,,,6/17/2022 7:32:07 AM,False,2218,Accepted,
30212820,0568000,LOUISVILLE METRO POLICE DEPT,Accepted,JEFFERSON,KY1747,,HURSTBOURNE,PKWY,N,,,,,,,38.256222231,-85.579776062,14.213,6/16/2022 12:00:00 AM,1700,2,2,0,0,CLEAR,DRY,False,OTHER ROADWAY OR MID-BLOCK COLLISION,REAR END,STRAIGHT & LEVEL,DAYLIGHT,,,6/22/2022 8:11:35 AM,False,7615,Accepted,
30194460,0568000,LOUISVILLE METRO POLICE DEPT,Accepted,JEFFERSON,,,MAMARONECK,RD,,,TYSON,,,,,38.203720358,-85.638984349,0.450,6/16/2022 12:00:00 AM,0833,1,1,0,0,CLEAR,DRY,False,COLLISION WITH FIXED OBJECT IN INTERSECTION - FIRST EVENT COLLISION 09 - 32,SINGLE VEHICLE,STRAIGHT & LEVEL,DAYLIGHT,,,6/17/2022 7:32:18 AM,False,5247,Accepted,
30231723,0568000,LOUISVILLE METRO POLICE DEPT,Accepted,JEFFERSON,KY0022,,BROWNSBORO,RD,,,AVENUE OF THE WOODS,,,,,38.290531506,-85.616131956,1.230,6/16/2022 12:00:00 AM,1653,4,4,0,2,CLEAR,FLOODED,False,OTHER INTERSECTION COLLISIONS,REAR END,STRAIGHT & LEVEL,DAYLIGHT,,,6/27/2022 8:24:13 AM,False,7358,Accepted,
30208180,0568000,LOUISVILLE METRO POLICE DEPT,Accepted,JEFFERSON,,,1ST,ST,S,,JEFFERSON,,,,,38.253338679,-85.752133797,0.188,6/16/2022 12:00:00 AM,0021,2,2,0,0,CLEAR,DRY,False,ANGLE COLLISION - OTHER,ANGLE,STRAIGHT & LEVEL,DARK-HWY LIGHTED/ON,,,6/21/2022 8:57:51 AM,False,5348,Accepted,
30194458,0568000,LOUISVILLE METRO POLICE DEPT,Accepted,JEFFERSON,,,ST CATHERINE,ST,E,KY0061,JACKSON,,,,,38.235326977,-85.747292710,0.866,6/16/2022 12:00:00 AM,1442,2,2,0,2,CLEAR,DRY,False,ANGLE COLLISION - OTHER,ANGLE,STRAIGHT & LEVEL,DAYLIGHT,,,6/17/2022 7:32:11 AM,False,5175,Accepted,
30194469,0568000,LOUISVILLE METRO POLICE DEPT,Accepted,JEFFERSON,KY1865,,NEW CUT,RD,,,FRISBEE,,,,,38.159191777,-85.778510211,3.608,6/16/2022 12:00:00 AM,1529,2,2,0,0,CLEAR,DRY,False,VEHICLE BACKING IN INTERSECTION,BACKING,STRAIGHT & LEVEL,DAYLIGHT,,,6/17/2022 7:32:53 AM,False,5432,Accepted,
30194475,0568000,LOUISVILLE METRO POLICE DEPT,Accepted,JEFFERSON,I 0071,,I71 SB COLLECTOR DISTRIBUTOR,,,,,,,,,38.316350954,-85.579815724,9.251,6/16/2022 12:00:00 AM,1918,1,1,0,0,CLEAR,DRY,False,OTHER COLLISIONS ON SHOULDER,SINGLE VEHICLE,CURVE & LEVEL,DAYLIGHT,,,6/17/2022 7:33:13 AM,False,7369,Accepted,
30194466,0568000,LOUISVILLE METRO POLICE DEPT,Accepted,JEFFERSON,KY0061,,PRESTON,HWY,,,,,GILMORE,,ROSE,38.174974720,-85.713018888,6.908,6/16/2022 12:00:00 AM,1411,2,2,0,1,CLEAR,DRY,False,OTHER ROADWAY OR MID-BLOCK COLLISION,OPPOSING LEFT TURN,STRAIGHT & LEVEL,DAYLIGHT,,,6/17/2022 7:32:43 AM,False,7451,Accepted,
30190248,0568000,LOUISVILLE METRO POLICE DEPT,Accepted,JEFFERSON,KY1727,4949,TERRY,RD,,,,,,,,38.177655253,-85.862252024,4.015,6/16/2022 12:00:00 AM,0019,2,2,0,0,CLEAR,DRY,True,OTHER ROADWAY OR MID-BLOCK COLLISION,OPPOSING LEFT TURN,STRAIGHT & LEVEL,DARK-HWY LIGHTED/ON,,,6/16/2022 8:13:21 AM,False,5048,Accepted,
30194440,0568000,LOUISVILLE METRO POLICE DEPT,Accepted,JEFFERSON,I 0264,,,,,,,,,,,38.227613817,-85.635736400,0.368,6/16/2022 12:00:00 AM,0752,3,3,0,0,CLEAR,DRY,True,OTHER RAMP RELATED COLLISIONS NOT LISTED ABOVE,REAR END,CURVE & HILLCREST,DAYLIGHT,I 0264,KY1932,6/17/2022 7:31:12 AM,False,4903,Accepted,
30194463,0568000,LOUISVILLE METRO POLICE DEPT,Accepted,JEFFERSON,KY3064,2715,PORTLAND,AVE,,,,,,,,38.272236587,-85.793064648,0.632,6/16/2022 12:00:00 AM,1039,1,1,0,2,CLEAR,DRY,False,COLLISION WITH FIXED OBJECT NON - INTERSECTION - FIRST EVENT COLLISION 09 - 32 EXCLUDING 16,SINGLE VEHICLE,STRAIGHT & LEVEL,DAYLIGHT,,,6/17/2022 7:32:29 AM,False,5434,Accepted,
30194471,0568000,LOUISVILLE METRO POLICE DEPT,Accepted,JEFFERSON,,,34TH,ST,S,,GRAND,,,,,38.241989099,-85.809747094,1.424,6/16/2022 12:00:00 AM,1745,2,1,0,1,CLEAR,DRY,False,COLLISION WITH PEDESTRIAN IN INTERSECTION,SINGLE VEHICLE,STRAIGHT & LEVEL,DAYLIGHT,,,6/17/2022 7:33:00 AM,False,5280,Accepted,
30277558,0568000,LOUISVILLE METRO POLICE DEPT,Accepted,JEFFERSON,KY1703,,NEWBURG,RD,,,,,,,,38.202992188,-85.690543170,2.370,6/16/2022 12:00:00 AM,1904,2,2,0,0,CLEAR,DRY,False,REAR END IN TRAFFIC LANES BOTH VEHICLES MOVING,REAR END,STRAIGHT & HILLCREST,DUSK,,,7/8/2022 8:17:29 AM,False,5112,Accepted,
30194454,0568000,LOUISVILLE METRO POLICE DEPT,Accepted,JEFFERSON,,,JOHN ADAMS,WAY,,,GALSTON,,,,,38.063512216,-85.894871777,0.379,6/16/2022 12:00:00 AM,1323,2,2,0,1,CLEAR,DRY,False,ANGLE COLLISION - OTHER,ANGLE,STRAIGHT & LEVEL,DAYLIGHT,,,6/17/2022 7:31:56 AM,False,2936,Accepted,
30194467,0568000,LOUISVILLE METRO POLICE DEPT,Accepted,JEFFERSON,,,CHESTNUT,ST,E,,,,,,,38.246863779,-85.738421429,0.795,6/16/2022 12:00:00 AM,1746,2,2,0,1,CLEAR,DRY,False,1 VEHICLE PARKED POSITION (NOT PARKING LOT/DRIVEWAY),SIDESWIPE-SAME DIRECTION,STRAIGHT & LEVEL,DAYLIGHT,,,6/17/2022 7:32:46 AM,False,7216,Accepted,
30190255,0568000,LOUISVILLE METRO POLICE DEPT,Accepted,JEFFERSON,I 0265,,I265 SB,,,,,I 0265,I265 SB EXIT34 ON RAMP FROM KY22,I 0265,I265 SB EXIT34 ON RAMP FROM KY22,38.310065002,-85.573648975,34.137,6/16/2022 12:00:00 AM,0425,1,1,0,0,CLEAR,DRY,False,COLLISION WITH FIXED OBJECT NON - INTERSECTION - FIRST EVENT COLLISION 09 - 32 EXCLUDING 16,SINGLE VEHICLE,STRAIGHT & HILLCREST,DARK-HWY NOT LIGHTED,,,6/16/2022 8:13:49 AM,False,7369,Accepted,
30194441,0568000,LOUISVILLE METRO POLICE DEPT,Accepted,JEFFERSON,KY1065,,OUTER,LOOP,,,JUDGE,,,,,38.137673637,-85.669475882,7.000,6/16/2022 12:00:00 AM,0826,2,2,0,1,CLEAR,DRY,False,ANGLE COLLISION - OTHER,ANGLE,STRAIGHT & LEVEL,DAYLIGHT,,,6/17/2022 7:31:16 AM,False,2017,Accepted,
30194450,0568000,LOUISVILLE METRO POLICE DEPT,Accepted,JEFFERSON,US0031W,,DIXIE,HWY,,,,,BETHANY,,DIXIE GARDEN,38.097101854,-85.873045597,7.829,6/16/2022 12:00:00 AM,1049,2,2,0,1,CLEAR,DRY,False,1 VEHICLE ENTERING/LEAVING ENTRANCE,ANGLE,STRAIGHT & LEVEL,DAYLIGHT,,,6/17/2022 7:31:49 AM,False,6318,Accepted,
30194444,0568000,LOUISVILLE METRO POLICE DEPT,Accepted,JEFFERSON,,,MAGAZINE,ST,,,8TH,,,,,38.248343307,-85.764322311,0.069,6/16/2022 12:00:00 AM,0930,2,2,0,0,CLEAR,DRY,True,COLLISION WITH PARKED VEHICLE,REAR END,STRAIGHT & LEVEL,DAYLIGHT,,,6/17/2022 7:31:30 AM,False,5168,Accepted,
30194461,0568000,LOUISVILLE METRO POLICE DEPT,Accepted,JEFFERSON,KY2053,,THIXTON,LN,,,OLD BARDSTOWN,,,,,38.100611072,-85.566671691,7.127,6/16/2022 12:00:00 AM,1553,3,3,0,0,CLEAR,DRY,False,ANGLE COLLISION - OTHER,ANGLE,STRAIGHT & LEVEL,DAYLIGHT,,,6/17/2022 7:32:22 AM,False,2017,Accepted,
30222229,0568000,LOUISVILLE METRO POLICE DEPT,Accepted,JEFFERSON,,,COLONEL HANCOCK,DR,,US0031E,BARDSTOWN,,,,,38.130456731,-85.577324406,0.003,6/16/2022 12:00:00 AM,0926,2,2,0,0,CLEAR,DRY,False,OTHER INTERSECTION COLLISIONS,REAR END,STRAIGHT & LEVEL,DAYLIGHT,,,6/24/2022 8:09:51 AM,False,2017,Accepted,
30204217,0568000,LOUISVILLE METRO POLICE DEPT,Accepted,JEFFERSON,,3425,EASTSIDE,DR,,,,,,,,38.206700157,-85.616466972,0.494,6/16/2022 12:00:00 AM,1948,2,2,0,0,CLEAR,DRY,False,SIDESWIPE COLLISION - OPPOSITE DIRECTION,SIDESWIPE-OPPOSITE DIRECTION,STRAIGHT & LEVEL,DAYLIGHT,,,6/20/2022 10:22:20 AM,False,5305,Accepted,
30196970,0560300,ST. MATTHEWS POLICE DEPARTMENT,Accepted,JEFFERSON,US0060,,SHELBYVILLE,RD,,I 0264,I264 W EXIT20B OFF RAMP TO US60,,,,,38.250084813,-85.620495650,5.474,6/16/2022 12:00:00 AM,1845,2,2,0,1,CLEAR,DRY,False,OTHER INTERSECTION COLLISIONS,REAR END,STRAIGHT & GRADE,DAYLIGHT,,,6/17/2022 10:05:15 PM,False,9187,Accepted,
30212828,0568000,LOUISVILLE METRO POLICE DEPT,Accepted,JEFFERSON,,4700,BROWNSBORO,RD,,,,,,,,38.280541892,-85.633586979,0.009,6/16/2022 12:00:00 AM,0900,4,4,0,0,CLEAR,DRY,False,SIDESWIPE COLLISION - OPPOSITE DIRECTION,SIDESWIPE-OPPOSITE DIRECTION,STRAIGHT & LEVEL,DAYLIGHT,,,6/22/2022 8:11:57 AM,False,2738,Accepted,
30194446,0568000,LOUISVILLE METRO POLICE DEPT,Accepted,JEFFERSON,,,MCCLOSKEY,AVE,,KY2054,ALGONQUIN,,,,,38.222834890,-85.788011570,0.287,6/16/2022 12:00:00 AM,1033,2,2,0,1,CLEAR,DRY,False,ANGLE COLLISION - OTHER,ANGLE,STRAIGHT & LEVEL,DAYLIGHT,,,6/17/2022 7:31:38 AM,False,5057,Accepted,