IncidentID,AgencyORI,AgencyName,IncidentStatusDesc,County,RdwyNumber,Street,RoadwayName,StreetSfx,StreetDir,IntersectionRdwy,IntersectionRdwyName,BetweenStRdwy1,BetweenStRdwyName1,BetweenStRdwy2,BetweenStRdwyName2,Latitude,Longitude,Milepoint,CollisionDate,CollisionTime,UnitsInvolved,MotorVehiclesInvolved,NumberKilled,NumberInjured,Weather,RdwyConditionCode,HitandRun,DirAnalysisCode,MannerofCollision,RdwyCharacter,LightCondition,RampFromRdwyId,RampToRdwyId,AcceptedDate,IsSecondaryCollision,OwnerBadge,IncidentStatus,
30194476,0568000,LOUISVILLE METRO POLICE DEPT,Accepted,JEFFERSON,,,CHESTNUT,ST,E,KY0061,PRESTON,,,,,38.247774841,-85.747200827,0.313,6/12/2022 12:00:00 AM,0052,2,2,0,0,CLEAR,DRY,False,ANGLE COLLISION - OTHER,ANGLE,STRAIGHT & LEVEL,DARK (UNKNOWN ROADWAY LIGHTING),,,6/17/2022 7:33:16 AM,False,5371,Accepted,
30204241,0568000,LOUISVILLE METRO POLICE DEPT,Accepted,JEFFERSON,,,KENTUCKY,ST,E,,HANCOCK,,,,,38.237386856,-85.744868770,0.535,6/11/2022 12:00:00 AM,1621,2,2,0,1,CLEAR,DRY,False,ANGLE COLLISION - ONE VEHICLE TURNING LEFT,ANGLE,STRAIGHT & LEVEL,DAYLIGHT,,,6/20/2022 10:23:41 AM,False,5152,Accepted,
30190228,0568000,LOUISVILLE METRO POLICE DEPT,Accepted,JEFFERSON,I 0264,,I264 E,,,,,I 0065,I264 E EXIT12 ON RAMP,I 0264,I264 E EXIT14 OFF RAMP TO KY864,38.192221218,-85.712972653,13.002,6/11/2022 12:00:00 AM,1450,1,1,0,0,CLEAR,DRY,False,OTHER ROADWAY OR MID-BLOCK COLLISION,SINGLE VEHICLE,CURVE & HILLCREST,DAYLIGHT,,,6/16/2022 8:12:04 AM,False,7938,Accepted,
30176585,0568000,LOUISVILLE METRO POLICE DEPT,Accepted,JEFFERSON,KY1819,14725,BRUSH RUN,RD,,,,,,,,38.124634506,-85.482406801,0.780,6/11/2022 12:00:00 AM,1128,2,2,0,0,CLEAR,DRY,False,VEHICLE BACKING NON INTERSECTION,BACKING,CURVE & LEVEL,DAYLIGHT,,,6/13/2022 8:38:18 AM,False,5101,Accepted,
30176609,0568000,LOUISVILLE METRO POLICE DEPT,Accepted,JEFFERSON,KY1934,,GREENBELT,HWY,,US0031W,US31W RAMP TO KY1934,,,,,38.094431177,-85.885138198,0.561,6/11/2022 12:00:00 AM,2330,1,1,0,0,CLEAR,DRY,False,OTHER INTERSECTION COLLISIONS,SINGLE VEHICLE,CURVE & LEVEL,DARK-HWY NOT LIGHTED,,,6/13/2022 8:39:49 AM,False,5033,Accepted,
30176570,0568000,LOUISVILLE METRO POLICE DEPT,Accepted,JEFFERSON,,4900BLK,3RD,ST,S,,,,,,,38.176979533,-85.767047265,1.515,6/11/2022 12:00:00 AM,0045,2,2,0,0,CLOUDY,DRY,True,1 VEHICLE ENTERING/LEAVING ENTRANCE,ANGLE,STRAIGHT & LEVEL,DARK (UNKNOWN ROADWAY LIGHTING),,,6/13/2022 8:37:23 AM,False,7376,Accepted,
30176600,0568000,LOUISVILLE METRO POLICE DEPT,Accepted,JEFFERSON,I 0265,,I265 E,,,,,,,,,38.119532225,-85.634253606,14.061,6/11/2022 12:00:00 AM,1249,2,2,0,2,CLEAR,DRY,False,REAR END IN TRAFFIC LANES BOTH VEHICLES MOVING,REAR END,STRAIGHT & LEVEL,DAYLIGHT,,,6/13/2022 8:39:06 AM,False,7272,Accepted,
30176571,0568000,LOUISVILLE METRO POLICE DEPT,Accepted,JEFFERSON,,3000BLK,MUHAMMAD ALI,BLVD,W,,,,,,,38.256186865,-85.803248498,2.786,6/11/2022 12:00:00 AM,0110,1,1,0,0,CLEAR,DRY,False,OTHER ROADWAY OR MID-BLOCK COLLISION,SINGLE VEHICLE,STRAIGHT & LEVEL,DARK-HWY LIGHTED/ON,,,6/13/2022 8:37:27 AM,False,5135,Accepted,
30176599,0568000,LOUISVILLE METRO POLICE DEPT,Accepted,JEFFERSON,,,VIRGINIA,AVE,,,26TH,,,,,38.237780669,-85.796289991,0.004,6/11/2022 12:00:00 AM,1350,2,2,0,0,CLEAR,DRY,False,ANGLE COLLISION - OTHER,ANGLE,STRAIGHT & LEVEL,DAYLIGHT,,,6/13/2022 8:38:59 AM,False,7363,Accepted,
30204240,0568000,LOUISVILLE METRO POLICE DEPT,Accepted,JEFFERSON,KY1020,,2ND,ST,S,,OAK,,,,,38.234742016,-85.757008778,11.370,6/11/2022 12:00:00 AM,1515,2,2,0,0,CLEAR,DRY,True,ANGLE COLLISION - OTHER,ANGLE,STRAIGHT & LEVEL,DAYLIGHT,,,6/20/2022 10:23:37 AM,False,5152,Accepted,
30176614,0568000,LOUISVILLE METRO POLICE DEPT,Accepted,JEFFERSON,KY0864,946,GOSS,AVE,,,,,,,,38.230015903,-85.739855957,14.384,6/11/2022 12:00:00 AM,2238,2,2,0,0,CLEAR,DRY,False,1 VEHICLE PARKED POSITION (NOT PARKING LOT/DRIVEWAY),REAR END,STRAIGHT & LEVEL,DAWN,,,6/13/2022 8:40:04 AM,False,5302,Accepted,
30176575,0568000,LOUISVILLE METRO POLICE DEPT,Accepted,JEFFERSON,,,VAUGHN MILL,RD,,KY1065,OUTER,,,,,38.137291302,-85.628400528,0.575,6/11/2022 12:00:00 AM,0541,2,2,0,0,CLEAR,DRY,False,OPPOSING LEFT TURN,OPPOSING LEFT TURN,STRAIGHT & LEVEL,DAWN,,,6/13/2022 8:37:42 AM,False,5341,Accepted,
30176594,0568000,LOUISVILLE METRO POLICE DEPT,Accepted,JEFFERSON,KY0061,8232,PRESTON,HWY,,,,,,,,38.132341931,-85.683381913,3.509,6/11/2022 12:00:00 AM,1602,2,2,0,0,CLEAR,DRY,False,1 VEHICLE ENTERING/LEAVING ENTRANCE,ANGLE,STRAIGHT & LEVEL,DAYLIGHT,,,6/13/2022 8:38:38 AM,False,7669,Accepted,
30176597,0568000,LOUISVILLE METRO POLICE DEPT,Accepted,JEFFERSON,,,MUHAMMAD ALI,BLVD,W,,28TH,,,,,38.255542872,-85.797155744,2.451,6/11/2022 12:00:00 AM,1454,2,2,0,1,CLEAR,DRY,True,ANGLE COLLISION - OTHER,ANGLE,STRAIGHT & LEVEL,DAYLIGHT,,,6/13/2022 8:38:51 AM,False,7805,Accepted,
30176644,0568000,LOUISVILLE METRO POLICE DEPT,Accepted,JEFFERSON,KY1450,9706,BLUE LICK,RD,,,,,,,,38.107752708,-85.691838042,1.565,6/11/2022 12:00:00 AM,2308,1,1,0,0,CLEAR,DRY,False,COLLISION WITH FIXED OBJECT NON - INTERSECTION - FIRST EVENT COLLISION 09 - 32 EXCLUDING 16,SINGLE VEHICLE,STRAIGHT & LEVEL,DARK-HWY NOT LIGHTED,,,6/13/2022 8:42:02 AM,False,7449,Accepted,
30176573,0568000,LOUISVILLE METRO POLICE DEPT,Accepted,JEFFERSON,US0060,,SHELBYVILLE,RD,,,HOLLEY,,,,,38.248311516,-85.600148226,6.587,6/11/2022 12:00:00 AM,0402,2,2,0,0,CLEAR,DRY,True,OTHER INTERSECTION COLLISIONS,REAR END,STRAIGHT & LEVEL,DARK-HWY LIGHTED/ON,,,6/13/2022 8:37:35 AM,False,7016,Accepted,
30176598,0568000,LOUISVILLE METRO POLICE DEPT,Accepted,JEFFERSON,I 0064,,I64 E,,,,,,,,,38.278250292,-85.821690543,0.198,6/11/2022 12:00:00 AM,0950,2,2,0,0,CLEAR,DRY,True,REAR END IN TRAFFIC LANES BOTH VEHICLES MOVING,REAR END,STRAIGHT & LEVEL,DAYLIGHT,,,6/13/2022 8:38:55 AM,False,7363,Accepted,
30176615,0568000,LOUISVILLE METRO POLICE DEPT,Accepted,JEFFERSON,KY1865,,TAYLOR,BLVD,,,ASHLAND,,,,,38.186638185,-85.783804309,5.530,6/11/2022 12:00:00 AM,2046,2,2,0,0,CLEAR,DRY,True,SIDESWIPE-SAME DIRECTION,SIDESWIPE-SAME DIRECTION,STRAIGHT & LEVEL,DUSK,,,6/13/2022 8:40:07 AM,False,5236,Accepted,
30176601,0568000,LOUISVILLE METRO POLICE DEPT,Accepted,JEFFERSON,I 0065,,I65 N,,,,,,,,,38.109057657,-85.701218672,124.750,6/11/2022 12:00:00 AM,1730,2,2,0,0,CLEAR,DRY,False,1 VEHICLE PARKED POSITION (NOT PARKING LOT/DRIVEWAY),SIDESWIPE-SAME DIRECTION,STRAIGHT & LEVEL,DAYLIGHT,,,6/13/2022 8:39:11 AM,False,5042,Accepted,
30176607,0568000,LOUISVILLE METRO POLICE DEPT,Accepted,JEFFERSON,KY1931,,GREENWOOD,RD,,,NORWICH,,,,,38.144765980,-85.876154461,1.142,6/11/2022 12:00:00 AM,2244,2,2,0,0,CLEAR,DRY,False,SIDESWIPE-SAME DIRECTION,SIDESWIPE-SAME DIRECTION,STRAIGHT & LEVEL,DARK-HWY LIGHTED/ON,,,6/13/2022 8:39:37 AM,False,5212,Accepted,
30176634,0568000,LOUISVILLE METRO POLICE DEPT,Accepted,JEFFERSON,KY0061,,PRESTON,HWY,,,,,FOREST,,WANNSEE,38.160696697,-85.699174449,5.650,6/11/2022 12:00:00 AM,1626,2,2,0,2,CLEAR,DRY,False,OTHER COLLISIONS ON SHOULDER,ANGLE,STRAIGHT & LEVEL,DAYLIGHT,,,6/13/2022 8:41:02 AM,False,5027,Accepted,
30204236,0568000,LOUISVILLE METRO POLICE DEPT,Accepted,JEFFERSON,KY1020,,2ND,ST,S,,CHESTNUT,,,,,38.248602271,-85.754545929,12.286,6/11/2022 12:00:00 AM,0610,2,2,0,1,CLEAR,DRY,False,OPPOSING LEFT TURN,OPPOSING LEFT TURN,STRAIGHT & LEVEL,DAWN,,,6/20/2022 10:23:29 AM,False,5403,Accepted,
30190252,0568000,LOUISVILLE METRO POLICE DEPT,Accepted,JEFFERSON,,,JEFFERSON,ST,E,,HANCOCK,,,,,38.252390963,-85.743617571,0.587,6/11/2022 12:00:00 AM,0734,2,2,0,0,CLEAR,DRY,False,COLLISION WITH PARKED VEHICLE,SIDESWIPE-SAME DIRECTION,STRAIGHT & LEVEL,DAYLIGHT,,,6/16/2022 8:13:37 AM,False,5385,Accepted,
30176602,0568000,LOUISVILLE METRO POLICE DEPT,Accepted,JEFFERSON,I 0071,,I71 N,,,,,I 0071,I71 TURN AROUND6,I 0071,I71 TURN AROUND8,38.309828940,-85.591655003,8.454,6/11/2022 12:00:00 AM,1745,2,2,0,1,CLEAR,DRY,False,REAR END IN TRAFFIC LANES BOTH VEHICLES MOVING,REAR END,STRAIGHT & LEVEL,DAYLIGHT,,,6/13/2022 8:39:17 AM,False,6406,Accepted,
30176793,0568000,LOUISVILLE METRO POLICE DEPT,Accepted,JEFFERSON,I 0265,,I265 NB,,,,,,,,,38.311561116,-85.575740936,34.315,6/11/2022 12:00:00 AM,1236,2,1,0,2,CLEAR,DRY,False,OTHER ROADWAY OR MID-BLOCK COLLISION,REAR END,STRAIGHT & LEVEL,DAYLIGHT,,,6/13/2022 8:38:12 AM,False,2489,Accepted,
30176577,0568000,LOUISVILLE METRO POLICE DEPT,Accepted,JEFFERSON,US0060A,,TAYLOR,BLVD,,,WELLER,,,,,38.208352084,-85.773669077,2.487,6/11/2022 12:00:00 AM,0119,2,2,0,0,CLEAR,DRY,True,OTHER INTERSECTION COLLISIONS,REAR END,STRAIGHT & LEVEL,DARK-HWY LIGHTED/ON,,,6/13/2022 8:37:50 AM,False,5316,Accepted,
30176646,0568000,LOUISVILLE METRO POLICE DEPT,Accepted,JEFFERSON,,,BRECKINRIDGE,ST,W,,9TH,,,,,38.242998566,-85.767339991,0.725,6/11/2022 12:00:00 AM,0335,2,2,0,0,CLEAR,DRY,True,REAR END - ONE VEHICLE TURNING LEFT,REAR END,STRAIGHT & LEVEL,DARK-HWY LIGHTED/ON,,,6/13/2022 8:42:24 AM,False,5365,Accepted,
30176576,0568000,LOUISVILLE METRO POLICE DEPT,Accepted,JEFFERSON,I 0071,,I71 N,,,,,,,,,38.276155967,-85.695090195,1.916,6/11/2022 12:00:00 AM,0548,1,1,0,0,CLEAR,DRY,False,COLLISION WITH FIXED OBJECT NON - INTERSECTION - FIRST EVENT COLLISION 09 - 32 EXCLUDING 16,SINGLE VEHICLE,STRAIGHT & LEVEL,DAWN,,,6/13/2022 8:37:46 AM,False,7682,Accepted,
30176595,0568000,LOUISVILLE METRO POLICE DEPT,Accepted,JEFFERSON,KY1747,,HURSTBOURNE,PKWY,N,,,,,,,38.289235966,-85.573708853,17.181,6/10/2022 12:00:00 AM,1530,2,2,0,0,CLOUDY,WET,False,HEAD-ON COLLISION,HEAD ON,STRAIGHT & LEVEL,DAYLIGHT,,,6/13/2022 8:38:43 AM,True,7615,Accepted,
30176540,0568000,LOUISVILLE METRO POLICE DEPT,Accepted,JEFFERSON,I 0264,,I264 W,,,,,,,,,38.200455653,-85.698240091,13.993,6/10/2022 12:00:00 AM,1255,2,2,0,0,RAINING,WET,False,REAR END IN TRAFFIC LANES BOTH VEHICLES MOVING,REAR END,STRAIGHT & HILLCREST,DAYLIGHT,,,6/13/2022 8:36:00 AM,False,4903,Accepted,
30176559,0568000,LOUISVILLE METRO POLICE DEPT,Accepted,JEFFERSON,I 0064,,I64 W,,,,,,,,,38.264410975,-85.774325465,3.248,6/10/2022 12:00:00 AM,1354,2,2,0,0,RAINING,WET,False,SIDESWIPE COLLISION - SAME DIRECTION,SIDESWIPE-SAME DIRECTION,STRAIGHT & GRADE,DAYLIGHT,,,6/13/2022 8:36:39 AM,False,5434,Accepted,
30176548,0568000,LOUISVILLE METRO POLICE DEPT,Accepted,JEFFERSON,I 0065,,I65 S,,,,,,,,,38.265830644,-85.744207854,136.980,6/10/2022 12:00:00 AM,1316,2,2,0,3,RAINING,WET,False,REAR END IN TRAFFIC LANES BOTH VEHICLES MOVING,REAR END,STRAIGHT & LEVEL,DAYLIGHT,,,6/13/2022 8:36:16 AM,False,7216,Accepted,
30176562,0568000,LOUISVILLE METRO POLICE DEPT,Accepted,JEFFERSON,,,VALIANT,DR,,,,,,,,38.166345446,-85.827062484,0.027,6/10/2022 12:00:00 AM,1204,2,2,0,0,CLOUDY,WET,False,1 VEHICLE PARKED POSITION (NOT PARKING LOT/DRIVEWAY),REAR END,STRAIGHT & LEVEL,DAYLIGHT,,,6/13/2022 8:36:50 AM,False,7340,Accepted,
30176568,0568000,LOUISVILLE METRO POLICE DEPT,Accepted,JEFFERSON,I 0264,,I264 E,,,,,,,,,38.231754233,-85.629803536,18.340,6/10/2022 12:00:00 AM,1915,2,2,0,1,CLOUDY,DRY,False,REAR END IN TRAFFIC LANES BOTH VEHICLES MOVING,REAR END,STRAIGHT & LEVEL,DAYLIGHT,,,6/13/2022 8:37:15 AM,False,6777,Accepted,
30203764,0568000,LOUISVILLE METRO POLICE DEPT,Accepted,JEFFERSON,I 0071,,I71 S,,,,,,,,,38.300399890,-85.616209344,6.950,6/10/2022 12:00:00 AM,0839,2,1,0,1,CLEAR,DRY,False,REAR END IN TRAFFIC LANES BOTH VEHICLES MOVING,REAR END,STRAIGHT & LEVEL,DAYLIGHT,,,6/20/2022 8:44:49 AM,False,4903,Accepted,
30176579,0568000,LOUISVILLE METRO POLICE DEPT,Accepted,JEFFERSON,US0031W,7238,DIXIE,HWY,,,,,,,,38.131608815,-85.846938160,10.629,6/10/2022 12:00:00 AM,1513,2,2,0,2,RAINING,WET,False,REAR END IN TRAFFIC LANES BOTH VEHICLES MOVING,REAR END,STRAIGHT & LEVEL,DAYLIGHT,,,6/13/2022 8:38:01 AM,False,2311,Accepted,
30185488,0568000,LOUISVILLE METRO POLICE DEPT,Accepted,JEFFERSON,I 0071,,I71 SB,,,,,,,,,38.300468038,-85.615238279,7.002,6/10/2022 12:00:00 AM,1435,2,2,0,0,RAINING,WET,False,SIDESWIPE COLLISION - SAME DIRECTION,SIDESWIPE-SAME DIRECTION,STRAIGHT & HILLCREST,DAYLIGHT,,,6/15/2022 8:19:37 AM,False,7751,Accepted,
30185490,0568000,LOUISVILLE METRO POLICE DEPT,Accepted,JEFFERSON,I 0265,,I265 EB,,,,,,,,,38.111076563,-85.672732588,11.872,6/10/2022 12:00:00 AM,1615,2,2,0,3,CLOUDY,WET,False,1 VEHICLE ENTERING/LEAVING ENTRANCE,ANGLE,STRAIGHT & LEVEL,DAYLIGHT,,,6/15/2022 8:19:43 AM,False,7751,Accepted,
30176541,0568000,LOUISVILLE METRO POLICE DEPT,Accepted,JEFFERSON,,,RIVER DELL,DR,,,,,,,,38.268634884,-85.699264262,0.275,6/10/2022 12:00:00 AM,0938,2,2,0,0,CLEAR,DRY,False,VEHICLE BACKING NON INTERSECTION,BACKING,STRAIGHT & LEVEL,DAYLIGHT,,,6/13/2022 8:36:06 AM,False,5439,Accepted,
30176551,0568000,LOUISVILLE METRO POLICE DEPT,Accepted,JEFFERSON,I 0071,,I71 SB,,,,,,,,,38.300468038,-85.615238279,7.002,6/10/2022 12:00:00 AM,1350,1,1,0,0,RAINING,WATER (STANDING OR MOVING),False,OTHER COLLISIONS ON SHOULDER,SINGLE VEHICLE,CURVE & HILLCREST,DAYLIGHT,,,6/13/2022 8:36:20 AM,False,7751,Accepted,
30176560,0568000,LOUISVILLE METRO POLICE DEPT,Accepted,JEFFERSON,US0060A,,EASTERN,PKWY,,,BRADLEY,,,,,38.212467977,-85.747088058,4.281,6/10/2022 12:00:00 AM,1356,1,1,0,0,RAINING,WET,False,COLLISION WITH FIXED OBJECT IN INTERSECTION - FIRST EVENT COLLISION 09 - 32,SINGLE VEHICLE,CURVE & LEVEL,DAYLIGHT,,,6/13/2022 8:36:43 AM,False,5152,Accepted,
30185524,0568000,LOUISVILLE METRO POLICE DEPT,Accepted,JEFFERSON,,,OLD ST ANDREWS CHURCH,RD,,KY1931,ST ANDREWS CHURCH,,,,,38.143426036,-85.837768920,0.123,6/10/2022 12:00:00 AM,1430,2,2,0,0,RAINING,WET,False,ANGLE COLLISION - OTHER,ANGLE,STRAIGHT & LEVEL,DAYLIGHT,,,6/15/2022 8:22:28 AM,False,2098,Accepted,
30176580,0568000,LOUISVILLE METRO POLICE DEPT,Accepted,JEFFERSON,I 0065,,,,,,,,,,,38.253108762,-85.750397868,0.090,6/10/2022 12:00:00 AM,1757,2,2,0,0,CLEAR,DRY,False,OTHER RAMP RELATED COLLISIONS NOT LISTED ABOVE,ANGLE,STRAIGHT & LEVEL,DAYLIGHT,I 0065,E JEFFERSON ST,6/13/2022 8:38:07 AM,False,7823,Accepted,
30176574,0568000,LOUISVILLE METRO POLICE DEPT,Accepted,JEFFERSON,,,34TH,ST,S,,MARKET,,,,,38.260935076,-85.806874310,0.089,6/10/2022 12:00:00 AM,1945,2,2,0,0,CLOUDY,DRY,True,ANGLE COLLISION - OTHER,ANGLE,STRAIGHT & LEVEL,DAYLIGHT,,,6/13/2022 8:37:38 AM,False,5298,Accepted,
30176565,0568000,LOUISVILLE METRO POLICE DEPT,Accepted,JEFFERSON,KY1931,,MANSLICK,RD,,KY1142,PALATKA,,,,,38.155390802,-85.802014486,5.490,6/10/2022 12:00:00 AM,1624,2,2,0,0,RAINING,WET,False,HEAD-ON COLLISION,HEAD ON,STRAIGHT & LEVEL,DAYLIGHT,,,6/13/2022 8:37:01 AM,False,5432,Accepted,
30176554,0568000,LOUISVILLE METRO POLICE DEPT,Accepted,JEFFERSON,,6200,GELLHAUS,LN,,,,,,,,38.153378681,-85.544747823,0.340,6/10/2022 12:00:00 AM,1212,1,1,0,0,CLOUDY,DRY,False,COLLISION WITH FIXED OBJECT NON - INTERSECTION - FIRST EVENT COLLISION 09 - 32 EXCLUDING 16,SINGLE VEHICLE,STRAIGHT & LEVEL,DAYLIGHT,,,6/13/2022 8:36:24 AM,False,2017,Accepted,
30176683,KSP0400,KY STATE POLICE POST 04,Accepted,JEFFERSON,,,GARLAND,AVE,,,,,,,,38.244465891,-85.793434709,1.411,6/10/2022 12:00:00 AM,1500,3,3,0,0,CLOUDY,WET,True,1 VEHICLE PARKED POSITION (NOT PARKING LOT/DRIVEWAY),SIDESWIPE-SAME DIRECTION,STRAIGHT & LEVEL,DAYLIGHT,,,6/13/2022 8:59:01 AM,False,571,Accepted,
30176591,0568000,LOUISVILLE METRO POLICE DEPT,Accepted,JEFFERSON,,2103,LOWER HUNTERS,TRCE,,,,,,,,38.157174666,-85.845097707,0.579,6/10/2022 12:00:00 AM,1434,2,2,0,0,CLOUDY,WET,True,REAR END IN TRAFFIC LANES BOTH VEHICLES MOVING,REAR END,STRAIGHT & LEVEL,DAYLIGHT,,,6/13/2022 8:38:30 AM,False,7817,Accepted,
30176564,0568000,LOUISVILLE METRO POLICE DEPT,Accepted,JEFFERSON,,,FLOWERVALE,LN,,,,,ORELL,US0031W,DIXIE,38.085117376,-85.879315382,0.031,6/10/2022 12:00:00 AM,1745,3,3,0,1,CLOUDY,DRY,False,1 VEHICLE ENTERING/LEAVING ENTRANCE,ANGLE,STRAIGHT & HILLCREST,DAYLIGHT,,,6/13/2022 8:36:57 AM,False,6318,Accepted,
30176558,0568000,LOUISVILLE METRO POLICE DEPT,Accepted,JEFFERSON,KY0061,,PRESTON,HWY,,,,,GLEN ROSE,,PARK,38.115140587,-85.676328892,2.219,6/10/2022 12:00:00 AM,1650,2,2,0,0,CLOUDY,DRY,False,OTHER ROADWAY OR MID-BLOCK COLLISION,REAR END,STRAIGHT & GRADE,DAYLIGHT,,,6/13/2022 8:36:36 AM,False,2324,Accepted,
30176555,0568000,LOUISVILLE METRO POLICE DEPT,Accepted,JEFFERSON,KY0864,,FEGENBUSH,LN,,,,,WOODROW,,FENWICK,38.155575852,-85.636696515,6.062,6/10/2022 12:00:00 AM,1501,2,2,0,2,RAINING,WET,False,HEAD-ON COLLISION,HEAD ON,CURVE & LEVEL,DAYLIGHT,,,6/13/2022 8:36:28 AM,False,2017,Accepted,
30176648,0568000,LOUISVILLE METRO POLICE DEPT,Accepted,JEFFERSON,KY1747,3601,FERN VALLEY,RD,,,,,,,,38.157681576,-85.694583080,1.995,6/10/2022 12:00:00 AM,1500,2,2,0,1,RAINING,WET,False,1 VEHICLE ENTERING/LEAVING ENTRANCE,ANGLE,STRAIGHT & LEVEL,DAYLIGHT,,,6/13/2022 8:42:33 AM,False,5309,Accepted,
30176545,0568000,LOUISVILLE METRO POLICE DEPT,Accepted,JEFFERSON,,,ZORN,AVE,,,,,,,,38.274346028,-85.696919684,1.514,6/10/2022 12:00:00 AM,1132,2,2,0,0,CLEAR,DRY,False,1 VEHICLE ENTERING/LEAVING ENTRANCE,ANGLE,STRAIGHT & LEVEL,DAYLIGHT,,,6/13/2022 8:36:11 AM,False,5439,Accepted,
30167524,0568000,LOUISVILLE METRO POLICE DEPT,Accepted,JEFFERSON,,,NORTHWESTERN,PKWY,,,,,,,,38.269891760,-85.781835030,0.690,6/10/2022 12:00:00 AM,0815,2,2,0,0,CLEAR,DRY,False,1 VEHICLE ENTERING/LEAVING ENTRANCE,ANGLE,STRAIGHT & LEVEL,DAYLIGHT,,,6/10/2022 10:11:20 AM,False,7852,Accepted,
30176578,0568000,LOUISVILLE METRO POLICE DEPT,Accepted,JEFFERSON,KY1727,,TERRY,RD,,,JOHNSONTOWN,,,,,38.121727178,-85.874722463,,6/10/2022 12:00:00 AM,0919,2,2,0,0,CLOUDY,DRY,False,HEAD-ON COLLISION,HEAD ON,STRAIGHT & LEVEL,DAYLIGHT,,,6/13/2022 8:37:54 AM,False,2311,Accepted,
30176603,0568000,LOUISVILLE METRO POLICE DEPT,Accepted,JEFFERSON,KY2251,,BARDSTOWN,RD,,,SIX MILE,,,,,38.195088769,-85.652727039,0.558,6/10/2022 12:00:00 AM,1834,2,2,0,2,CLEAR,DRY,False,OPPOSING LEFT TURN,OPPOSING LEFT TURN,STRAIGHT & LEVEL,DAYLIGHT,,,6/13/2022 8:39:22 AM,False,5427,Accepted,
30176566,0568000,LOUISVILLE METRO POLICE DEPT,Accepted,JEFFERSON,KY1747,,HURSTBOURNE,PKWY,S,,BUNSEN,,,,,38.218718021,-85.583967374,11.466,6/10/2022 12:00:00 AM,1231,2,2,0,0,RAINING,WET,True,SIDESWIPE-SAME DIRECTION,SIDESWIPE-SAME DIRECTION,STRAIGHT & LEVEL,DAYLIGHT,,,6/13/2022 8:37:05 AM,False,5247,Accepted,
30176563,0568000,LOUISVILLE METRO POLICE DEPT,Accepted,JEFFERSON,KY0841,,GENE SNYDER,FWY,,,,,,,,38.088706244,-85.855639816,1.149,6/10/2022 12:00:00 AM,1654,2,2,0,1,CLEAR,DRY,False,SIDESWIPE COLLISION - SAME DIRECTION,SIDESWIPE-SAME DIRECTION,STRAIGHT & LEVEL,DAYLIGHT,,,6/13/2022 8:36:54 AM,False,7202,Accepted,
30176572,0568000,LOUISVILLE METRO POLICE DEPT,Accepted,JEFFERSON,,4148,FORDSON,WAY,,,,,,,,38.237996901,-85.821774329,0.037,6/10/2022 12:00:00 AM,2331,2,2,0,0,CLEAR,DRY,True,1 VEHICLE PARKED POSITION (NOT PARKING LOT/DRIVEWAY),SIDESWIPE-SAME DIRECTION,STRAIGHT & LEVEL,DUSK,,,6/13/2022 8:37:30 AM,False,7309,Accepted,
30176567,0568000,LOUISVILLE METRO POLICE DEPT,Accepted,JEFFERSON,KY0155,,TAYLORSVILLE,RD,,,YORKSHIRE,,,,,38.220178790,-85.628127932,13.431,6/10/2022 12:00:00 AM,1515,3,3,0,1,RAINING,WET,False,OTHER INTERSECTION COLLISIONS,REAR END,STRAIGHT & LEVEL,DAYLIGHT,,,6/13/2022 8:37:10 AM,False,5276,Accepted,
30176241,0564400,INDIAN HILLS POLICE DEPARTMENT,Accepted,JEFFERSON,US0042,,BROWNSBORO,RD,,KY1932,CHENOWETH,,,,,38.265804222,-85.665869886,3.889,6/10/2022 12:00:00 AM,1300,2,2,0,0,RAINING,WET,False,OPPOSING LEFT TURN,OPPOSING LEFT TURN,STRAIGHT & GRADE,DAYLIGHT,,,6/13/2022 7:14:27 AM,False,4419,Accepted,
30176561,0568000,LOUISVILLE METRO POLICE DEPT,Accepted,JEFFERSON,I 0071,,I71 SB,,,,,,,,,38.290539257,-85.648042014,5.002,6/10/2022 12:00:00 AM,1534,1,1,0,1,CLOUDY,WET,False,RAN OFF ROADWAY (1 VEHICLE WITH/EARTH EMBANKMENT/DITCH),SINGLE VEHICLE,STRAIGHT & LEVEL,DAYLIGHT,,,6/13/2022 8:36:46 AM,False,2217,Accepted,
30185525,0568000,LOUISVILLE METRO POLICE DEPT,Accepted,JEFFERSON,KY0841,,GENE SNYDER,FWY,,,,,WOODRIDGE,US0031W,US31W RAMP FROM KY841,38.090575153,-85.867836090,0.456,6/10/2022 12:00:00 AM,1650,2,2,0,0,CLOUDY,DRY,True,REAR END IN TRAFFIC LANES BOTH VEHICLES MOVING,REAR END,STRAIGHT & LEVEL,DAYLIGHT,,,6/15/2022 8:22:31 AM,False,2098,Accepted,
30176588,0568000,LOUISVILLE METRO POLICE DEPT,Accepted,JEFFERSON,,,THOMAS,AVE,,,DUANE,,,,,38.174665789,-85.840105053,0.368,6/10/2022 12:00:00 AM,1724,2,2,0,1,CLOUDY,DRY,True,ANGLE COLLISION - OTHER,ANGLE,STRAIGHT & GRADE,DAYLIGHT,,,6/13/2022 8:38:22 AM,False,7817,Accepted,