IncidentID,AgencyORI,AgencyName,IncidentStatusDesc,County,RdwyNumber,Street,RoadwayName,StreetSfx,StreetDir,IntersectionRdwy,IntersectionRdwyName,BetweenStRdwy1,BetweenStRdwyName1,BetweenStRdwy2,BetweenStRdwyName2,Latitude,Longitude,Milepoint,CollisionDate,CollisionTime,UnitsInvolved,MotorVehiclesInvolved,NumberKilled,NumberInjured,Weather,RdwyConditionCode,HitandRun,DirAnalysisCode,MannerofCollision,RdwyCharacter,LightCondition,RampFromRdwyId,RampToRdwyId,AcceptedDate,IsSecondaryCollision,OwnerBadge,IncidentStatus,
30167517,0568000,LOUISVILLE METRO POLICE DEPT,Accepted,JEFFERSON,,,GRINSTEAD,DR,,,,,,,,38.238088062,-85.721617346,0.088,6/9/2022 12:00:00 AM,2030,2,2,0,0,CLEAR,DRY,False,1 VEHICLE ENTERING/LEAVING ENTRANCE,ANGLE,STRAIGHT & GRADE,DAYLIGHT,,,6/10/2022 10:10:46 AM,False,5195,Accepted,
30167500,0568000,LOUISVILLE METRO POLICE DEPT,Accepted,JEFFERSON,,,BROADWAY,,W,,,,,,,38.249376588,-85.793541783,0.290,6/9/2022 12:00:00 AM,1607,2,2,0,0,CLEAR,DRY,False,SIDESWIPE COLLISION - SAME DIRECTION,SIDESWIPE-SAME DIRECTION,STRAIGHT & LEVEL,DAYLIGHT,,,6/10/2022 10:09:51 AM,False,5441,Accepted,
30167520,0568000,LOUISVILLE METRO POLICE DEPT,Accepted,JEFFERSON,US0031W,,DIXIE,HWY,,,PARALEE,,,,,38.132994425,-85.846007566,10.716,6/9/2022 12:00:00 AM,2217,2,2,0,2,CLEAR,DRY,False,ANGLE COLLISION - OTHER,ANGLE,STRAIGHT & LEVEL,UNKNOWN,,,6/10/2022 10:11:02 AM,False,5121,Accepted,
30167522,0568000,LOUISVILLE METRO POLICE DEPT,Accepted,JEFFERSON,US0031E,2455,BARDSTOWN,RD,,,,,,,,38.223521924,-85.686531331,13.236,6/9/2022 12:00:00 AM,2300,1,1,0,0,CLEAR,DRY,False,COLLISION WITH FIXED OBJECT NON - INTERSECTION - FIRST EVENT COLLISION 09 - 32 EXCLUDING 16,SINGLE VEHICLE,CURVE & LEVEL,DARK-HWY LIGHTED/ON,,,6/10/2022 10:11:14 AM,False,5104,Accepted,
30167472,0568000,LOUISVILLE METRO POLICE DEPT,Accepted,JEFFERSON,KY1065,4649,OUTER,LOOP,,,,,,,,38.138109369,-85.676225602,6.634,6/9/2022 12:00:00 AM,1252,2,2,0,0,CLEAR,DRY,False,COLLISION IN PARKING LOT,ANGLE,STRAIGHT & LEVEL,DAYLIGHT,,,6/10/2022 10:08:46 AM,False,2324,Accepted,
30167469,0568000,LOUISVILLE METRO POLICE DEPT,Accepted,JEFFERSON,,,JEFFERSON,ST,E,,WENZEL,,,,,38.251362684,-85.734279916,0.070,6/9/2022 12:00:00 AM,1507,2,2,0,0,CLEAR,DRY,False,COLLISION WITH FIXED OBJECT IN INTERSECTION - FIRST EVENT COLLISION 09 - 32,ANGLE,STRAIGHT & LEVEL,DAYLIGHT,,,6/10/2022 10:08:32 AM,False,5331,Accepted,
30167488,0568000,LOUISVILLE METRO POLICE DEPT,Accepted,JEFFERSON,,163,ASHLAND,AVE,E,,,,,,,38.184632182,-85.759554830,0.148,6/9/2022 12:00:00 AM,1615,1,1,0,0,CLEAR,DRY,True,COLLISION WITH FIXED OBJECT NON - INTERSECTION - FIRST EVENT COLLISION 09 - 32 EXCLUDING 16,SINGLE VEHICLE,STRAIGHT & LEVEL,DAYLIGHT,,,6/10/2022 10:09:39 AM,False,5180,Accepted,
30176625,0568000,LOUISVILLE METRO POLICE DEPT,Accepted,JEFFERSON,,,4TH,ST,S,,,,,,,38.247808303,-85.758143009,0.614,6/9/2022 12:00:00 AM,1900,2,1,0,0,CLEAR,DRY,False,COLLISION WITH PEDESTRIAN NON - INTERSECTION,SINGLE VEHICLE,STRAIGHT & LEVEL,DAYLIGHT,,,6/13/2022 8:40:41 AM,False,5354,Accepted,
30185521,0568000,LOUISVILLE METRO POLICE DEPT,Accepted,JEFFERSON,US0031,,CLARK MEMORIAL,BRG,,,,,,,,38.267727300,-85.750782001,0.804,6/9/2022 12:00:00 AM,0230,2,2,0,2,CLEAR,DRY,False,REAR END IN TRAFFIC LANES BOTH VEHICLES MOVING,REAR END,STRAIGHT & LEVEL,DARK-HWY LIGHTED/ON,,,6/15/2022 8:22:16 AM,False,5403,Accepted,
30167467,0568000,LOUISVILLE METRO POLICE DEPT,Accepted,JEFFERSON,,,CENTRAL,AVE,,,5TH,,,,,38.205522523,-85.768126845,0.584,6/9/2022 12:00:00 AM,1105,2,2,0,0,CLEAR,DRY,False,SIDESWIPE-SAME DIRECTION,SIDESWIPE-SAME DIRECTION,STRAIGHT & LEVEL,DAYLIGHT,,,6/10/2022 10:08:22 AM,False,7249,Accepted,
30167463,0568000,LOUISVILLE METRO POLICE DEPT,Accepted,JEFFERSON,,,MARKET,ST,W,,,,26TH,,25TH,38.259322484,-85.792033606,0.307,6/9/2022 12:00:00 AM,1026,2,2,0,0,CLEAR,DRY,False,1 VEHICLE PARKED POSITION (NOT PARKING LOT/DRIVEWAY),HEAD ON,STRAIGHT & LEVEL,DAYLIGHT,,,6/10/2022 10:08:07 AM,False,7463,Accepted,
30167470,0568000,LOUISVILLE METRO POLICE DEPT,Accepted,JEFFERSON,,,7TH,ST,S,,11TH,,,,,38.222475163,-85.773740012,0.259,6/9/2022 12:00:00 AM,1340,2,2,0,1,CLEAR,DRY,False,ANGLE COLLISION - OTHER,ANGLE,STRAIGHT & LEVEL,DAYLIGHT,,,6/10/2022 10:08:37 AM,False,7435,Accepted,
30167478,0568000,LOUISVILLE METRO POLICE DEPT,Accepted,JEFFERSON,KY1931,,ST ANDREWS CHURCH,RD,,,,,,,,38.143514407,-85.838496575,3.281,6/9/2022 12:00:00 AM,1705,2,2,0,0,CLEAR,DRY,False,OTHER ROADWAY OR MID-BLOCK COLLISION,OPPOSING LEFT TURN,STRAIGHT & LEVEL,DAYLIGHT,,,6/10/2022 10:09:12 AM,False,5448,Accepted,
30176622,0568000,LOUISVILLE METRO POLICE DEPT,Accepted,JEFFERSON,,,MARKET,ST,W,US0031W,22ND,,,,,38.258557263,-85.786561202,0.002,6/9/2022 12:00:00 AM,1208,2,2,0,1,CLEAR,DRY,False,ANGLE COLLISION - OTHER,ANGLE,STRAIGHT & LEVEL,DAYLIGHT,,,6/13/2022 8:40:33 AM,False,5354,Accepted,
30176672,0568000,LOUISVILLE METRO POLICE DEPT,Accepted,JEFFERSON,KY0864,,SHELBY,ST,S,,ST CATHERINE,,,,,38.234710776,-85.741239110,14.793,6/9/2022 12:00:00 AM,0730,2,2,0,1,CLEAR,DRY,False,ANGLE COLLISION - ONE VEHICLE TURNING LEFT,ANGLE,STRAIGHT & LEVEL,DAYLIGHT,,,6/13/2022 8:49:15 AM,False,5433,Accepted,
30167471,0568000,LOUISVILLE METRO POLICE DEPT,Accepted,JEFFERSON,I 0264,,,,,,,,,,,38.194452006,-85.707401424,0.313,6/9/2022 12:00:00 AM,1650,2,2,0,1,CLEAR,DRY,False,OTHER RAMP RELATED COLLISIONS NOT LISTED ABOVE,REAR END,STRAIGHT & HILLCREST,DAYLIGHT,I 0264,KY0864,6/10/2022 10:08:42 AM,False,5001,Accepted,
30167477,0568000,LOUISVILLE METRO POLICE DEPT,Accepted,JEFFERSON,KY1932,,CHENOWETH,LN,,,,,,,,38.262943257,-85.663638003,6.357,6/9/2022 12:00:00 AM,1532,2,2,0,1,CLEAR,DRY,False,REAR END IN TRAFFIC LANES BOTH VEHICLES MOVING,REAR END,STRAIGHT & LEVEL,DAYLIGHT,,,6/10/2022 10:09:08 AM,False,6813,Accepted,
30167491,0568000,LOUISVILLE METRO POLICE DEPT,Accepted,JEFFERSON,KY1865,,NEW CUT,RD,,KY0907,3RD ST,,,,,38.146849323,-85.775472781,2.739,6/9/2022 12:00:00 AM,1638,2,2,0,0,CLEAR,DRY,True,ANGLE COLLISION - OTHER,ANGLE,STRAIGHT & LEVEL,DAYLIGHT,,,6/10/2022 10:09:43 AM,False,7427,Accepted,
30167516,0568000,LOUISVILLE METRO POLICE DEPT,Accepted,JEFFERSON,KY0864,,POPLAR LEVEL,RD,,,GILMORE,,,,,38.182675244,-85.698317254,10.288,6/9/2022 12:00:00 AM,2209,2,2,0,1,CLEAR,DRY,False,ANGLE COLLISION - OTHER,ANGLE,STRAIGHT & LEVEL,DARK (UNKNOWN ROADWAY LIGHTING),,,6/10/2022 10:10:41 AM,False,5326,Accepted,
30167480,0568000,LOUISVILLE METRO POLICE DEPT,Accepted,JEFFERSON,US0031E,,BARDSTOWN,RD,,,BASHFORD MANOR,,,,,38.202889919,-85.664408747,11.339,6/9/2022 12:00:00 AM,1405,2,2,0,1,CLEAR,DRY,False,ANGLE COLLISION - OTHER,ANGLE,STRAIGHT & LEVEL,DAYLIGHT,,,6/10/2022 10:09:21 AM,False,5286,Accepted,
30167513,0568000,LOUISVILLE METRO POLICE DEPT,Accepted,JEFFERSON,,1421,SHELBY,ST,S,,,,,,,38.227501677,-85.741693659,0.763,6/9/2022 12:00:00 AM,0820,2,2,0,0,CLEAR,DRY,False,1 VEHICLE PARKED POSITION (NOT PARKING LOT/DRIVEWAY),ANGLE,STRAIGHT & LEVEL,DAYLIGHT,,,6/10/2022 10:10:07 AM,False,5186,Accepted,
30176610,0568000,LOUISVILLE METRO POLICE DEPT,Accepted,JEFFERSON,,7911,MINOR,LN,,,,,,,,38.134051089,-85.709515205,0.077,6/9/2022 12:00:00 AM,2145,2,2,0,0,CLEAR,DRY,False,SIDESWIPE COLLISION - SAME DIRECTION,SIDESWIPE-SAME DIRECTION,STRAIGHT & LEVEL,DARK-HWY NOT LIGHTED,,,6/13/2022 8:39:53 AM,False,5341,Accepted,
30162604,0568000,LOUISVILLE METRO POLICE DEPT,Accepted,JEFFERSON,,,35TH,ST,S,,BROADWAY,,,,,38.250007976,-85.810137828,0.578,6/9/2022 12:00:00 AM,0111,2,2,0,1,CLOUDY,DRY,True,HEAD-ON COLLISION,HEAD ON,STRAIGHT & LEVEL,DARK-HWY LIGHTED/ON,,,6/9/2022 8:16:15 AM,False,7349,Accepted,
30162607,0568000,LOUISVILLE METRO POLICE DEPT,Accepted,JEFFERSON,I 0065,,I65 N,,,,,,,,,38.226155239,-85.751481064,133.925,6/9/2022 12:00:00 AM,0313,2,1,0,1,CLEAR,DRY,False,COLLISION WITH PEDESTRIAN NON - INTERSECTION,SINGLE VEHICLE,STRAIGHT & LEVEL,DARK (UNKNOWN ROADWAY LIGHTING),,,6/9/2022 8:16:28 AM,False,5213,Accepted,
30167462,0568000,LOUISVILLE METRO POLICE DEPT,Accepted,JEFFERSON,,5023,MUD,LN,,,,,,,,38.091477571,-85.670505009,0.166,6/9/2022 12:00:00 AM,1226,2,2,0,0,CLEAR,DRY,True,COLLISION IN PARKING LOT,BACKING,STRAIGHT & LEVEL,DAYLIGHT,,,6/10/2022 10:08:03 AM,False,2017,Accepted,
30167466,0568000,LOUISVILLE METRO POLICE DEPT,Accepted,JEFFERSON,,,DIXIE,HWY,,,BERNHEIM,,,,,38.221416937,-85.793248968,1.995,6/9/2022 12:00:00 AM,1437,2,2,0,0,CLEAR,DRY,False,ANGLE COLLISION - OTHER,ANGLE,STRAIGHT & GRADE,DAYLIGHT,,,6/10/2022 10:08:17 AM,False,5161,Accepted,
30167475,0568000,LOUISVILLE METRO POLICE DEPT,Accepted,JEFFERSON,,2510,VERONICA,DR,,,,,,,,38.185424539,-85.834246144,0.059,6/9/2022 12:00:00 AM,1652,2,2,0,0,CLEAR,DRY,True,1 VEHICLE PARKED POSITION (NOT PARKING LOT/DRIVEWAY),SIDESWIPE-OPPOSITE DIRECTION,STRAIGHT & LEVEL,DAYLIGHT,,,6/10/2022 10:09:00 AM,False,7381,Accepted,
30167483,0568000,LOUISVILLE METRO POLICE DEPT,Accepted,JEFFERSON,KY1932,,BRECKENRIDGE,LN,,,SIX MILE,,,,,38.197675514,-85.625092412,1.134,6/9/2022 12:00:00 AM,1459,3,3,0,1,CLEAR,DRY,False,OTHER INTERSECTION COLLISIONS,REAR END,CURVE & LEVEL,DAYLIGHT,,,6/10/2022 10:09:29 AM,False,5191,Accepted,
30167503,0568000,LOUISVILLE METRO POLICE DEPT,Accepted,JEFFERSON,KY0841,,GENE SNYDER,FWY,,,,,,,,38.118185293,-85.741298914,7.834,6/9/2022 12:00:00 AM,1553,2,2,0,0,CLEAR,DRY,False,REAR END IN TRAFFIC LANES BOTH VEHICLES MOVING,REAR END,STRAIGHT & LEVEL,DAYLIGHT,,,6/10/2022 10:09:55 AM,False,7234,Accepted,
30167461,0568000,LOUISVILLE METRO POLICE DEPT,Accepted,JEFFERSON,,,MUD,LN,,,ANTLE,,,,,38.088309731,-85.670033690,0.436,6/9/2022 12:00:00 AM,0934,2,2,0,0,CLEAR,DRY,False,ANGLE COLLISION - OTHER,ANGLE,STRAIGHT & LEVEL,DAYLIGHT,,,6/10/2022 10:07:56 AM,False,2017,Accepted,
30167474,0568000,LOUISVILLE METRO POLICE DEPT,Accepted,JEFFERSON,,,ROY WILKINS,AVE,,,MUHAMMAD ALI,,,,,38.251878564,-85.765509513,0.372,6/9/2022 12:00:00 AM,1707,2,2,0,0,CLEAR,DRY,False,COLLISION WITH PARKED VEHICLE,REAR END,STRAIGHT & LEVEL,DAYLIGHT,,,6/10/2022 10:08:56 AM,False,5338,Accepted,
30167455,0568000,LOUISVILLE METRO POLICE DEPT,Accepted,JEFFERSON,I 0264,,,,,,,,,,,38.277016204,-85.805860927,0.371,6/9/2022 12:00:00 AM,0649,2,2,0,0,CLEAR,DRY,False,OTHER RAMP RELATED COLLISIONS NOT LISTED ABOVE,SIDESWIPE-SAME DIRECTION,CURVE & LEVEL,DAYLIGHT,I 0064,I 0064,6/10/2022 10:07:27 AM,False,4903,Accepted,
30167519,0568000,LOUISVILLE METRO POLICE DEPT,Accepted,JEFFERSON,,2431,GRIFFITHS,AVE,,,,,,,,38.265774572,-85.789206074,0.580,6/9/2022 12:00:00 AM,1952,2,2,0,0,CLEAR,DRY,True,1 VEHICLE PARKED POSITION (NOT PARKING LOT/DRIVEWAY),REAR END,,DAYLIGHT,,,6/10/2022 10:10:57 AM,False,5397,Accepted,
30167476,0568000,LOUISVILLE METRO POLICE DEPT,Accepted,JEFFERSON,,,POPLAR PLACE,DR,,KY0864,POPLAR LEVEL,,,,,38.180358331,-85.694287770,0.008,6/9/2022 12:00:00 AM,1628,2,2,0,0,CLEAR,DRY,False,ANGLE COLLISION - ONE VEHICLE TURNING LEFT,ANGLE,STRAIGHT & LEVEL,DAYLIGHT,,,6/10/2022 10:09:04 AM,False,5233,Accepted,
30167482,0568000,LOUISVILLE METRO POLICE DEPT,Accepted,JEFFERSON,KY1020,,NATIONAL,TPKE,,,HAY,,,,,38.129689191,-85.750062010,3.840,6/9/2022 12:00:00 AM,1017,2,2,0,0,CLEAR,DRY,False,COLLISION IN PARKING LOT,BACKING,STRAIGHT & LEVEL,DAYLIGHT,,,6/10/2022 10:09:25 AM,False,5430,Accepted,
30167485,0568000,LOUISVILLE METRO POLICE DEPT,Accepted,JEFFERSON,KY1747,,HURSTBOURNE,PKWY,S,,RIDGEHURST,,,,,38.193034358,-85.604931298,9.199,6/9/2022 12:00:00 AM,1459,3,3,0,0,CLEAR,DRY,False,ANGLE COLLISION - OTHER,ANGLE,STRAIGHT & LEVEL,DAYLIGHT,,,6/10/2022 10:09:35 AM,False,5269,Accepted,
30167464,0568000,LOUISVILLE METRO POLICE DEPT,Accepted,JEFFERSON,KY1447,,WESTPORT,RD,,,,,ASSEMBLY,,FREYS HILL,38.293325750,-85.560150845,5.971,6/9/2022 12:00:00 AM,1234,2,2,0,2,CLEAR,DRY,False,1 VEHICLE ENTERING/LEAVING ENTRANCE,ANGLE,STRAIGHT & LEVEL,DAYLIGHT,,,6/10/2022 10:08:11 AM,False,7876,Accepted,
30167473,0568000,LOUISVILLE METRO POLICE DEPT,Accepted,JEFFERSON,KY0061,,PRESTON,HWY,,,,KY1747,FERN VALLEY,,OLD FERN VALLEY,38.156749072,-85.696802132,5.353,6/9/2022 12:00:00 AM,1634,2,2,0,0,CLEAR,DRY,False,1 VEHICLE ENTERING/LEAVING ENTRANCE,ANGLE,STRAIGHT & LEVEL,DAYLIGHT,,,6/10/2022 10:08:52 AM,False,2324,Accepted,
30167509,0568000,LOUISVILLE METRO POLICE DEPT,Accepted,JEFFERSON,,,ASHLAND,AVE,W,KY1020,SOUTHERN,,,,,38.185218088,-85.767444079,0.093,6/9/2022 12:00:00 AM,1229,2,2,0,0,CLEAR,DRY,False,OTHER INTERSECTION COLLISIONS,REAR END,STRAIGHT & LEVEL,DAYLIGHT,,,6/10/2022 10:10:01 AM,False,5230,Accepted,
30167518,0568000,LOUISVILLE METRO POLICE DEPT,Accepted,JEFFERSON,US0060A,2622,3RD,ST,S,,,,,,,38.211191188,-85.762831483,3.230,6/9/2022 12:00:00 AM,0600,1,1,0,0,CLEAR,DRY,False,COLLISION WITH FIXED OBJECT NON - INTERSECTION - FIRST EVENT COLLISION 09 - 32 EXCLUDING 16,SINGLE VEHICLE,STRAIGHT & HILLCREST,DAWN,,,6/10/2022 10:10:52 AM,False,5378,Accepted,
30157968,0568000,LOUISVILLE METRO POLICE DEPT,Accepted,JEFFERSON,,,MARKET,ST,W,,44TH,,,,,38.263785761,-85.820545792,1.896,6/8/2022 12:00:00 AM,0013,2,2,0,1,CLEAR,DRY,False,COLLISION WITH PARKED VEHICLE,ANGLE,STRAIGHT & LEVEL,DARK-HWY LIGHTED/ON,,,6/8/2022 8:26:39 AM,False,5285,Accepted,
30162585,0568000,LOUISVILLE METRO POLICE DEPT,Accepted,JEFFERSON,,,SHELBY,ST,S,,,,,,,38.231099984,-85.741851458,0.545,6/8/2022 12:00:00 AM,1603,2,2,0,0,CLEAR,DRY,False,1 VEHICLE PARKED POSITION (NOT PARKING LOT/DRIVEWAY),SIDESWIPE-SAME DIRECTION,STRAIGHT & LEVEL,DAYLIGHT,,,6/9/2022 8:14:49 AM,False,7495,Accepted,
30167458,0568000,LOUISVILLE METRO POLICE DEPT,Accepted,JEFFERSON,I 0265,,,,,,,,,,,38.147806205,-85.546609043,0.026,6/8/2022 12:00:00 AM,1700,2,2,0,0,CLOUDY,DRY,False,OTHER RAMP RELATED COLLISIONS NOT LISTED ABOVE,REAR END,STRAIGHT & LEVEL,DAYLIGHT,I 0265,KY1819,6/10/2022 10:07:40 AM,False,6878,Accepted,
30212836,0568000,LOUISVILLE METRO POLICE DEPT,Accepted,JEFFERSON,I 0065,,I65 N,,,I 0065,I65 N EXIT136A OFF RAMP TO  S BROOK ST,,,,,38.242174552,-85.752726250,135.013,6/8/2022 12:00:00 AM,0842,2,2,0,0,CLEAR,DRY,False,SIDESWIPE-SAME DIRECTION,SIDESWIPE-SAME DIRECTION,STRAIGHT & LEVEL,DAYLIGHT,,,6/22/2022 8:12:29 AM,False,5027,Accepted,
30167468,0568000,LOUISVILLE METRO POLICE DEPT,Accepted,JEFFERSON,I 0264,,I264 EB,,,,,,,,,38.236365040,-85.623887830,18.800,6/8/2022 12:00:00 AM,1549,2,2,0,2,CLEAR,DRY,False,REAR END IN TRAFFIC LANES BOTH VEHICLES MOVING,REAR END,STRAIGHT & LEVEL,DAYLIGHT,,,6/10/2022 10:08:26 AM,False,2142,Accepted,
30185483,0568000,LOUISVILLE METRO POLICE DEPT,Accepted,JEFFERSON,,,KRANET,WAY,,,RACELAND PARK,,,,,38.182188566,-85.640952145,0.076,6/8/2022 12:00:00 AM,0714,2,2,0,0,CLEAR,DRY,False,SIDESWIPE-SAME DIRECTION,SIDESWIPE-SAME DIRECTION,STRAIGHT & LEVEL,DAWN,,,6/15/2022 8:19:20 AM,False,7200,Accepted,
30162586,0568000,LOUISVILLE METRO POLICE DEPT,Accepted,JEFFERSON,I 0264,,I264 E,,,,,,,,,38.235030645,-85.818766085,3.140,6/8/2022 12:00:00 AM,1619,2,2,0,0,CLEAR,DRY,False,REAR END IN TRAFFIC LANES BOTH VEHICLES MOVING,REAR END,STRAIGHT & LEVEL,DAYLIGHT,,,6/9/2022 8:14:55 AM,False,5355,Accepted,
30162603,0568000,LOUISVILLE METRO POLICE DEPT,Accepted,JEFFERSON,,,INDIAN,TRL,E,,BUTTERNUT,,,,,38.168625265,-85.699273962,0.399,6/8/2022 12:00:00 AM,2036,3,3,0,2,CLEAR,DRY,False,OPPOSITE DIRECTION - BOTH VEHICLES GOING STRAIGHT AHEAD,SIDESWIPE-OPPOSITE DIRECTION,STRAIGHT & LEVEL,DARK (UNKNOWN ROADWAY LIGHTING),,,6/9/2022 8:16:10 AM,False,5326,Accepted,
30162583,0568000,LOUISVILLE METRO POLICE DEPT,Accepted,JEFFERSON,I 0065,,,,,,,,,,,38.114677606,-85.698700748,0.658,6/8/2022 12:00:00 AM,1439,1,1,0,0,CLEAR,DRY,False,COLLISION WITH FIXED OBJECT NOT IN GORE ,SINGLE VEHICLE,CURVE & GRADE,DAYLIGHT,I 0065,I 0065,6/9/2022 8:14:41 AM,False,2308,Accepted,
30162592,0568000,LOUISVILLE METRO POLICE DEPT,Accepted,JEFFERSON,I 0264,,I264 E,,,,,,,,,38.225116802,-85.642720550,17.501,6/8/2022 12:00:00 AM,0703,3,3,0,1,CLEAR,DRY,False,REAR END IN TRAFFIC LANES BOTH VEHICLES MOVING,REAR END,STRAIGHT & LEVEL,DAYLIGHT,,,6/9/2022 8:15:35 AM,False,6813,Accepted,
30162588,0568000,LOUISVILLE METRO POLICE DEPT,Accepted,JEFFERSON,,,YALE,DR,,,,,DUNDEE,,BOULEVARD NAPOLEON,38.222676060,-85.693003949,0.018,6/8/2022 12:00:00 AM,1640,2,2,0,0,CLOUDY,DRY,False,1 VEHICLE ENTERING/LEAVING ENTRANCE,ANGLE,STRAIGHT & LEVEL,DAYLIGHT,,,6/9/2022 8:15:08 AM,False,2228,Accepted,
30162597,0568000,LOUISVILLE METRO POLICE DEPT,Accepted,JEFFERSON,,,6TH,ST,S,US0031W,MARKET,,,,,38.255610302,-85.760096339,0.095,6/8/2022 12:00:00 AM,1828,2,2,0,0,CLOUDY,DRY,False,SIDESWIPE-SAME DIRECTION,SIDESWIPE-SAME DIRECTION,STRAIGHT & LEVEL,DAYLIGHT,,,6/9/2022 8:16:00 AM,False,2764,Accepted,
30162591,0568000,LOUISVILLE METRO POLICE DEPT,Accepted,JEFFERSON,,,DARRELL,DR,,,GREENVIEW,,,,,38.163617089,-85.849114025,0.002,6/8/2022 12:00:00 AM,1335,1,1,0,0,CLEAR,DRY,False,COLLISION WITH FIXED OBJECT IN INTERSECTION - FIRST EVENT COLLISION 09 - 32,SINGLE VEHICLE,STRAIGHT & LEVEL,DAYLIGHT,,,6/9/2022 8:15:27 AM,False,5448,Accepted,
30167454,0568000,LOUISVILLE METRO POLICE DEPT,Accepted,JEFFERSON,KY1142,,PALATKA,RD,,,SOUTHVIEW,,,,,38.151630684,-85.782723937,1.088,6/8/2022 12:00:00 AM,1411,2,2,0,1,CLEAR,DRY,False,OTHER INTERSECTION COLLISIONS,REAR END,STRAIGHT & LEVEL,DAYLIGHT,,,6/10/2022 10:07:20 AM,False,7427,Accepted,
30167479,0568000,LOUISVILLE METRO POLICE DEPT,Accepted,JEFFERSON,KY1747,,HURSTBOURNE,PKWY,S,,WATTERSON,,,,,38.183566611,-85.606575739,8.532,6/8/2022 12:00:00 AM,1845,3,3,0,1,CLEAR,DRY,False,OPPOSING LEFT TURN,OPPOSING LEFT TURN,STRAIGHT & LEVEL,DAYLIGHT,,,6/10/2022 10:09:16 AM,False,5286,Accepted,
30157975,0568000,LOUISVILLE METRO POLICE DEPT,Accepted,JEFFERSON,US0031E,,BARDSTOWN,RD,,,BARINGER,,,,,38.233448609,-85.711980291,14.781,6/8/2022 12:00:00 AM,0110,2,2,0,1,CLEAR,DRY,False,OPPOSITE DIRECTION - BOTH VEHICLES GOING STRAIGHT AHEAD,SIDESWIPE-OPPOSITE DIRECTION,STRAIGHT & LEVEL,DARK-HWY LIGHTED/OFF,,,6/8/2022 8:27:00 AM,False,5250,Accepted,
30162581,0568000,LOUISVILLE METRO POLICE DEPT,Accepted,JEFFERSON,,,VANGUARD,DR,,,POLARIS,,,,,38.108976578,-85.695472504,0.213,6/8/2022 12:00:00 AM,1013,2,2,0,1,CLEAR,DRY,False,ANGLE COLLISION - OTHER,ANGLE,STRAIGHT & LEVEL,DAYLIGHT,,,6/9/2022 8:14:32 AM,False,2017,Accepted,
30162587,0568000,LOUISVILLE METRO POLICE DEPT,Accepted,JEFFERSON,US0031E,,BARDSTOWN,RD,,US0060A,EASTERN,,,,,38.231993997,-85.709328631,14.625,6/8/2022 12:00:00 AM,1657,2,2,0,0,CLEAR,DRY,False,ANGLE COLLISION - OTHER,ANGLE,STRAIGHT & LEVEL,DAYLIGHT,,,6/9/2022 8:15:00 AM,False,7900,Accepted,
30162606,0568000,LOUISVILLE METRO POLICE DEPT,Accepted,JEFFERSON,,,11TH,ST,S,,MAGAZINE,,,,,38.248810754,-85.769696251,0.624,6/8/2022 12:00:00 AM,2220,2,2,0,0,,,True,ANGLE COLLISION - OTHER,ANGLE,STRAIGHT & LEVEL,,,,6/9/2022 8:16:23 AM,False,5403,Accepted,
30159079,0561000,JEFFERSONTOWN POLICE DEPT,Accepted,JEFFERSON,KY1747,,HURSTBOURNE,PKWY,S,,,,GREENHURST,,HURSTBOURNE CROSSINGS,38.189978345,-85.605175702,8.981,6/8/2022 12:00:00 AM,1132,3,3,0,0,CLEAR,DRY,False,REAR END IN TRAFFIC LANES BOTH VEHICLES MOVING,REAR END,STRAIGHT & LEVEL,DAYLIGHT,,,6/8/2022 1:48:57 PM,False,8296,Accepted,
30167460,0568000,LOUISVILLE METRO POLICE DEPT,Accepted,JEFFERSON,,,2ND,ST,S,,ASHLAND,,,,,38.185363023,-85.763869680,1.166,6/8/2022 12:00:00 AM,0630,2,2,0,0,CLEAR,DRY,False,COLLISION WITH PARKED VEHICLE,REAR END,STRAIGHT & LEVEL,DAYLIGHT,,,6/10/2022 10:07:52 AM,False,5139,Accepted,
30162590,0568000,LOUISVILLE METRO POLICE DEPT,Accepted,JEFFERSON,I 0264,,I264 W,,,,,,,,,38.201127469,-85.694313006,14.212,6/8/2022 12:00:00 AM,1546,2,2,0,1,CLOUDY,DRY,False,REAR END IN TRAFFIC LANES BOTH VEHICLES MOVING,REAR END,STRAIGHT & LEVEL,DAYLIGHT,,,6/9/2022 8:15:23 AM,False,5020,Accepted,
30238205,0560400,SHIVELY POLICE DEPARTMENT,Accepted,JEFFERSON,US0031W,,DIXIE,HWY,,,FUST,,,,,38.215905680,-85.795470881,17.122,6/8/2022 12:00:00 AM,1655,2,2,0,1,CLOUDY,DRY,False,OTHER INTERSECTION COLLISIONS,REAR END,STRAIGHT & LEVEL,DAYLIGHT,,,6/28/2022 4:48:39 PM,False,7088,Accepted,
30190259,0568000,LOUISVILLE METRO POLICE DEPT,Accepted,JEFFERSON,KY0155,,TAYLORSVILLE,RD,,US0031E,BARDSTOWN,,,,,38.222976900,-85.684685540,16.539,6/8/2022 12:00:00 AM,1950,2,2,0,0,CLEAR,DRY,False,ANGLE COLLISION - OTHER,ANGLE,STRAIGHT & LEVEL,DAYLIGHT,,,6/16/2022 8:13:57 AM,False,5122,Accepted,