IncidentID,AgencyORI,AgencyName,IncidentStatusDesc,County,RdwyNumber,Street,RoadwayName,StreetSfx,StreetDir,IntersectionRdwy,IntersectionRdwyName,BetweenStRdwy1,BetweenStRdwyName1,BetweenStRdwy2,BetweenStRdwyName2,Latitude,Longitude,Milepoint,CollisionDate,CollisionTime,UnitsInvolved,MotorVehiclesInvolved,NumberKilled,NumberInjured,Weather,RdwyConditionCode,HitandRun,DirAnalysisCode,MannerofCollision,RdwyCharacter,LightCondition,RampFromRdwyId,RampToRdwyId,AcceptedDate,IsSecondaryCollision,OwnerBadge,IncidentStatus,
30148804,0568000,LOUISVILLE METRO POLICE DEPT,Accepted,JEFFERSON,,,GLASER,LN,,,VILLAGE GATE,,,,,38.144228200,-85.611906936,0.723,6/2/2022 12:00:00 AM,1033,1,1,0,1,CLEAR,DRY,False,COLLISION WITH FIXED OBJECT IN INTERSECTION - FIRST EVENT COLLISION 09 - 32,SINGLE VEHICLE,STRAIGHT & LEVEL,DAYLIGHT,,,6/6/2022 8:46:25 AM,False,7772,Accepted,
30153335,0568000,LOUISVILLE METRO POLICE DEPT,Accepted,JEFFERSON,,,42ND,ST,S,,,,LARKWOOD,,HERMAN,38.260433688,-85.819958137,0.336,6/2/2022 12:00:00 AM,1413,2,2,0,0,CLEAR,DRY,False,1 VEHICLE PARKED POSITION (NOT PARKING LOT/DRIVEWAY),SIDESWIPE-SAME DIRECTION,STRAIGHT & LEVEL,DAYLIGHT,,,6/7/2022 8:29:36 AM,False,7879,Accepted,
30133546,0568000,LOUISVILLE METRO POLICE DEPT,Accepted,JEFFERSON,I 0065,,I65 S,,,,,,,,,38.241862400,-85.752944160,134.988,6/1/2022 12:00:00 AM,1319,3,3,0,0,CLEAR,DRY,False,SIDESWIPE COLLISION - SAME DIRECTION,SIDESWIPE-SAME DIRECTION,STRAIGHT & LEVEL,DAYLIGHT,,,6/2/2022 8:18:47 AM,False,5258,Accepted,
30128487,0568000,LOUISVILLE METRO POLICE DEPT,Accepted,JEFFERSON,US0031E,,BARDSTOWN,RD,,,,,,,,38.223003592,-85.684706237,13.126,6/1/2022 12:00:00 AM,0350,2,2,0,0,CLEAR,DRY,True,SIDESWIPE COLLISION - OPPOSITE DIRECTION,SIDESWIPE-OPPOSITE DIRECTION,STRAIGHT & LEVEL,DARK-HWY LIGHTED/ON,,,6/1/2022 8:11:57 AM,False,5104,Accepted,
30133563,0568000,LOUISVILLE METRO POLICE DEPT,Accepted,JEFFERSON,KY1932,,BRECKENRIDGE,LN,,KY0155,TAYLORSVILLE,,,,,38.220412082,-85.630661747,2.881,6/1/2022 12:00:00 AM,1720,2,2,0,0,CLEAR,DRY,False,OTHER INTERSECTION COLLISIONS,REAR END,STRAIGHT & LEVEL,DAYLIGHT,,,6/2/2022 8:20:06 AM,False,5247,Accepted,
30133557,0568000,LOUISVILLE METRO POLICE DEPT,Accepted,JEFFERSON,,,24TH,ST,S,,CHESTNUT,,,,,38.252714402,-85.791870845,0.534,6/1/2022 12:00:00 AM,1157,3,3,0,0,CLEAR,DRY,False,ANGLE COLLISION - OTHER,ANGLE,STRAIGHT & LEVEL,DAYLIGHT,,,6/2/2022 8:19:42 AM,False,5431,Accepted,
30138331,0568000,LOUISVILLE METRO POLICE DEPT,Accepted,JEFFERSON,US0031W,,2ND,ST,S,,,,,,,38.256586236,-85.753326831,22.119,6/1/2022 12:00:00 AM,1057,2,2,0,1,CLEAR,DRY,False,HEAD-ON COLLISION,HEAD ON,STRAIGHT & GRADE,DAYLIGHT,,,6/3/2022 8:14:06 AM,False,5173,Accepted,
30133539,0568000,LOUISVILLE METRO POLICE DEPT,Accepted,JEFFERSON,KY0061,,PRESTON,HWY,,,HESS,,,,,38.204969941,-85.736277205,9.332,6/1/2022 12:00:00 AM,1326,2,1,0,1,CLOUDY,DRY,False,COLLISION WITH BICYCLE IN INTERSECTION,SINGLE VEHICLE,STRAIGHT & LEVEL,DAYLIGHT,,,6/2/2022 8:18:16 AM,False,4693,Accepted,
30153326,0568000,LOUISVILLE METRO POLICE DEPT,Accepted,JEFFERSON,,,26TH,ST,S,,GRAND,,,,,38.240504684,-85.795902968,1.401,6/1/2022 12:00:00 AM,1700,2,2,0,3,CLEAR,DRY,False,ANGLE COLLISION - OTHER,ANGLE,STRAIGHT & LEVEL,DAYLIGHT,,,6/7/2022 8:28:57 AM,False,5179,Accepted,
30138348,0568000,LOUISVILLE METRO POLICE DEPT,Accepted,JEFFERSON,KY1631,,CRITTENDEN,DR,,,,,,,,38.205016593,-85.750778509,1.177,6/1/2022 12:00:00 AM,2015,2,2,0,1,CLEAR,DRY,True,SIDESWIPE COLLISION - SAME DIRECTION,SIDESWIPE-SAME DIRECTION,STRAIGHT & LEVEL,DAYLIGHT,,,6/3/2022 8:15:25 AM,False,7040,Accepted,
30134067,0560400,SHIVELY POLICE DEPARTMENT,Accepted,JEFFERSON,I 0264,7.0,I264 E,,,,,,,,,38.193396083,-85.829979577,6.238,6/1/2022 12:00:00 AM,1015,2,2,0,0,CLEAR,DRY,False,1 VEHICLE PARKED POSITION (NOT PARKING LOT/DRIVEWAY),SIDESWIPE-OPPOSITE DIRECTION,STRAIGHT & LEVEL,DAYLIGHT,,,6/2/2022 10:43:17 AM,False,7137,Accepted,
30133566,0568000,LOUISVILLE METRO POLICE DEPT,Accepted,JEFFERSON,KY1727,,TERRY,RD,,,TEAROSE,,,,,38.143202783,-85.872183745,1.474,6/1/2022 12:00:00 AM,1204,2,2,0,0,CLEAR,DRY,False,ANGLE COLLISION - OTHER,ANGLE,STRAIGHT & LEVEL,DAYLIGHT,,,6/2/2022 8:20:18 AM,False,7234,Accepted,
30133560,0568000,LOUISVILLE METRO POLICE DEPT,Accepted,JEFFERSON,I 0065,,I65 S,,,I 0065,I65 S EXIT134 OFF RAMP TO  ARTHUR ST,,,,,38.224242672,-85.751159104,133.745,6/1/2022 12:00:00 AM,1726,2,2,0,1,CLEAR,DRY,False,OTHER INTERSECTION COLLISIONS,REAR END,STRAIGHT & LEVEL,DAYLIGHT,,,6/2/2022 8:19:54 AM,False,5301,Accepted,
30133570,0568000,LOUISVILLE METRO POLICE DEPT,Accepted,JEFFERSON,,,BANK,ST,,,38TH,,,,,38.272021727,-85.809742524,0.466,6/1/2022 12:00:00 AM,2345,2,2,0,0,RAINING,WET,False,ANGLE COLLISION - OTHER,ANGLE,STRAIGHT & LEVEL,DARK-HWY LIGHTED/ON,,,6/2/2022 8:20:36 AM,True,5158,Accepted,
30138347,0568000,LOUISVILLE METRO POLICE DEPT,Accepted,JEFFERSON,,,MAGAZINE,ST,,,26TH,,,,,38.251698145,-85.794695153,1.504,6/1/2022 12:00:00 AM,2030,1,1,0,0,CLEAR,DRY,True,COLLISION WITH BICYCLE IN INTERSECTION,SINGLE VEHICLE,STRAIGHT & LEVEL,DARK-HWY LIGHTED/ON,,,6/3/2022 8:15:21 AM,False,5365,Accepted,
30133565,0568000,LOUISVILLE METRO POLICE DEPT,Accepted,JEFFERSON,US0031E,,BARDSTOWN,RD,,,BUECHEL,,,,,38.188358626,-85.639914386,9.548,6/1/2022 12:00:00 AM,1905,2,2,0,0,CLEAR,DRY,False,OTHER INTERSECTION COLLISIONS,REAR END,STRAIGHT & LEVEL,DAYLIGHT,,,6/2/2022 8:20:14 AM,False,5427,Accepted,
30134066,0560400,SHIVELY POLICE DEPARTMENT,Accepted,JEFFERSON,I 0264,,I264 E,,,,,,,,,38.200989987,-85.827457659,5.657,6/1/2022 12:00:00 AM,1057,2,2,0,0,CLEAR,DRY,False,VEHICLE BACKING NON INTERSECTION,BACKING,STRAIGHT & LEVEL,DAYLIGHT,,,6/2/2022 10:43:07 AM,False,7114,Accepted,
30138313,0568000,LOUISVILLE METRO POLICE DEPT,Accepted,JEFFERSON,US0031E,,BARDSTOWN,RD,,,BARTLEY,,,,,38.138045461,-85.581521320,4.662,6/1/2022 12:00:00 AM,1714,2,2,0,0,CLEAR,DRY,True,OTHER INTERSECTION COLLISIONS,REAR END,STRAIGHT & LEVEL,DAYLIGHT,,,6/3/2022 8:13:06 AM,False,2017,Accepted,
30133548,0568000,LOUISVILLE METRO POLICE DEPT,Accepted,JEFFERSON,KY1934,3700,CANE RUN,RD,,,,,,,,38.217016290,-85.816424937,10.854,6/1/2022 12:00:00 AM,1538,2,2,0,0,CLOUDY,DRY,False,OTHER ROADWAY OR MID-BLOCK COLLISION,REAR END,STRAIGHT & LEVEL,DAYLIGHT,,,6/2/2022 8:19:00 AM,False,2569,Accepted,
30133537,0568000,LOUISVILLE METRO POLICE DEPT,Accepted,JEFFERSON,,,WHIPPOORWILL,RD,,,,,,,,38.211850646,-85.713463001,0.081,6/1/2022 12:00:00 AM,1138,2,2,0,0,CLOUDY,DRY,False,1 VEHICLE PARKED POSITION (NOT PARKING LOT/DRIVEWAY),SIDESWIPE-SAME DIRECTION,STRAIGHT & LEVEL,DAYLIGHT,,,6/2/2022 8:18:12 AM,False,4693,Accepted,
30133541,0568000,LOUISVILLE METRO POLICE DEPT,Accepted,JEFFERSON,US0031W,7710,DIXIE,HWY,,,,,,,,38.138851399,-85.842321016,11.280,6/1/2022 12:00:00 AM,0823,2,2,0,2,CLEAR,DRY,False,REAR END IN TRAFFIC LANES BOTH VEHICLES MOVING,REAR END,STRAIGHT & LEVEL,DAYLIGHT,,,6/2/2022 8:18:24 AM,False,2311,Accepted,
30133544,0568000,LOUISVILLE METRO POLICE DEPT,Accepted,JEFFERSON,KY1020,,2ND,ST,S,,,,,,,38.241935110,-85.755770186,11.834,6/1/2022 12:00:00 AM,0913,4,4,0,2,CLEAR,DRY,False,1 VEHICLE PARKED POSITION (NOT PARKING LOT/DRIVEWAY),SIDESWIPE-SAME DIRECTION,STRAIGHT & LEVEL,DAYLIGHT,,,6/2/2022 8:18:41 AM,False,5258,Accepted,
30133559,0568000,LOUISVILLE METRO POLICE DEPT,Accepted,JEFFERSON,I 0065,,,,,,,,,,,38.177698088,-85.720303651,0.021,6/1/2022 12:00:00 AM,0944,1,1,0,1,CLEAR,DRY,False,COLLISION WITH FIXED OBJECT NOT IN GORE ,SINGLE VEHICLE,CURVE & LEVEL,DAYLIGHT,GRADE LN,I 0065,6/2/2022 8:19:50 AM,False,7451,Accepted,
30133562,0568000,LOUISVILLE METRO POLICE DEPT,Accepted,JEFFERSON,,,MARKET,ST,W,,30TH,,,,,38.260232385,-85.800038723,0.747,6/1/2022 12:00:00 AM,0704,1,1,0,0,CLEAR,DRY,False,COLLISION WITH FIXED OBJECT IN INTERSECTION - FIRST EVENT COLLISION 09 - 32,SINGLE VEHICLE,STRAIGHT & LEVEL,DAYLIGHT,,,6/2/2022 8:20:02 AM,False,5434,Accepted,
30133568,0568000,LOUISVILLE METRO POLICE DEPT,Accepted,JEFFERSON,US0150,,BROADWAY,,W,,8TH,,,,,38.246715348,-85.765054303,2.022,6/1/2022 12:00:00 AM,2301,2,2,0,0,CLEAR,DRY,False,ANGLE COLLISION - OTHER,ANGLE,STRAIGHT & LEVEL,DARK-HWY LIGHTED/ON,,,6/2/2022 8:20:28 AM,False,5268,Accepted,
30138316,0568000,LOUISVILLE METRO POLICE DEPT,Accepted,JEFFERSON,,,SHAWNEE,TER,S,,HERMAN,,,,,38.262195710,-85.822957459,0.145,6/1/2022 12:00:00 AM,1531,2,2,0,1,CLEAR,DRY,True,ANGLE COLLISION - OTHER,ANGLE,STRAIGHT & LEVEL,DAYLIGHT,,,6/3/2022 8:13:23 AM,False,5280,Accepted,
30133550,0568000,LOUISVILLE METRO POLICE DEPT,Accepted,JEFFERSON,KY0864,,BEULAH CHURCH,RD,,,,,HAPPINESS,,DELCOUR,38.135620717,-85.613614159,4.065,6/1/2022 12:00:00 AM,1607,2,2,0,0,CLEAR,DRY,False,1 VEHICLE ENTERING/LEAVING ENTRANCE,ANGLE,STRAIGHT & LEVEL,DAYLIGHT,,,6/2/2022 8:19:10 AM,False,2017,Accepted,
30133543,0568000,LOUISVILLE METRO POLICE DEPT,Accepted,JEFFERSON,KY0146,,LA GRANGE,RD,,I 0265,I265 N EXIT30 ON RAMP FROM KY146,,,,,38.288221299,-85.513159646,7.464,6/1/2022 12:00:00 AM,1038,2,2,0,0,CLEAR,DRY,False,OPPOSING LEFT TURN,OPPOSING LEFT TURN,STRAIGHT & LEVEL,DAYLIGHT,,,6/2/2022 8:18:36 AM,False,7316,Accepted,
30133567,0568000,LOUISVILLE METRO POLICE DEPT,Accepted,JEFFERSON,US0031W,8400,DIXIE,HWY,,,,,PAGES,,STEPHAN,38.129761654,-85.848112336,10.469,6/1/2022 12:00:00 AM,2030,6,1,0,4,CLEAR,DRY,False,COLLISION WITH PEDESTRIAN NON - INTERSECTION,SINGLE VEHICLE,STRAIGHT & LEVEL,DAWN,,,6/2/2022 8:20:22 AM,False,5211,Accepted,
30133553,0568000,LOUISVILLE METRO POLICE DEPT,Accepted,JEFFERSON,,9813,TITAN,DR,,,,,,,,38.105555163,-85.695855081,0.073,6/1/2022 12:00:00 AM,1450,2,2,0,0,CLEAR,DRY,False,1 VEHICLE PARKED POSITION (NOT PARKING LOT/DRIVEWAY),HEAD ON,CURVE & LEVEL,DAYLIGHT,,,6/2/2022 8:19:24 AM,False,7272,Accepted,
30133531,0568000,LOUISVILLE METRO POLICE DEPT,Accepted,JEFFERSON,I 0065,,I65 S,,,,,,,,,38.202254156,-85.736897573,131.665,6/1/2022 12:00:00 AM,0649,2,2,0,0,CLEAR,DRY,False,REAR END IN TRAFFIC LANES BOTH VEHICLES MOVING,REAR END,CURVE & LEVEL,DAYLIGHT,,,6/2/2022 8:17:46 AM,False,7772,Accepted,
30138315,0568000,LOUISVILLE METRO POLICE DEPT,Accepted,JEFFERSON,KY0155,,TAYLORSVILLE,RD,,,,,,,,38.188447006,-85.510527733,6.149,6/1/2022 12:00:00 AM,0852,3,3,0,2,CLEAR,DRY,False,1 VEHICLE ENTERING/LEAVING ENTRANCE,ANGLE,STRAIGHT & LEVEL,DAYLIGHT,,,6/3/2022 8:13:17 AM,False,4903,Accepted,
30133547,0568000,LOUISVILLE METRO POLICE DEPT,Accepted,JEFFERSON,KY1020,,3RD,ST,S,,KENTUCKY,,,,,38.238750771,-85.757972539,11.598,6/1/2022 12:00:00 AM,1424,2,1,0,1,CLEAR,DRY,False,COLLISION WITH PEDESTRIAN IN INTERSECTION,SINGLE VEHICLE,STRAIGHT & LEVEL,DAYLIGHT,,,6/2/2022 8:18:54 AM,False,7132,Accepted,
30133564,0568000,LOUISVILLE METRO POLICE DEPT,Accepted,JEFFERSON,I 0264,,I264 E,,,,,I 0264,I264 E EXIT15 ON RAMP FROM KY1703,I 0264,I264 E EXIT16 OFF RAMP TO US31E,38.204582728,-85.681820621,14.937,6/1/2022 12:00:00 AM,1909,2,2,0,1,CLEAR,DRY,True,SIDESWIPE COLLISION - SAME DIRECTION,SIDESWIPE-SAME DIRECTION,STRAIGHT & LEVEL,DAYLIGHT,,,6/2/2022 8:20:10 AM,False,7049,Accepted,
30138355,0568000,LOUISVILLE METRO POLICE DEPT,Accepted,JEFFERSON,US0060A,,EASTERN,PKWY,,,ALEXANDER,,,,,38.216029237,-85.740471428,4.726,6/1/2022 12:00:00 AM,1943,2,2,0,2,CLEAR,DRY,False,OPPOSING LEFT TURN,OPPOSING LEFT TURN,STRAIGHT & LEVEL,DAYLIGHT,,,6/3/2022 8:15:53 AM,False,5449,Accepted,
30176619,0568000,LOUISVILLE METRO POLICE DEPT,Accepted,JEFFERSON,US0060,,FRANKFORT,AVE,,,,,,,,38.255043436,-85.711240297,0.456,6/1/2022 12:00:00 AM,1647,2,2,0,0,CLEAR,DRY,False,REAR END IN TRAFFIC LANES BOTH VEHICLES MOVING,REAR END,STRAIGHT & LEVEL,DAYLIGHT,,,6/13/2022 8:40:27 AM,False,5439,Accepted,
30133556,0568000,LOUISVILLE METRO POLICE DEPT,Accepted,JEFFERSON,,8506,SHEPHERDSVILLE,RD,,,,,,,,38.125578593,-85.665478730,1.049,6/1/2022 12:00:00 AM,1639,2,2,0,0,CLEAR,DRY,False,COLLISION IN PARKING LOT,BACKING,STRAIGHT & LEVEL,DAYLIGHT,,,6/2/2022 8:19:38 AM,False,2324,Accepted,
30133533,0568000,LOUISVILLE METRO POLICE DEPT,Accepted,JEFFERSON,,2909,MEADOW FARMS,PL,,,,,,,,38.278301198,-85.479963001,0.211,6/1/2022 12:00:00 AM,1230,2,2,0,0,CLEAR,DRY,False,1 VEHICLE PARKED POSITION (NOT PARKING LOT/DRIVEWAY),SIDESWIPE-OPPOSITE DIRECTION,STRAIGHT & LEVEL,DAYLIGHT,,,6/2/2022 8:17:56 AM,False,6334,Accepted,
30133558,0568000,LOUISVILLE METRO POLICE DEPT,Accepted,JEFFERSON,,,FREEDOM,WAY,,,CIRCLE OF CHAMPIONS,,,,,38.197484031,-85.740765029,0.259,6/1/2022 12:00:00 AM,0930,1,1,0,1,CLEAR,DRY,False,COLLISION WITH FIXED OBJECT IN INTERSECTION - FIRST EVENT COLLISION 09 - 32,SINGLE VEHICLE,STRAIGHT & LEVEL,DAYLIGHT,,,6/2/2022 8:19:46 AM,False,2745,Accepted,
30133576,0568000,LOUISVILLE METRO POLICE DEPT,Accepted,JEFFERSON,KY1747,,HURSTBOURNE,PKWY,S,,BUNSEN,,,,,38.219012526,-85.584087354,11.473,6/1/2022 12:00:00 AM,2021,2,2,0,1,CLEAR,DRY,False,OTHER INTERSECTION COLLISIONS,REAR END,STRAIGHT & LEVEL,DAWN,,,6/2/2022 8:20:58 AM,False,5332,Accepted,
30138320,0568000,LOUISVILLE METRO POLICE DEPT,Accepted,JEFFERSON,KY2054,,ALGONQUIN,PKWY,,,,,35TH,,RUSSELL LEE,38.224932801,-85.814183794,0.448,6/1/2022 12:00:00 AM,0915,2,2,0,0,CLEAR,DRY,False,1 VEHICLE ENTERING/LEAVING ENTRANCE,ANGLE,STRAIGHT & LEVEL,DAYLIGHT,,,6/3/2022 8:13:33 AM,False,2469,Accepted,
30162925,0560600,WEST BUECHEL POLICE DEPT.,Accepted,JEFFERSON,KY1703,,NEWBURG,RD,,I 0264,I264 W EXIT15A OFF RAMP TO KY1703 N,,,,,38.202869229,-85.690481463,2.362,6/1/2022 12:00:00 AM,0750,2,2,0,0,CLEAR,DRY,False,OTHER INTERSECTION COLLISIONS,REAR END,STRAIGHT & LEVEL,DAYLIGHT,,,6/9/2022 10:26:25 AM,False,1292,Accepted,
30133540,0568000,LOUISVILLE METRO POLICE DEPT,Accepted,JEFFERSON,US0031W,4724,DIXIE,HWY,,,,,,,,38.174280206,-85.823528828,13.827,6/1/2022 12:00:00 AM,1358,2,2,0,0,CLEAR,DRY,False,COLLISION IN PARKING LOT,BACKING,STRAIGHT & LEVEL,DAYLIGHT,,,6/2/2022 8:18:20 AM,False,7817,Accepted,
30133555,0568000,LOUISVILLE METRO POLICE DEPT,Accepted,JEFFERSON,KY1747,,FERN VALLEY,RD,,,,,WEST,,BEANBLOSSOM,38.157517923,-85.728637488,0.186,6/1/2022 12:00:00 AM,1435,2,2,0,4,CLEAR,DRY,False,1 VEHICLE ENTERING/LEAVING ENTRANCE,ANGLE,STRAIGHT & LEVEL,DAYLIGHT,,,6/2/2022 8:19:34 AM,False,2324,Accepted,
30133549,0568000,LOUISVILLE METRO POLICE DEPT,Accepted,JEFFERSON,US0031E,8001,BARDSTOWN,RD,,,,,,,,38.131063230,-85.577843366,4.138,6/1/2022 12:00:00 AM,1242,3,1,0,0,CLEAR,DRY,False,COLLISION IN PARKING LOT,SINGLE VEHICLE,STRAIGHT & LEVEL,DAYLIGHT,,,6/2/2022 8:19:04 AM,False,2017,Accepted,
30133530,0568000,LOUISVILLE METRO POLICE DEPT,Accepted,JEFFERSON,US0031E,,BARDSTOWN,RD,,,WATTERSON,,,,,38.178735063,-85.622575754,8.418,5/31/2022 12:00:00 AM,1737,2,2,0,0,CLEAR,DRY,True,OPPOSING LEFT TURN,OPPOSING LEFT TURN,STRAIGHT & LEVEL,DAYLIGHT,,,6/2/2022 8:17:41 AM,False,5346,Accepted,
30128472,0568000,LOUISVILLE METRO POLICE DEPT,Accepted,JEFFERSON,,,17TH,ST,N,,BANK,,,,,38.262224771,-85.777661388,0.214,5/31/2022 12:00:00 AM,1700,2,2,0,1,CLEAR,DRY,False,COLLISION WITH PARKED VEHICLE,SIDESWIPE-OPPOSITE DIRECTION,STRAIGHT & LEVEL,DAYLIGHT,,,6/1/2022 8:10:40 AM,False,7058,Accepted,
30128460,0568000,LOUISVILLE METRO POLICE DEPT,Accepted,JEFFERSON,,,ROY WILKINS,AVE,,,MAGAZINE,,,,,38.248529211,-85.766128498,0.617,5/31/2022 12:00:00 AM,1005,2,2,0,0,CLEAR,DRY,False,ANGLE COLLISION - OTHER,ANGLE,STRAIGHT & LEVEL,DAYLIGHT,,,6/1/2022 8:09:59 AM,False,2764,Accepted,
30148724,0568000,LOUISVILLE METRO POLICE DEPT,Accepted,JEFFERSON,I 0065,,I65 S,,,,,,,,,38.236043393,-85.751835213,134.569,5/31/2022 12:00:00 AM,0157,2,2,0,0,CLEAR,DRY,False,SIDESWIPE COLLISION - OPPOSITE DIRECTION,SIDESWIPE-OPPOSITE DIRECTION,STRAIGHT & LEVEL,DARK (UNKNOWN ROADWAY LIGHTING),,,6/6/2022 8:38:11 AM,False,5213,Accepted,
30128906,0561500,UNIV. OF LOUISVILLE POLICE,Accepted,JEFFERSON,,2000,1ST,ST,S,,BRANDEIS,,,,,38.218921691,-85.758097150,2.619,5/31/2022 12:00:00 AM,1045,1,1,0,0,CLEAR,DRY,True,OTHER INTERSECTION COLLISIONS,SINGLE VEHICLE,STRAIGHT & LEVEL,DAYLIGHT,,,6/1/2022 9:49:55 AM,False,5711,Accepted,
30128456,0568000,LOUISVILLE METRO POLICE DEPT,Accepted,JEFFERSON,KY3064,,PORTLAND,AVE,,,32ND,,,,,38.274423876,-85.799162020,0.987,5/31/2022 12:00:00 AM,1526,2,2,0,0,CLEAR,DRY,False,ANGLE COLLISION - OTHER,ANGLE,STRAIGHT & LEVEL,DAYLIGHT,,,6/1/2022 8:09:49 AM,False,7305,Accepted,
30128481,0568000,LOUISVILLE METRO POLICE DEPT,Accepted,JEFFERSON,,,JOHNSONTOWN,RD,,US0031W,DIXIE,,,,,38.121205305,-85.855689391,,5/31/2022 12:00:00 AM,2017,2,2,0,1,CLEAR,DRY,False,ANGLE COLLISION - OTHER,ANGLE,STRAIGHT & LEVEL,DAYLIGHT,,,6/1/2022 8:11:30 AM,False,7166,Accepted,
30128475,0568000,LOUISVILLE METRO POLICE DEPT,Accepted,JEFFERSON,,,LEXINGTON,RD,,,,,SPRING,,ETLEY,38.248118466,-85.710861588,1.335,5/31/2022 12:00:00 AM,1835,1,1,0,1,CLEAR,DRY,False,OTHER COLLISIONS ON SHOULDER,SINGLE VEHICLE,CURVE & LEVEL,DAYLIGHT,,,6/1/2022 8:10:55 AM,False,7900,Accepted,
30128488,0568000,LOUISVILLE METRO POLICE DEPT,Accepted,JEFFERSON,KY1065,,OUTER,LOOP,,,,,AIR COMMERCE,KY1065,KY1065 CROSSOVER,38.134468484,-85.720563351,4.148,5/31/2022 12:00:00 AM,2247,2,2,0,1,CLEAR,DRY,False,REAR END IN TRAFFIC LANES BOTH VEHICLES MOVING,REAR END,STRAIGHT & LEVEL,DARK-HWY NOT LIGHTED,,,6/1/2022 8:12:01 AM,False,5169,Accepted,
30122670,0568000,LOUISVILLE METRO POLICE DEPT,Accepted,JEFFERSON,,,VIRGINIA,AVE,,,26TH,,,,,38.237760033,-85.796217975,0.001,5/31/2022 12:00:00 AM,0040,3,3,0,2,CLEAR,DRY,False,OPPOSITE DIRECTION - BOTH VEHICLES GOING STRAIGHT AHEAD,SIDESWIPE-OPPOSITE DIRECTION,STRAIGHT & LEVEL,DARK-HWY LIGHTED/ON,,,5/31/2022 8:33:02 AM,False,5362,Accepted,
30128444,0568000,LOUISVILLE METRO POLICE DEPT,Accepted,JEFFERSON,I 0264,,,,,,,,,,,38.196271117,-85.707685544,0.245,5/31/2022 12:00:00 AM,1043,2,2,0,0,CLEAR,DRY,False,OTHER RAMP RELATED COLLISIONS NOT LISTED ABOVE,REAR END,CURVE & GRADE,DAYLIGHT,I 0264,KY0864,6/1/2022 8:09:21 AM,False,7383,Accepted,
30128470,0568000,LOUISVILLE METRO POLICE DEPT,Accepted,JEFFERSON,,,VILLAGE,DR,,US0031E,BARDSTOWN,,,,,38.225753850,-85.696455122,0.003,5/31/2022 12:00:00 AM,1532,2,2,0,0,CLOUDY,DRY,False,ANGLE COLLISION - OTHER,ANGLE,STRAIGHT & GRADE,DAYLIGHT,,,6/1/2022 8:10:28 AM,False,2228,Accepted,
30148776,0568000,LOUISVILLE METRO POLICE DEPT,Accepted,JEFFERSON,,,RIVER,RD,,,,,,,,38.277548437,-85.699110417,2.936,5/31/2022 12:00:00 AM,1221,2,2,0,1,CLEAR,DRY,False,SIDESWIPE COLLISION - SAME DIRECTION,SIDESWIPE-SAME DIRECTION,STRAIGHT & LEVEL,DAYLIGHT,,,6/6/2022 8:43:21 AM,False,7785,Accepted,
30128455,0568000,LOUISVILLE METRO POLICE DEPT,Accepted,JEFFERSON,I 0071,,I71 N,,,,,,,,,38.318462187,-85.569718359,9.809,5/31/2022 12:00:00 AM,0746,1,1,0,1,CLEAR,DRY,False,COLLISION WITH FIXED OBJECT NON - INTERSECTION - FIRST EVENT COLLISION 09 - 32 EXCLUDING 16,SINGLE VEHICLE,STRAIGHT & LEVEL,DAYLIGHT,,,6/1/2022 8:09:45 AM,False,7876,Accepted,
30128473,0568000,LOUISVILLE METRO POLICE DEPT,Accepted,JEFFERSON,,6610,ORELL,RD,W,,,,,,,38.076684472,-85.887099398,0.171,5/31/2022 12:00:00 AM,1216,1,1,0,0,CLEAR,DRY,False,COLLISION WITH FIXED OBJECT NON - INTERSECTION - FIRST EVENT COLLISION 09 - 32 EXCLUDING 16,SINGLE VEHICLE,STRAIGHT & LEVEL,DAYLIGHT,,,6/1/2022 8:10:46 AM,False,7336,Accepted,
30128467,0568000,LOUISVILLE METRO POLICE DEPT,Accepted,JEFFERSON,,,GRADE,LN,,KY1065,OUTER,,,,,38.129828423,-85.737819927,0.054,5/31/2022 12:00:00 AM,1628,2,2,0,0,CLEAR,DRY,False,OTHER INTERSECTION COLLISIONS,REAR END,CURVE & LEVEL,DAYLIGHT,,,6/1/2022 8:10:14 AM,False,2324,Accepted,
30128476,0568000,LOUISVILLE METRO POLICE DEPT,Accepted,JEFFERSON,,4708,3RD,ST,S,,,,,,,38.180594189,-85.766385352,1.386,5/31/2022 12:00:00 AM,1707,2,2,0,1,CLEAR,DRY,False,REAR END IN TRAFFIC LANES BOTH VEHICLES MOVING,REAR END,STRAIGHT & LEVEL,DAYLIGHT,,,6/1/2022 8:10:59 AM,False,5230,Accepted,
30128484,0568000,LOUISVILLE METRO POLICE DEPT,Accepted,JEFFERSON,,,JOHNSON GREEN,BLVD,,,BAYBERRY GREEN,,,,,38.139639567,-85.597353516,0.017,5/31/2022 12:00:00 AM,2353,2,2,0,0,CLOUDY,DRY,False,HEAD-ON COLLISION,HEAD ON,STRAIGHT & LEVEL,DARK (UNKNOWN ROADWAY LIGHTING),,,6/1/2022 8:11:48 AM,False,5141,Accepted,
30157961,0568000,LOUISVILLE METRO POLICE DEPT,Accepted,JEFFERSON,,,BANK,ST,,,,,,,,38.265416032,-85.782130129,0.577,5/31/2022 12:00:00 AM,1305,2,2,0,2,CLEAR,DRY,True,1 VEHICLE ENTERING/LEAVING ENTRANCE,ANGLE,STRAIGHT & LEVEL,DAYLIGHT,,,6/8/2022 8:26:08 AM,False,5148,Accepted,