IncidentID,AgencyORI,AgencyName,IncidentStatusDesc,County,RdwyNumber,Street,RoadwayName,StreetSfx,StreetDir,IntersectionRdwy,IntersectionRdwyName,BetweenStRdwy1,BetweenStRdwyName1,BetweenStRdwy2,BetweenStRdwyName2,Latitude,Longitude,Milepoint,CollisionDate,CollisionTime,UnitsInvolved,MotorVehiclesInvolved,NumberKilled,NumberInjured,Weather,RdwyConditionCode,HitandRun,DirAnalysisCode,MannerofCollision,RdwyCharacter,LightCondition,RampFromRdwyId,RampToRdwyId,AcceptedDate,IsSecondaryCollision,OwnerBadge,IncidentStatus,
30128465,0568000,LOUISVILLE METRO POLICE DEPT,Accepted,JEFFERSON,I 0265,,I265 W,,,,,I 0265,I265 W EXIT15 OFF RAMP TO KY864,I 0265,I265 W EXIT17 ON RAMP FROM US31E,38.133200840,-85.599940939,16.190,5/31/2022 12:00:00 AM,1603,2,2,0,0,CLEAR,DRY,False,REAR END IN TRAFFIC LANES BOTH VEHICLES MOVING,REAR END,STRAIGHT & LEVEL,DAYLIGHT,,,6/1/2022 8:10:08 AM,False,2017,Accepted,
30128482,0568000,LOUISVILLE METRO POLICE DEPT,Accepted,JEFFERSON,,1610,MAE STREET KIDD,AVE,,,,,,,,38.230381353,-85.819469201,0.047,5/31/2022 12:00:00 AM,2000,2,1,0,1,CLEAR,DRY,True,COLLISION WITH PEDESTRIAN NON - INTERSECTION,SINGLE VEHICLE,STRAIGHT & LEVEL,DAYLIGHT,,,6/1/2022 8:11:36 AM,False,5216,Accepted,
30122665,0568000,LOUISVILLE METRO POLICE DEPT,Accepted,JEFFERSON,US0031E,,BARDSTOWN,RD,,,FERN CREEK,,,,,38.157744086,-85.591040266,6.158,5/31/2022 12:00:00 AM,0330,1,1,0,1,CLEAR,DRY,False,COLLISION WITH FIXED OBJECT IN INTERSECTION - FIRST EVENT COLLISION 09 - 32,SINGLE VEHICLE,STRAIGHT & LEVEL,DARK-HWY LIGHTED/ON,,,5/31/2022 8:32:42 AM,False,2775,Accepted,
30122674,0568000,LOUISVILLE METRO POLICE DEPT,Accepted,JEFFERSON,I 0265,,I265 E,,,,,,,,,38.116669455,-85.652763617,13.031,5/31/2022 12:00:00 AM,0200,1,1,0,0,CLEAR,DRY,False,OTHER COLLISIONS ON SHOULDER,SINGLE VEHICLE,CURVE & LEVEL,DARK-HWY NOT LIGHTED,,,5/31/2022 8:33:21 AM,False,5198,Accepted,
30128485,0568000,LOUISVILLE METRO POLICE DEPT,Accepted,JEFFERSON,,,FENWICK,DR,,,MANDEVILLE,,,,,38.154073695,-85.637105474,0.086,5/31/2022 12:00:00 AM,2042,1,1,0,1,CLEAR,DRY,False,COLLISION WITH FIXED OBJECT IN INTERSECTION - FIRST EVENT COLLISION 09 - 32,SINGLE VEHICLE,CURVE & HILLCREST,DAYLIGHT,,,6/1/2022 8:11:53 AM,False,5342,Accepted,
30128489,0568000,LOUISVILLE METRO POLICE DEPT,Accepted,JEFFERSON,US0031W,,2ND,ST,S,US0031E,MAIN,,,,,38.256311789,-85.753333523,22.132,5/31/2022 12:00:00 AM,0445,2,2,0,0,CLEAR,DRY,False,OPPOSING LEFT TURN,OPPOSING LEFT TURN,STRAIGHT & GRADE,DARK-HWY LIGHTED/ON,,,6/1/2022 8:12:05 AM,False,5403,Accepted,
30148685,0568000,LOUISVILLE METRO POLICE DEPT,Accepted,JEFFERSON,,,MADISON,ST,W,,,,,,,38.253352435,-85.787492354,0.816,5/31/2022 12:00:00 AM,1744,2,1,0,0,CLEAR,DRY,False,COLLISION WITH PEDESTRIAN NON - INTERSECTION,SINGLE VEHICLE,STRAIGHT & LEVEL,DAYLIGHT,,,6/6/2022 8:32:31 AM,False,5148,Accepted,
30148706,0568000,LOUISVILLE METRO POLICE DEPT,Accepted,JEFFERSON,,,HAMES,TRCE,,,BIG BEN,,,,,38.160525828,-85.604039996,0.001,5/31/2022 12:00:00 AM,1712,2,2,0,0,CLEAR,DRY,False,COLLISION IN PARKING LOT,ANGLE,STRAIGHT & LEVEL,DAYLIGHT,,,6/6/2022 8:36:14 AM,False,7812,Accepted,
30128439,0568000,LOUISVILLE METRO POLICE DEPT,Accepted,JEFFERSON,KY1865,,NEW CUT,RD,,,,,,,,38.126459558,-85.776113502,1.259,5/31/2022 12:00:00 AM,0751,2,2,0,0,CLEAR,DRY,False,REAR END IN TRAFFIC LANES BOTH VEHICLES MOVING,REAR END,STRAIGHT & LEVEL,DAYLIGHT,,,6/1/2022 8:09:05 AM,False,5430,Accepted,
30133542,0568000,LOUISVILLE METRO POLICE DEPT,Accepted,JEFFERSON,KY0146,,LA GRANGE,RD,,,,,,,,38.284515935,-85.514733357,7.211,5/31/2022 12:00:00 AM,1513,2,2,0,0,CLEAR,DRY,False,OTHER ROADWAY OR MID-BLOCK COLLISION,OPPOSING LEFT TURN,STRAIGHT & LEVEL,DAYLIGHT,,,6/2/2022 8:18:30 AM,False,7316,Accepted,
30122672,0568000,LOUISVILLE METRO POLICE DEPT,Accepted,JEFFERSON,,,JENNINGS,LN,,,PRODUCE,,,,,38.184673976,-85.682207924,0.593,5/31/2022 12:00:00 AM,0308,1,1,0,1,CLEAR,DRY,True,OTHER INTERSECTION COLLISIONS,SINGLE VEHICLE,STRAIGHT & LEVEL,DARK-HWY NOT LIGHTED,,,5/31/2022 8:33:13 AM,False,5391,Accepted,
30128462,0568000,LOUISVILLE METRO POLICE DEPT,Accepted,JEFFERSON,,4509,MILES,LN,,CS1095M,SETTLE,,,,,38.124388101,-85.678193680,0.056,5/31/2022 12:00:00 AM,1420,2,2,0,0,CLEAR,DRY,False,1 VEHICLE ENTERING/LEAVING ENTRANCE,ANGLE,STRAIGHT & LEVEL,DAYLIGHT,,,6/1/2022 8:10:03 AM,False,5423,Accepted,
30128477,0568000,LOUISVILLE METRO POLICE DEPT,Accepted,JEFFERSON,,,CECIL,AVE,,,GREENWOOD,,,,,38.244073747,-85.821085011,1.090,5/31/2022 12:00:00 AM,1550,2,2,0,0,CLEAR,DRY,True,COLLISION WITH PARKED VEHICLE,SIDESWIPE-SAME DIRECTION,STRAIGHT & LEVEL,DAYLIGHT,,,6/1/2022 8:11:05 AM,False,7329,Accepted,
30128442,0568000,LOUISVILLE METRO POLICE DEPT,Accepted,JEFFERSON,US0060,,FRANKFORT,AVE,,,POPE,,,,,38.256783668,-85.716663720,0.122,5/31/2022 12:00:00 AM,1055,2,2,0,2,CLEAR,DRY,False,ANGLE COLLISION - ONE VEHICLE TURNING RIGHT,ANGLE,STRAIGHT & GRADE,DAYLIGHT,,,6/1/2022 8:09:17 AM,False,7403,Accepted,
30128474,0568000,LOUISVILLE METRO POLICE DEPT,Accepted,JEFFERSON,,,OAK,ST,E,,CLAY,,,,,38.233785232,-85.743476808,0.656,5/31/2022 12:00:00 AM,0758,3,3,0,0,CLEAR,DRY,False,ANGLE COLLISION - OTHER,ANGLE,STRAIGHT & LEVEL,DAYLIGHT,,,6/1/2022 8:10:50 AM,False,5052,Accepted,
30128480,0568000,LOUISVILLE METRO POLICE DEPT,Accepted,JEFFERSON,KY0155,,TAYLORSVILLE LAKE,RD,,KY1531,ROUTT,,,,,38.176992984,-85.463926043,2.994,5/31/2022 12:00:00 AM,1716,2,2,0,1,CLEAR,DRY,False,ANGLE COLLISION - OTHER,ANGLE,STRAIGHT & LEVEL,DAYLIGHT,,,6/1/2022 8:11:24 AM,False,2775,Accepted,
30128458,0568000,LOUISVILLE METRO POLICE DEPT,Accepted,JEFFERSON,,,7TH,ST,S,,CHESTNUT,,,,,38.249538003,-85.762878307,2.231,5/30/2022 12:00:00 AM,1749,2,2,0,0,CLEAR,DRY,False,ANGLE COLLISION - OTHER,ANGLE,STRAIGHT & LEVEL,DAYLIGHT,,,6/1/2022 8:09:54 AM,False,2764,Accepted,
30122661,0568000,LOUISVILLE METRO POLICE DEPT,Accepted,JEFFERSON,KY1020,,NATIONAL,TPKE,,KY1065,OUTER,,,,,38.126967209,-85.748957181,3.662,5/30/2022 12:00:00 AM,2319,2,2,0,2,CLEAR,DRY,False,OPPOSING LEFT TURN,OPPOSING LEFT TURN,STRAIGHT & LEVEL,DARK-HWY NOT LIGHTED,,,5/31/2022 8:32:30 AM,False,7264,Accepted,
30176645,0568000,LOUISVILLE METRO POLICE DEPT,Accepted,JEFFERSON,,,ROY WILKINS,AVE,,US0031W,MARKET,,,,,38.256093298,-85.765029645,0.094,5/30/2022 12:00:00 AM,0117,2,2,0,0,CLEAR,DRY,False,SIDESWIPE-SAME DIRECTION,SIDESWIPE-SAME DIRECTION,STRAIGHT & LEVEL,DARK-HWY LIGHTED/ON,,,6/13/2022 8:42:15 AM,False,5268,Accepted,
30123068,0566900,LOUISVILLE AIRPORT POLICE,Accepted,JEFFERSON,,4500,TOLL PLAZA,RD,,,,,,,,38.188426338,-85.740584000,0.041,5/30/2022 12:00:00 AM,2121,2,2,0,0,CLEAR,DRY,False,COLLISION IN PARKING LOT,SIDESWIPE-OPPOSITE DIRECTION,STRAIGHT & LEVEL,DUSK,,,5/31/2022 10:02:16 AM,False,5881,Accepted,
30122644,0568000,LOUISVILLE METRO POLICE DEPT,Accepted,JEFFERSON,US0060,,SHELBYVILLE,RD,,KY1747,HURSTBOURNE,,,,,38.246400327,-85.576957212,7.865,5/30/2022 12:00:00 AM,0900,2,2,0,0,CLEAR,DRY,False,SIDESWIPE-SAME DIRECTION,SIDESWIPE-SAME DIRECTION,STRAIGHT & LEVEL,DAYLIGHT,,,5/31/2022 8:31:17 AM,False,7631,Accepted,
30122653,0568000,LOUISVILLE METRO POLICE DEPT,Accepted,JEFFERSON,KY1230,5410,CANE RUN,RD,,,,,,,,38.175278694,-85.889982308,6.768,5/30/2022 12:00:00 AM,1222,1,1,0,1,CLEAR,DRY,False,OCCUPANT FELL FROM MOVING VEHICLE,SINGLE VEHICLE,CURVE & LEVEL,DAYLIGHT,,,5/31/2022 8:31:50 AM,False,5110,Accepted,
30118915,0568000,LOUISVILLE METRO POLICE DEPT,Accepted,JEFFERSON,,4500B,1ST,ST,S,,,,MOHAWK,,WAMPUM,38.186632169,-85.761936565,3.485,5/30/2022 12:00:00 AM,0639,2,2,0,0,CLEAR,DRY,False,1 VEHICLE PARKED POSITION (NOT PARKING LOT/DRIVEWAY),SIDESWIPE-SAME DIRECTION,STRAIGHT & LEVEL,DAYLIGHT,,,5/30/2022 8:48:06 AM,False,7010,Accepted,
30122666,0568000,LOUISVILLE METRO POLICE DEPT,Accepted,JEFFERSON,US0150,,BROADWAY,,W,,15TH,,,,,38.248122050,-85.776568904,1.385,5/30/2022 12:00:00 AM,2035,1,1,0,0,CLEAR,DRY,False,OTHER INTERSECTION COLLISIONS,SINGLE VEHICLE,STRAIGHT & LEVEL,DAYLIGHT,,,5/31/2022 8:32:45 AM,False,5374,Accepted,
30153355,0568000,LOUISVILLE METRO POLICE DEPT,Accepted,JEFFERSON,,1113,BEECHER,ST,,,PEACHTREE,,,,,38.191743204,-85.780046761,0.175,5/30/2022 12:00:00 AM,0421,1,1,0,2,CLEAR,DRY,False,COLLISION WITH FIXED OBJECT IN INTERSECTION - FIRST EVENT COLLISION 09 - 32,SINGLE VEHICLE,STRAIGHT & LEVEL,DARK-HWY LIGHTED/ON,,,6/7/2022 8:31:08 AM,False,5205,Accepted,
30122650,0568000,LOUISVILLE METRO POLICE DEPT,Accepted,JEFFERSON,I 0064,,I64 W,,,,,,,,,38.217763714,-85.412955630,23.945,5/30/2022 12:00:00 AM,1246,1,1,0,1,CLEAR,DRY,False,OTHER ROADWAY OR MID-BLOCK COLLISION,SINGLE VEHICLE,STRAIGHT & LEVEL,DAYLIGHT,,,5/31/2022 8:31:38 AM,False,7876,Accepted,
30133554,0568000,LOUISVILLE METRO POLICE DEPT,Accepted,JEFFERSON,I 0065,,,,,,,,,,,38.114704011,-85.711267465,0.096,5/30/2022 12:00:00 AM,2220,2,1,1,0,CLEAR,DRY,False,OTHER RAMP RELATED COLLISIONS NOT LISTED ABOVE,SINGLE VEHICLE,STRAIGHT & GRADE,DARK-HWY NOT LIGHTED,KY0481,I 0065,6/2/2022 8:19:30 AM,False,2308,Accepted,
30122663,0568000,LOUISVILLE METRO POLICE DEPT,Accepted,JEFFERSON,,,MCCAWLEY,RD,,KY0061,PRESTON,,,,,38.144764160,-85.690310810,0.004,5/30/2022 12:00:00 AM,2041,3,3,0,0,CLEAR,DRY,True,ANGLE COLLISION - OTHER,ANGLE,STRAIGHT & LEVEL,DAYLIGHT,,,5/31/2022 8:32:34 AM,False,5115,Accepted,
30128479,0568000,LOUISVILLE METRO POLICE DEPT,Accepted,JEFFERSON,I 0265,,I265 E,,,,,I 0265,I265 E EXIT15 ON RAMP FROM KY864,I 0265,I265 E EXIT17 OFF RAMP TO US31E,38.127852858,-85.606005001,15.711,5/30/2022 12:00:00 AM,1543,1,1,0,0,CLEAR,DRY,False,OTHER COLLISIONS ON SHOULDER,SINGLE VEHICLE,STRAIGHT & LEVEL,DAYLIGHT,,,6/1/2022 8:11:16 AM,False,5141,Accepted,
30122655,0568000,LOUISVILLE METRO POLICE DEPT,Accepted,JEFFERSON,US0060A,,EASTERN,PKWY,,,BARRET,,,,,38.226498933,-85.720472799,6.102,5/30/2022 12:00:00 AM,1149,2,2,0,0,CLEAR,DRY,False,OPPOSING LEFT TURN,OPPOSING LEFT TURN,CURVE & LEVEL,DAYLIGHT,,,5/31/2022 8:31:58 AM,False,5020,Accepted,
30128441,0568000,LOUISVILLE METRO POLICE DEPT,Accepted,JEFFERSON,US0031W,,DIXIE,HWY,,,KATHERINE STATION,,,,,38.003161274,-85.940455886,0.181,5/30/2022 12:00:00 AM,1735,3,3,0,0,CLEAR,DRY,True,SIDESWIPE-SAME DIRECTION,SIDESWIPE-SAME DIRECTION,STRAIGHT & LEVEL,DAYLIGHT,,,6/1/2022 8:09:13 AM,False,7336,Accepted,
30128471,0568000,LOUISVILLE METRO POLICE DEPT,Accepted,JEFFERSON,KY1703,,NEWBURG,RD,,,BISHOP,,,,,38.200725829,-85.685937265,2.096,5/30/2022 12:00:00 AM,1738,3,3,0,1,CLEAR,DRY,False,ANGLE COLLISION - OTHER,ANGLE,STRAIGHT & GRADE,DAYLIGHT,,,6/1/2022 8:10:35 AM,False,5442,Accepted,
30122668,0568000,LOUISVILLE METRO POLICE DEPT,Accepted,JEFFERSON,US0060A,,EATERN,PKWY,,KY0864,GOSS,,,,,38.224003900,-85.730259592,5.514,5/30/2022 12:00:00 AM,2056,2,2,0,0,CLEAR,DRY,False,SIDESWIPE-SAME DIRECTION,SIDESWIPE-SAME DIRECTION,STRAIGHT & LEVEL,DARK-HWY LIGHTED/ON,,,5/31/2022 8:32:53 AM,False,5328,Accepted,
30128438,0568000,LOUISVILLE METRO POLICE DEPT,Accepted,JEFFERSON,KY1065,175,OUTER,LOOP,,,,,,,,38.126582665,-85.777989725,0.925,5/30/2022 12:00:00 AM,1612,2,2,0,0,CLEAR,DRY,False,COLLISION IN PARKING LOT,SIDESWIPE-OPPOSITE DIRECTION,STRAIGHT & LEVEL,DAYLIGHT,,,6/1/2022 8:09:00 AM,False,7768,Accepted,
30128449,0568000,LOUISVILLE METRO POLICE DEPT,Accepted,JEFFERSON,KY1747,,FERN VALLEY,RD,,,ULRICH,,,,,38.156965844,-85.708484422,1.302,5/30/2022 12:00:00 AM,1732,2,2,0,0,CLEAR,DRY,False,ANGLE COLLISION - ONE VEHICLE TURNING LEFT,ANGLE,STRAIGHT & LEVEL,DAYLIGHT,,,6/1/2022 8:09:29 AM,False,7730,Accepted,
30122649,0568000,LOUISVILLE METRO POLICE DEPT,Accepted,JEFFERSON,US0060,,SHELBYVILLE,RD,,KY1531,JOHNSON,,,,,38.233597061,-85.453263949,14.903,5/30/2022 12:00:00 AM,0956,2,2,0,2,CLEAR,DRY,False,ANGLE COLLISION - OTHER,ANGLE,STRAIGHT & HILLCREST,DAYLIGHT,,,5/31/2022 8:31:34 AM,False,7876,Accepted,
30122658,0568000,LOUISVILLE METRO POLICE DEPT,Accepted,JEFFERSON,,,OAK,ST,W,,12TH,,,,,38.236262169,-85.773566907,0.998,5/30/2022 12:00:00 AM,0018,2,2,0,2,CLEAR,DRY,False,ANGLE COLLISION - OTHER,ANGLE,STRAIGHT & LEVEL,DUSK,,,5/31/2022 8:32:16 AM,False,5327,Accepted,
30118913,0568000,LOUISVILLE METRO POLICE DEPT,Accepted,JEFFERSON,US0150,,BROADWAY,,E,,BARRET,,,,,38.244257937,-85.733954226,3.720,5/30/2022 12:00:00 AM,0232,2,2,0,0,CLEAR,DRY,False,OPPOSING LEFT TURN,OPPOSING LEFT TURN,STRAIGHT & LEVEL,DARK-HWY LIGHTED/ON,,,5/30/2022 8:47:57 AM,False,5274,Accepted,
30122657,0568000,LOUISVILLE METRO POLICE DEPT,Accepted,JEFFERSON,,,STEPHEN FOSTER,AVE,,,SUSANNA,,,,,38.170660522,-85.694441987,0.077,5/30/2022 12:00:00 AM,2139,2,2,0,0,CLEAR,DRY,True,ANGLE COLLISION - OTHER,ANGLE,STRAIGHT & LEVEL,DARK (UNKNOWN ROADWAY LIGHTING),,,5/31/2022 8:32:11 AM,False,5326,Accepted,
30122676,0568000,LOUISVILLE METRO POLICE DEPT,Accepted,JEFFERSON,,,COLORADO,AVE,,,EUCLID,,,,,38.213155331,-85.774298714,0.581,5/30/2022 12:00:00 AM,1958,1,1,0,0,CLEAR,DRY,False,COLLISION WITH FIXED OBJECT IN INTERSECTION - FIRST EVENT COLLISION 09 - 32,SINGLE VEHICLE,STRAIGHT & LEVEL,DAYLIGHT,,,5/31/2022 8:33:24 AM,False,5378,Accepted,
30122679,0568000,LOUISVILLE METRO POLICE DEPT,Accepted,JEFFERSON,,,CLAY,ST,S,,FINZER,,,,,38.243786350,-85.741738647,0.780,5/30/2022 12:00:00 AM,2309,2,2,0,0,CLEAR,DRY,False,ANGLE COLLISION - OTHER,ANGLE,STRAIGHT & LEVEL,DARK-HWY NOT LIGHTED,,,5/31/2022 8:33:32 AM,False,5304,Accepted,
30118916,0568000,LOUISVILLE METRO POLICE DEPT,Accepted,JEFFERSON,US0031E,,BUECHEL,BYP,,KY2052,HIKES,,,,,38.198308357,-85.661127945,10.973,5/30/2022 12:00:00 AM,0256,2,2,0,1,CLEAR,DRY,False,OPPOSITE DIRECTION - BOTH VEHICLES GOING STRAIGHT AHEAD,SIDESWIPE-OPPOSITE DIRECTION,STRAIGHT & LEVEL,DARK-HWY LIGHTED/ON,,,5/30/2022 8:48:10 AM,False,5347,Accepted,
30133569,0568000,LOUISVILLE METRO POLICE DEPT,Accepted,JEFFERSON,,2214,MAIN,ST,W,,,,,,,38.259995827,-85.786894278,0.032,5/30/2022 12:00:00 AM,0312,3,3,0,0,CLEAR,DRY,True,1 VEHICLE PARKED POSITION (NOT PARKING LOT/DRIVEWAY),REAR END,STRAIGHT & LEVEL,DARK-HWY LIGHTED/ON,,,6/2/2022 8:20:32 AM,False,5340,Accepted,
30122659,0568000,LOUISVILLE METRO POLICE DEPT,Accepted,JEFFERSON,KY2053,,MT WASHINGTON,RD,,,ORELAND MILL,,,,,38.090108933,-85.649613994,1.045,5/30/2022 12:00:00 AM,1900,2,2,0,0,CLEAR,DRY,True,ANGLE COLLISION - OTHER,ANGLE,STRAIGHT & LEVEL,DAYLIGHT,,,5/31/2022 8:32:21 AM,False,5198,Accepted,
30122656,0568000,LOUISVILLE METRO POLICE DEPT,Accepted,JEFFERSON,KY1447,,WESTPORT,RD,,I 0265,I265 S EXIT33 ON RAMP FROM KY1447,,,,,38.296972963,-85.551208860,6.564,5/30/2022 12:00:00 AM,1407,2,2,0,0,CLEAR,DRY,True,ANGLE COLLISION - OTHER,ANGLE,STRAIGHT & LEVEL,DAYLIGHT,,,5/31/2022 8:32:06 AM,False,7483,Accepted,
30122664,0568000,LOUISVILLE METRO POLICE DEPT,Accepted,JEFFERSON,KY0155,,TAYLORSVILLE,RD,,,PEE WEE REESE,,,,,38.222873071,-85.668455447,15.652,5/30/2022 12:00:00 AM,2316,2,2,0,0,CLEAR,DRY,True,ANGLE COLLISION - OTHER,ANGLE,STRAIGHT & LEVEL,DARK-HWY LIGHTED/ON,,,5/31/2022 8:32:38 AM,False,5437,Accepted,
30122678,0568000,LOUISVILLE METRO POLICE DEPT,Accepted,JEFFERSON,KY1020,3156,3RD,ST,S,,,,,,,38.203153739,-85.764282837,9.350,5/30/2022 12:00:00 AM,2109,2,2,0,0,CLEAR,DRY,False,1 VEHICLE PARKED POSITION (NOT PARKING LOT/DRIVEWAY),BACKING,STRAIGHT & LEVEL,DARK (UNKNOWN ROADWAY LIGHTING),,,5/31/2022 8:33:28 AM,False,5378,Accepted,
30128453,0568000,LOUISVILLE METRO POLICE DEPT,Accepted,JEFFERSON,KY2860,,GRINSTEAD,DR,,,CHEROKEE,,,,,38.239175995,-85.719483803,0.091,5/30/2022 12:00:00 AM,1913,2,2,0,0,CLEAR,DRY,False,OTHER INTERSECTION COLLISIONS,REAR END,STRAIGHT & LEVEL,DUSK,,,6/1/2022 8:09:40 AM,False,5020,Accepted,
30190226,0568000,LOUISVILLE METRO POLICE DEPT,Accepted,JEFFERSON,,,JEFFERSON,ST,W,,11TH,,,,,38.255094263,-85.768576033,0.908,5/30/2022 12:00:00 AM,1114,2,2,0,3,CLEAR,DRY,False,OTHER INTERSECTION COLLISIONS,REAR TO REAR,STRAIGHT & LEVEL,DAYLIGHT,,,6/16/2022 8:11:56 AM,False,5335,Accepted,
30122667,0568000,LOUISVILLE METRO POLICE DEPT,Accepted,JEFFERSON,US0031E,1101,BARDSTOWN,RD,,,,,,,,38.238353269,-85.720875367,15.416,5/30/2022 12:00:00 AM,2341,2,2,0,0,CLEAR,DRY,False,COLLISION IN PARKING LOT,REAR END,STRAIGHT & LEVEL,DARK-HWY LIGHTED/ON,,,5/31/2022 8:32:49 AM,False,7488,Accepted,
30118902,0568000,LOUISVILLE METRO POLICE DEPT,Accepted,JEFFERSON,,,MUHAMMAD ALI,BLVD,W,KY1020,2ND,,,,,38.250830710,-85.754249861,0.088,5/29/2022 12:00:00 AM,1239,2,1,0,0,CLEAR,DRY,False,COLLISION WITH BICYCLE IN INTERSECTION,SINGLE VEHICLE,STRAIGHT & LEVEL,DAYLIGHT,,,5/30/2022 8:47:15 AM,False,7216,Accepted,
30118910,0568000,LOUISVILLE METRO POLICE DEPT,Accepted,JEFFERSON,,,SOUTHERN,PKWY,,KY1865,TAYLOR,,,,,38.169825437,-85.781268340,1.104,5/29/2022 12:00:00 AM,2254,2,2,0,0,CLEAR,DRY,False,OTHER INTERSECTION COLLISIONS,REAR END,STRAIGHT & LEVEL,DARK-HWY LIGHTED/ON,,,5/30/2022 8:47:45 AM,False,7988,Accepted,
30167521,0568000,LOUISVILLE METRO POLICE DEPT,Accepted,JEFFERSON,KY1065,,OUTER,LOOP,,,,,,,,38.137997315,-85.641937028,8.511,5/29/2022 12:00:00 AM,1535,3,3,0,0,CLEAR,DRY,False,REAR END IN TRAFFIC LANES BOTH VEHICLES MOVING,REAR END,STRAIGHT & HILLCREST,DAYLIGHT,,,6/10/2022 10:11:07 AM,True,7670,Accepted,
30118904,0568000,LOUISVILLE METRO POLICE DEPT,Accepted,JEFFERSON,I 0071,,I71 N,,,,,,,,,38.299654454,-85.618422884,6.815,5/29/2022 12:00:00 AM,1630,1,1,0,0,CLEAR,DRY,False,OTHER COLLISIONS ON SHOULDER,SINGLE VEHICLE,STRAIGHT & LEVEL,DAYLIGHT,,,5/30/2022 8:47:23 AM,False,7615,Accepted,
30122654,0568000,LOUISVILLE METRO POLICE DEPT,Accepted,JEFFERSON,,,18TH,ST,S,,MUHAMMAD ALI,,,,,38.253751047,-85.780658195,0.378,5/29/2022 12:00:00 AM,1554,2,2,0,3,CLEAR,DRY,False,ANGLE COLLISION - OTHER,ANGLE,STRAIGHT & LEVEL,DAYLIGHT,,,5/31/2022 8:31:54 AM,False,5331,Accepted,
30118914,0568000,LOUISVILLE METRO POLICE DEPT,Accepted,JEFFERSON,KY1934,,CANE RUN,RD,,,TRAPPERS,,,,,38.203284911,-85.832295451,9.593,5/29/2022 12:00:00 AM,2027,3,3,0,1,CLEAR,DRY,False,NON-COLLISION OBJECT COLLISION,SIDESWIPE-SAME DIRECTION,STRAIGHT & LEVEL,DUSK,,,5/30/2022 8:48:01 AM,False,5360,Accepted,
30153363,0568000,LOUISVILLE METRO POLICE DEPT,Accepted,JEFFERSON,US0031E,4700,BARDSTOWN,RD,,,,,,,,38.179916977,-85.624639143,8.447,5/29/2022 12:00:00 AM,1832,2,2,0,3,CLEAR,DRY,False,1 VEHICLE ENTERING/LEAVING ENTRANCE,ANGLE,STRAIGHT & LEVEL,DAYLIGHT,,,6/7/2022 8:31:39 AM,False,5305,Accepted,
30118908,0568000,LOUISVILLE METRO POLICE DEPT,Accepted,JEFFERSON,,314,WENZEL,ST,S,,,,,,,38.251134080,-85.734281285,0.209,5/29/2022 12:00:00 AM,1352,1,1,0,0,CLEAR,DRY,False,COLLISION IN PARKING LOT,SINGLE VEHICLE,STRAIGHT & LEVEL,DAYLIGHT,,,5/30/2022 8:47:38 AM,False,7823,Accepted,
30118911,0568000,LOUISVILLE METRO POLICE DEPT,Accepted,JEFFERSON,KY1065,,OUTER,LOOP,,,,,,,,38.136978100,-85.692534464,5.725,5/29/2022 12:00:00 AM,2250,1,1,0,1,CLEAR,DRY,False,COLLISION WITH FIXED OBJECT NON - INTERSECTION - FIRST EVENT COLLISION 09 - 32 EXCLUDING 16,SINGLE VEHICLE,CURVE & LEVEL,DARK-HWY LIGHTED/OFF,,,5/30/2022 8:47:49 AM,False,7100,Accepted,
30118917,0568000,LOUISVILLE METRO POLICE DEPT,Accepted,JEFFERSON,US0150,,BROADWAY,,W,,1ST,,,,,38.245722409,-85.753390898,2.655,5/29/2022 12:00:00 AM,2302,2,2,0,1,CLEAR,DRY,True,OPPOSING LEFT TURN,OPPOSING LEFT TURN,STRAIGHT & LEVEL,DARK-HWY LIGHTED/ON,,,5/30/2022 8:48:15 AM,False,5385,Accepted,
30133571,0568000,LOUISVILLE METRO POLICE DEPT,Accepted,JEFFERSON,KY0864,4500 BLK,POPLAR LEVEL,RD,,,,,,,,38.187387532,-85.701953035,10.669,5/29/2022 12:00:00 AM,1849,2,2,0,2,CLEAR,DRY,False,1 VEHICLE ENTERING/LEAVING ENTRANCE,ANGLE,STRAIGHT & LEVEL,DAYLIGHT,,,6/2/2022 8:20:41 AM,False,5189,Accepted,
30138330,0568000,LOUISVILLE METRO POLICE DEPT,Accepted,JEFFERSON,,,INDIAN,TRL,E,KY0061,PRESTON,,,,,38.168729132,-85.706513487,0.004,5/29/2022 12:00:00 AM,1502,2,2,0,0,CLEAR,DRY,True,OTHER INTERSECTION COLLISIONS,REAR TO REAR,STRAIGHT & LEVEL,DAYLIGHT,,,6/3/2022 8:14:02 AM,False,5027,Accepted,
30153362,0568000,LOUISVILLE METRO POLICE DEPT,Accepted,JEFFERSON,,,CHEVY CHASE,RD,,,HIKES,,,,,38.201833285,-85.655456632,0.004,5/29/2022 12:00:00 AM,0550,2,2,0,0,CLEAR,DRY,False,ANGLE COLLISION - OTHER,ANGLE,STRAIGHT & LEVEL,DAWN,,,6/7/2022 8:31:35 AM,False,5305,Accepted,