IncidentID,AgencyORI,AgencyName,IncidentStatusDesc,County,RdwyNumber,Street,RoadwayName,StreetSfx,StreetDir,IntersectionRdwy,IntersectionRdwyName,BetweenStRdwy1,BetweenStRdwyName1,BetweenStRdwy2,BetweenStRdwyName2,Latitude,Longitude,Milepoint,CollisionDate,CollisionTime,UnitsInvolved,MotorVehiclesInvolved,NumberKilled,NumberInjured,Weather,RdwyConditionCode,HitandRun,DirAnalysisCode,MannerofCollision,RdwyCharacter,LightCondition,RampFromRdwyId,RampToRdwyId,AcceptedDate,IsSecondaryCollision,OwnerBadge,IncidentStatus,
30105236,0568000,LOUISVILLE METRO POLICE DEPT,Accepted,JEFFERSON,I 0064,,I64 W,,,,,,,,,38.260947218,-85.737912480,5.408,5/25/2022 12:00:00 AM,0845,2,2,0,0,CLEAR,WET,True,SIDESWIPE COLLISION - SAME DIRECTION,SIDESWIPE-SAME DIRECTION,CURVE & LEVEL,DAYLIGHT,,,5/26/2022 8:29:20 AM,False,5124,Accepted,
30105250,0568000,LOUISVILLE METRO POLICE DEPT,Accepted,JEFFERSON,KY0864,,POPLAR LEVEL,RD,,,,,,,,38.195775698,-85.707776408,11.346,5/25/2022 12:00:00 AM,0728,2,2,0,1,CLOUDY,DRY,False,REAR END IN TRAFFIC LANES BOTH VEHICLES MOVING,REAR END,STRAIGHT & LEVEL,DAYLIGHT,,,5/26/2022 8:29:54 AM,False,4693,Accepted,
30105259,0568000,LOUISVILLE METRO POLICE DEPT,Accepted,JEFFERSON,KY1020,4009,SOUTHERN,PKWY,,,,,EVELYN,,FAIRMONT,38.196271122,-85.766837419,8.829,5/25/2022 12:00:00 AM,1413,1,1,0,0,CLEAR,DRY,False,COLLISION WITH FIXED OBJECT NON - INTERSECTION - FIRST EVENT COLLISION 09 - 32 EXCLUDING 16,SINGLE VEHICLE,STRAIGHT & LEVEL,DAYLIGHT,,,5/26/2022 8:30:57 AM,False,7257,Accepted,
30109007,0568000,LOUISVILLE METRO POLICE DEPT,Accepted,JEFFERSON,I 0264,,I264 E,,,I 0264,I264 E EXIT20 OFF RAMP TO US60,,,,,38.240017364,-85.622482668,19.064,5/25/2022 12:00:00 AM,1752,1,1,0,1,CLOUDY,WET,False,NON-COLLISION OBJECT COLLISION,SINGLE VEHICLE,CURVE & LEVEL,DAYLIGHT,,,5/27/2022 7:44:39 AM,False,5410,Accepted,
30134546,KSP0400,KY STATE POLICE POST 04,Accepted,JEFFERSON,KY1865,,NEW CUT,RD,,,JONES,,,,,38.148421661,-85.775848718,2.847,5/25/2022 12:00:00 AM,1620,2,2,0,0,RAINING,WET,False,OTHER INTERSECTION COLLISIONS,REAR END,STRAIGHT & LEVEL,DARK-HWY LIGHTED/ON,,,6/2/2022 12:53:44 PM,False,782,Accepted,
30148687,0568000,LOUISVILLE METRO POLICE DEPT,Accepted,JEFFERSON,I 0071,,I71 N,,,,,,,,,38.291112369,-85.671124865,3.661,5/25/2022 12:00:00 AM,1615,1,1,0,0,CLOUDY,WET,False,OTHER ROADWAY OR MID-BLOCK COLLISION,SINGLE VEHICLE,STRAIGHT & LEVEL,DAYLIGHT,,,6/6/2022 8:32:43 AM,False,2673,Accepted,
30105271,0568000,LOUISVILLE METRO POLICE DEPT,Accepted,JEFFERSON,KY1865,,NEW CUT,RD,,,PARK,,,,,38.155910905,-85.777605843,3.381,5/25/2022 12:00:00 AM,1458,2,2,0,1,CLOUDY,DRY,False,OTHER INTERSECTION COLLISIONS,REAR END,STRAIGHT & LEVEL,DAYLIGHT,,,5/26/2022 8:31:54 AM,False,7234,Accepted,
30109004,0568000,LOUISVILLE METRO POLICE DEPT,Accepted,JEFFERSON,I 0265,,I265 EB,,,,,,,,,38.112249845,-85.669198781,12.082,5/25/2022 12:00:00 AM,1534,1,1,0,0,RAINING,WET,False,OTHER COLLISIONS ON SHOULDER,SINGLE VEHICLE,STRAIGHT & LEVEL,DAYLIGHT,,,5/27/2022 7:44:31 AM,False,7751,Accepted,
30105265,0568000,LOUISVILLE METRO POLICE DEPT,Accepted,JEFFERSON,,,CLAY,AVE,,,,,EARLANN,KY0061,PRESTON,38.143056211,-85.690141181,0.044,5/25/2022 12:00:00 AM,0800,2,2,0,0,CLOUDY,DRY,False,1 VEHICLE PARKED POSITION (NOT PARKING LOT/DRIVEWAY),BACKING,STRAIGHT & LEVEL,DAYLIGHT,,,5/26/2022 8:31:31 AM,False,2324,Accepted,
30105234,0568000,LOUISVILLE METRO POLICE DEPT,Accepted,JEFFERSON,KY6304,,OLD PRESTON,HWY,,KY0061,PRESTON,,,,,38.096356925,-85.670298836,0.008,5/25/2022 12:00:00 AM,0730,2,2,0,0,CLEAR,WET,False,ANGLE COLLISION - OTHER,ANGLE,STRAIGHT & LEVEL,DAYLIGHT,,,5/26/2022 8:29:13 AM,False,2017,Accepted,
30107848,0565000,LYNDON POLICE DEPARTMENT,Accepted,JEFFERSON,KY2050,,HERR,LN,,,GREENLAWN,,,,,38.277274344,-85.622163433,1.630,5/25/2022 12:00:00 AM,1734,2,2,0,0,RAINING,WET,False,OTHER INTERSECTION COLLISIONS,REAR END,STRAIGHT & LEVEL,DAYLIGHT,,,5/26/2022 10:20:19 PM,False,1394,Accepted,
30105257,0568000,LOUISVILLE METRO POLICE DEPT,Accepted,JEFFERSON,US0150,1025,BROADWAY,,W,,,,,,,38.247350554,-85.769503705,1.766,5/25/2022 12:00:00 AM,1528,2,2,0,2,CLOUDY,DRY,False,1 VEHICLE ENTERING/LEAVING ENTRANCE,ANGLE,STRAIGHT & LEVEL,DAYLIGHT,,,5/26/2022 8:30:49 AM,False,5338,Accepted,
30105254,0568000,LOUISVILLE METRO POLICE DEPT,Accepted,JEFFERSON,I 0065,,I65 N,,,,,,,,,38.230510404,-85.750970148,134.184,5/25/2022 12:00:00 AM,1239,2,2,0,0,CLEAR,DRY,False,REAR END IN TRAFFIC LANES BOTH VEHICLES MOVING,REAR END,STRAIGHT & LEVEL,DAYLIGHT,,,5/26/2022 8:30:37 AM,True,4903,Accepted,
30128296,0566700,MIDDLETOWN POLICE DEPARTMENT,Accepted,JEFFERSON,US0060,,SHELBYVILLE,RD,,,ENGLISH STATION,,,,,38.240583488,-85.493588114,12.575,5/25/2022 12:00:00 AM,1940,2,2,0,1,CLOUDY,WET,False,ANGLE COLLISION - OTHER,ANGLE,STRAIGHT & LEVEL,DAYLIGHT,,,6/1/2022 7:29:22 AM,False,2013,Accepted,
30105276,0568000,LOUISVILLE METRO POLICE DEPT,Accepted,JEFFERSON,,,MUHAMMAD ALI,BLVD,E,,BROOK,,,,,38.250508974,-85.751397606,0.976,5/25/2022 12:00:00 AM,1305,2,2,0,0,CLEAR,DRY,False,ANGLE COLLISION - OTHER,ANGLE,STRAIGHT & LEVEL,DAYLIGHT,,,5/26/2022 8:32:14 AM,False,5331,Accepted,
30105251,0568000,LOUISVILLE METRO POLICE DEPT,Accepted,JEFFERSON,KY1747,,HURSTBOURNE,PKWY,S,,BUNSEN,,,,,38.219015374,-85.584225735,11.454,5/25/2022 12:00:00 AM,1056,2,2,0,1,CLOUDY,DRY,False,ANGLE COLLISION - OTHER,ANGLE,STRAIGHT & LEVEL,DAYLIGHT,,,5/26/2022 8:29:59 AM,False,4693,Accepted,
30100680,0568000,LOUISVILLE METRO POLICE DEPT,Accepted,JEFFERSON,,,1ST,ST,S,,CHESTNUT,,,,,38.248409377,-85.752947320,0.532,5/24/2022 12:00:00 AM,1338,2,2,0,1,CLEAR,DRY,False,ANGLE COLLISION - OTHER,ANGLE,STRAIGHT & LEVEL,DAYLIGHT,,,5/25/2022 8:13:26 AM,False,7216,Accepted,
30100689,0568000,LOUISVILLE METRO POLICE DEPT,Accepted,JEFFERSON,,,BROADWAY,,W,US0031W,22ND,,,,,38.249280066,-85.788199911,0.004,5/24/2022 12:00:00 AM,1015,2,2,0,1,CLOUDY,DRY,False,ANGLE COLLISION - OTHER,ANGLE,STRAIGHT & LEVEL,DAYLIGHT,,,5/25/2022 8:13:59 AM,False,7805,Accepted,
30100706,0568000,LOUISVILLE METRO POLICE DEPT,Accepted,JEFFERSON,US0031W,6801,DIXIE,HWY,,,,,,,,38.151993858,-85.836307060,12.193,5/24/2022 12:00:00 AM,0530,2,2,0,0,CLEAR,DRY,False,SIDESWIPE COLLISION - SAME DIRECTION,SIDESWIPE-SAME DIRECTION,STRAIGHT & LEVEL,DAWN,,,5/25/2022 8:15:06 AM,False,7992,Accepted,
30100712,0568000,LOUISVILLE METRO POLICE DEPT,Accepted,JEFFERSON,I 0064,,I64 W,,,,,,,,,38.269961419,-85.782235358,2.655,5/24/2022 12:00:00 AM,2135,2,2,0,0,CLEAR,DRY,False,SIDESWIPE COLLISION - SAME DIRECTION,SIDESWIPE-SAME DIRECTION,STRAIGHT & LEVEL,DARK-HWY LIGHTED/ON,,,5/25/2022 8:15:31 AM,False,5158,Accepted,
30133535,0568000,LOUISVILLE METRO POLICE DEPT,Accepted,JEFFERSON,,,ZORN,AVE,,,,,,,,38.273306151,-85.696150429,1.426,5/24/2022 12:00:00 AM,1700,2,2,0,0,CLOUDY,DRY,False,1 VEHICLE ENTERING/LEAVING ENTRANCE,ANGLE,STRAIGHT & LEVEL,DAYLIGHT,,,6/2/2022 8:18:05 AM,False,7673,Accepted,
30231763,0568000,LOUISVILLE METRO POLICE DEPT,Accepted,JEFFERSON,,730,16TH,ST,S,,,,,,,38.247909868,-85.778342180,0.759,5/24/2022 12:00:00 AM,1915,2,2,0,1,CLEAR,DRY,False,1 VEHICLE ENTERING/LEAVING ENTRANCE,ANGLE,STRAIGHT & LEVEL,DAYLIGHT,,,6/27/2022 8:26:51 AM,False,5422,Accepted,
30100700,0568000,LOUISVILLE METRO POLICE DEPT,Accepted,JEFFERSON,US0031W,,DIXIE,HWY,,,UPPER HUNTERS,,,,,38.168349133,-85.828472575,13.260,5/24/2022 12:00:00 AM,1301,2,2,0,0,CLEAR,DRY,True,OTHER INTERSECTION COLLISIONS,REAR END,STRAIGHT & LEVEL,DAYLIGHT,,,5/25/2022 8:14:42 AM,False,7234,Accepted,
30118847,0568000,LOUISVILLE METRO POLICE DEPT,Accepted,JEFFERSON,KY0864,,POPLAR LEVEL,RD,,,NIGHTINGALE,,,,,38.210214722,-85.716969127,12.471,5/24/2022 12:00:00 AM,1441,2,2,0,1,CLEAR,DRY,False,OTHER INTERSECTION COLLISIONS,REAR END,STRAIGHT & LEVEL,DAYLIGHT,,,5/30/2022 8:42:12 AM,False,7938,Accepted,
30100683,0568000,LOUISVILLE METRO POLICE DEPT,Accepted,JEFFERSON,KY2251,,BARDSTOWN,RD,,,,,,,,38.194409615,-85.651155663,0.475,5/24/2022 12:00:00 AM,1250,2,2,0,0,CLEAR,DRY,False,1 VEHICLE ENTERING/LEAVING ENTRANCE,ANGLE,STRAIGHT & LEVEL,DAYLIGHT,,,5/25/2022 8:13:37 AM,False,5276,Accepted,
30100703,0568000,LOUISVILLE METRO POLICE DEPT,Accepted,JEFFERSON,,1908,GRIFFITHS,AVE,,,,,,,,38.263449613,-85.781615510,0.135,5/24/2022 12:00:00 AM,1924,2,2,0,0,CLEAR,DRY,False,1 VEHICLE PARKED POSITION (NOT PARKING LOT/DRIVEWAY),REAR END,STRAIGHT & LEVEL,DAYLIGHT,,,5/25/2022 8:14:53 AM,False,5340,Accepted,
30098836,0566900,LOUISVILLE AIRPORT POLICE,Accepted,JEFFERSON,,,TERMINAL,DR,,,,,,,,38.186473579,-85.746141566,0.036,5/24/2022 12:00:00 AM,1020,1,1,0,0,CLEAR,DRY,False,COLLISION IN PARKING LOT,SINGLE VEHICLE,STRAIGHT & LEVEL,UNKNOWN,,,5/24/2022 8:39:10 PM,False,5887,Accepted,
30100692,0568000,LOUISVILLE METRO POLICE DEPT,Accepted,JEFFERSON,I 0264,,I264 E,,,,,,,,,38.189853168,-85.765191072,10.135,5/24/2022 12:00:00 AM,1623,2,2,0,1,CLOUDY,DRY,False,OTHER ROADWAY OR MID-BLOCK COLLISION,REAR END,STRAIGHT & GRADE,DAYLIGHT,,,5/25/2022 8:14:12 AM,False,8278,Accepted,
30100686,0568000,LOUISVILLE METRO POLICE DEPT,Accepted,JEFFERSON,,,ROY WILKINS,AVE,,,CHESTNUT,,,,,38.249811270,-85.765841804,0.537,5/24/2022 12:00:00 AM,1317,2,2,0,0,CLEAR,DRY,True,OTHER INTERSECTION COLLISIONS,REAR END,STRAIGHT & LEVEL,DAYLIGHT,,,5/25/2022 8:13:48 AM,False,5187,Accepted,
30118850,0568000,LOUISVILLE METRO POLICE DEPT,Accepted,JEFFERSON,I 0264,,I264 W,,,,,,,,,38.190098713,-85.765772660,10.199,5/24/2022 12:00:00 AM,1500,2,2,0,0,OTHER,OTHER,False,SIDESWIPE COLLISION - SAME DIRECTION,SIDESWIPE-SAME DIRECTION,STRAIGHT & LEVEL,OTHER,,,5/30/2022 8:42:30 AM,False,7673,Accepted,
30100702,0568000,LOUISVILLE METRO POLICE DEPT,Accepted,JEFFERSON,KY1934,,GREENBELT,HWY,,KY1931,GREENWOOD,,,,,38.147182054,-85.886311790,4.463,5/24/2022 12:00:00 AM,1903,1,1,0,1,CLEAR,DRY,False,COLLISION WITH FIXED OBJECT IN INTERSECTION - FIRST EVENT COLLISION 09 - 32,SINGLE VEHICLE,STRAIGHT & LEVEL,DAYLIGHT,,,5/25/2022 8:14:49 AM,False,7234,Accepted,
30095848,0568000,LOUISVILLE METRO POLICE DEPT,Accepted,JEFFERSON,KY0841,,GENE SNYDER,FWY,,,,,,,,38.120323420,-85.780482172,5.878,5/24/2022 12:00:00 AM,0402,1,1,0,0,CLEAR,DRY,False,OTHER ROADWAY OR MID-BLOCK COLLISION,SINGLE VEHICLE,CURVE & HILLCREST,DARK-HWY LIGHTED/ON,,,5/24/2022 8:12:22 AM,False,5033,Accepted,
30190222,0568000,LOUISVILLE METRO POLICE DEPT,Accepted,JEFFERSON,,,LIBERTY,ST,W,,,,,,,38.253137224,-85.757640762,0.581,5/24/2022 12:00:00 AM,1146,2,2,0,0,CLEAR,DRY,True,OTHER ROADWAY OR MID-BLOCK COLLISION,REAR END,STRAIGHT & LEVEL,DAYLIGHT,,,6/16/2022 8:11:43 AM,False,5168,Accepted,
30100682,0568000,LOUISVILLE METRO POLICE DEPT,Accepted,JEFFERSON,KY0864,,POPLAR LEVEL,RD,,,,,,,,38.203643777,-85.711435341,11.925,5/24/2022 12:00:00 AM,1153,3,3,0,4,CLOUDY,DRY,False,REAR END IN TRAFFIC LANES BOTH VEHICLES MOVING,REAR END,STRAIGHT & LEVEL,DAYLIGHT,,,5/25/2022 8:13:33 AM,False,4693,Accepted,
30100697,0568000,LOUISVILLE METRO POLICE DEPT,Accepted,JEFFERSON,KY1020,,3RD,ST,S,,BLOOM,,,,,38.221900317,-85.760939375,10.417,5/24/2022 12:00:00 AM,1552,4,4,0,1,CLEAR,DRY,False,COLLISION WITH PARKED VEHICLE,ANGLE,STRAIGHT & LEVEL,DAYLIGHT,,,5/25/2022 8:14:30 AM,False,5175,Accepted,
30101275,0568000,LOUISVILLE METRO POLICE DEPT,Accepted,JEFFERSON,I 0064,,,,,,,,,,,38.257860942,-85.723686579,0.128,5/24/2022 12:00:00 AM,1326,1,1,0,0,CLEAR,DRY,False,COLLISION WITH FIXED OBJECT NOT IN GORE ,SINGLE VEHICLE,CURVE & GRADE,DAYLIGHT,I 0064,STORY AVE,5/25/2022 10:54:50 AM,False,5187,Accepted,
30118869,0568000,LOUISVILLE METRO POLICE DEPT,Accepted,JEFFERSON,,6014,SHADOW RUN,RD,,,,,,,,38.161338067,-85.687282581,0.097,5/24/2022 12:00:00 AM,2016,2,2,0,0,CLEAR,DRY,False,1 VEHICLE PARKED POSITION (NOT PARKING LOT/DRIVEWAY),SIDESWIPE-SAME DIRECTION,STRAIGHT & LEVEL,DUSK,,,5/30/2022 8:44:15 AM,False,5174,Accepted,
30100694,0568000,LOUISVILLE METRO POLICE DEPT,Accepted,JEFFERSON,KY2053,7911,THIXTON,LN,,,,,,,,38.080091566,-85.617518680,3.167,5/24/2022 12:00:00 AM,1133,1,1,0,0,CLOUDY,DRY,False,RAN OFF ROADWAY (1 VEHICLE WITH/EARTH EMBANKMENT/DITCH),SINGLE VEHICLE,STRAIGHT & GRADE,DAYLIGHT,,,5/25/2022 8:14:19 AM,False,2324,Accepted,
30095849,0568000,LOUISVILLE METRO POLICE DEPT,Accepted,JEFFERSON,,,4TH,ST,S,,LEE,,,,,38.223387670,-85.762360025,2.316,5/24/2022 12:00:00 AM,0431,4,4,0,0,CLEAR,DRY,False,COLLISION WITH PARKED VEHICLE,SIDESWIPE-OPPOSITE DIRECTION,STRAIGHT & LEVEL,DARK-HWY LIGHTED/ON,,,5/24/2022 8:12:26 AM,False,5196,Accepted,
30100691,0568000,LOUISVILLE METRO POLICE DEPT,Accepted,JEFFERSON,,,JEFFERSON,ST,W,,8TH,,,,,38.254663902,-85.764025183,0.656,5/24/2022 12:00:00 AM,1150,3,3,0,0,CLEAR,DRY,True,COLLISION WITH PARKED VEHICLE,SIDESWIPE-OPPOSITE DIRECTION,STRAIGHT & LEVEL,DAYLIGHT,,,5/25/2022 8:14:06 AM,False,5407,Accepted,
30100679,0568000,LOUISVILLE METRO POLICE DEPT,Accepted,JEFFERSON,,2523,POPE LICK,RD,S,,,,,,,38.205661503,-85.492021615,1.344,5/24/2022 12:00:00 AM,1307,1,1,0,0,CLOUDY,DRY,True,1 VEHICLE PARKED POSITION (NOT PARKING LOT/DRIVEWAY),SINGLE VEHICLE,CURVE & GRADE,DAYLIGHT,,,5/25/2022 8:13:22 AM,False,7802,Accepted,
30100687,0568000,LOUISVILLE METRO POLICE DEPT,Accepted,JEFFERSON,,2010,LAUDERDALE,RD,,,,,,,,38.228648893,-85.694150304,0.257,5/24/2022 12:00:00 AM,1356,3,3,0,0,CLOUDY,DRY,True,1 VEHICLE PARKED POSITION (NOT PARKING LOT/DRIVEWAY),SIDESWIPE-SAME DIRECTION,STRAIGHT & LEVEL,DAYLIGHT,,,5/25/2022 8:13:52 AM,False,2738,Accepted,
30100696,0568000,LOUISVILLE METRO POLICE DEPT,Accepted,JEFFERSON,KY1865,,NEW CUT,RD,,,,,,,,38.161629756,-85.779179582,3.774,5/24/2022 12:00:00 AM,1417,3,3,0,0,CLEAR,DRY,True,1 VEHICLE ENTERING/LEAVING ENTRANCE,ANGLE,STRAIGHT & LEVEL,DAYLIGHT,,,5/25/2022 8:14:27 AM,False,7331,Accepted,
30105232,0568000,LOUISVILLE METRO POLICE DEPT,Accepted,JEFFERSON,,,EARL,AVE,,US0060A,TAYLOR,,,,,38.202805974,-85.780645158,0.001,5/24/2022 12:00:00 AM,1856,2,1,0,1,CLEAR,DRY,False,COLLISION WITH PEDESTRIAN IN INTERSECTION,SINGLE VEHICLE,STRAIGHT & GRADE,DAYLIGHT,,,5/26/2022 8:28:55 AM,False,5249,Accepted,
30100678,0568000,LOUISVILLE METRO POLICE DEPT,Accepted,JEFFERSON,,,COOPER CHAPEL,RD,,,YELLOW PINE,,,,,38.107896546,-85.648184982,1.545,5/24/2022 12:00:00 AM,0741,2,2,0,0,CLEAR,DRY,False,ANGLE COLLISION - OTHER,ANGLE,STRAIGHT & LEVEL,DAYLIGHT,,,5/25/2022 8:13:18 AM,False,2017,Accepted,
30100701,0568000,LOUISVILLE METRO POLICE DEPT,Accepted,JEFFERSON,,,WISERTOWN,RD,,,,,,,,38.131104189,-85.794266957,0.105,5/24/2022 12:00:00 AM,1527,2,2,0,0,CLEAR,DRY,False,SIDESWIPE COLLISION - OPPOSITE DIRECTION,SIDESWIPE-OPPOSITE DIRECTION,STRAIGHT & LEVEL,DAYLIGHT,,,5/25/2022 8:14:46 AM,False,7234,Accepted,
30095850,0568000,LOUISVILLE METRO POLICE DEPT,Accepted,JEFFERSON,I 0064,,I64 E,,,,,,,,,38.260595092,-85.736321740,5.778,5/24/2022 12:00:00 AM,0613,2,2,0,0,CLEAR,DRY,False,SIDESWIPE COLLISION - SAME DIRECTION,SIDESWIPE-SAME DIRECTION,CURVE & LEVEL,DAYLIGHT,,,5/24/2022 8:12:31 AM,False,4903,Accepted,
30100675,0568000,LOUISVILLE METRO POLICE DEPT,Accepted,JEFFERSON,US0060,,SHELBYVILLE,RD,,,,,WILDWOOD,,VIEUX CARRE,38.246192077,-85.573714378,8.076,5/24/2022 12:00:00 AM,0900,5,5,0,1,CLOUDY,DRY,False,REAR END IN TRAFFIC LANES BOTH VEHICLES MOVING,REAR END,STRAIGHT & LEVEL,DAYLIGHT,,,5/25/2022 8:13:05 AM,False,2013,Accepted,
30217602,0568000,LOUISVILLE METRO POLICE DEPT,Accepted,JEFFERSON,I 0264,,,,,I 0264,I264 W EXIT4 OFF RAMP TO KY2056,,,,,38.222363732,-85.821472302,0.183,5/24/2022 12:00:00 AM,0849,2,2,0,0,CLOUDY,DRY,False,OTHER INTERSECTION COLLISIONS,REAR END,STRAIGHT & LEVEL,DAYLIGHT,,,6/23/2022 8:06:35 AM,False,2569,Accepted,
30100716,0568000,LOUISVILLE METRO POLICE DEPT,Accepted,JEFFERSON,KY1065,4801,OUTER,LOOP,,,,,,,,38.137925515,-85.671480234,6.891,5/24/2022 12:00:00 AM,2350,1,1,0,0,RAINING,WET,True,COLLISION IN PARKING LOT,SINGLE VEHICLE,STRAIGHT & LEVEL,DARK-HWY LIGHTED/ON,,,5/25/2022 8:15:46 AM,False,5341,Accepted,
30118899,0568000,LOUISVILLE METRO POLICE DEPT,Accepted,JEFFERSON,KY1865,3728,TAYLOR,BLVD,,,,,,,,38.190438464,-85.783376112,5.761,5/24/2022 12:00:00 AM,1030,3,3,0,0,CLEAR,DRY,False,REAR END IN TRAFFIC LANES BOTH VEHICLES MOVING,REAR END,STRAIGHT & LEVEL,DAYLIGHT,,,5/30/2022 8:47:01 AM,False,5287,Accepted,
30100704,0568000,LOUISVILLE METRO POLICE DEPT,Accepted,JEFFERSON,I 0264,,,,,,,,,,,38.228036898,-85.634576844,0.307,5/24/2022 12:00:00 AM,0756,3,3,0,0,CLEAR,DRY,False,OTHER RAMP RELATED COLLISIONS NOT LISTED ABOVE,REAR END,CURVE & HILLCREST,DAYLIGHT,I 0264,KY1932,5/25/2022 8:14:56 AM,False,2395,Accepted,
30100681,0568000,LOUISVILLE METRO POLICE DEPT,Accepted,JEFFERSON,KY0022,4951,BROWNSBORO,RD,,,,KY2050,HERR,,HOLIDAY MANOR,38.283094635,-85.629515811,0.339,5/24/2022 12:00:00 AM,1044,2,2,0,0,CLOUDY,DRY,False,COLLISION IN PARKING LOT,BACKING,STRAIGHT & LEVEL,DAYLIGHT,,,5/25/2022 8:13:29 AM,False,7876,Accepted,
30100695,0568000,LOUISVILLE METRO POLICE DEPT,Accepted,JEFFERSON,KY1065,,OUTER,LOOP,,,,,AIR COMMERCE,KY1065,KY1065 CROSSOVER,38.132846162,-85.725612200,3.852,5/24/2022 12:00:00 AM,1315,2,2,0,0,CLOUDY,DRY,False,1 VEHICLE PARKED POSITION (NOT PARKING LOT/DRIVEWAY),REAR END,STRAIGHT & LEVEL,DAYLIGHT,,,5/25/2022 8:14:23 AM,False,2324,Accepted,
30118901,0568000,LOUISVILLE METRO POLICE DEPT,Accepted,JEFFERSON,,,4TH,ST,S,,CENTRAL,,,,,38.205203162,-85.765721960,3.578,5/24/2022 12:00:00 AM,1134,3,3,0,2,CLEAR,DRY,False,OPPOSING LEFT TURN,OPPOSING LEFT TURN,STRAIGHT & LEVEL,DAYLIGHT,,,5/30/2022 8:47:10 AM,False,5287,Accepted,
30300450,0568000,LOUISVILLE METRO POLICE DEPT,Accepted,JEFFERSON,,,26TH,ST,S,,CHESTNUT,,,,,38.253000508,-85.794498347,0.536,5/24/2022 12:00:00 AM,0733,1,1,0,0,CLEAR,DRY,False,COLLISION WITH FIXED OBJECT IN INTERSECTION - FIRST EVENT COLLISION 09 - 32,SINGLE VEHICLE,STRAIGHT & LEVEL,DAYLIGHT,,,7/14/2022 8:23:03 AM,False,5124,Accepted,
30222279,0568000,LOUISVILLE METRO POLICE DEPT,Accepted,JEFFERSON,KY6319,,SIGNATURE,DR,,KY1747,FERN VALLEY,,,,,38.157303426,-85.714423768,0.075,5/24/2022 12:00:00 AM,0448,2,2,0,2,CLEAR,DRY,True,ANGLE COLLISION - ONE VEHICLE TURNING LEFT,ANGLE,STRAIGHT & LEVEL,DUSK,,,6/24/2022 8:13:19 AM,False,7433,Accepted,
30128478,0568000,LOUISVILLE METRO POLICE DEPT,Accepted,JEFFERSON,I 0264,,,,,,,,,,,38.270548877,-85.808589792,0.037,5/23/2022 12:00:00 AM,1700,1,1,0,0,RAINING,WET,False,RAN OFF ROADWAY (1 VEHICLE WITH/EARTH EMBANKMENT/DITCH),SINGLE VEHICLE,CURVE & LEVEL,DAYLIGHT,,,6/1/2022 8:11:11 AM,False,7329,Accepted,
30095827,0568000,LOUISVILLE METRO POLICE DEPT,Accepted,JEFFERSON,KY1934,,CANE RUN,RD,,,,,TERRY,,LINDENWOOD,38.178402833,-85.860996763,7.233,5/23/2022 12:00:00 AM,1047,2,2,0,0,CLOUDY,DRY,True,SIDESWIPE COLLISION - SAME DIRECTION,SIDESWIPE-SAME DIRECTION,,DAYLIGHT,,,5/24/2022 8:10:56 AM,False,2098,Accepted,
30100707,0568000,LOUISVILLE METRO POLICE DEPT,Accepted,JEFFERSON,US0031E,,BARDSTOWN,RD,,,GOLDSMITH,,,,,38.208440834,-85.668900009,11.769,5/23/2022 12:00:00 AM,2247,2,2,0,0,CLEAR,DRY,True,ANGLE COLLISION - ONE VEHICLE TURNING RIGHT,ANGLE,STRAIGHT & LEVEL,DARK-HWY NOT LIGHTED,,,5/25/2022 8:15:11 AM,False,5322,Accepted,
30095830,0568000,LOUISVILLE METRO POLICE DEPT,Accepted,JEFFERSON,KY2052,,SHEPHERDSVILLE,RD,,,MILE OF SUNSHINE,,,,,38.150721789,-85.659820010,0.833,5/23/2022 12:00:00 AM,1102,2,2,0,0,CLOUDY,DRY,False,OTHER INTERSECTION COLLISIONS,REAR END,STRAIGHT & LEVEL,DAYLIGHT,,,5/24/2022 8:11:11 AM,False,2017,Accepted,
30095847,0568000,LOUISVILLE METRO POLICE DEPT,Accepted,JEFFERSON,KY1931,,ST ANDREWS CHURCH,RD,,,PENNACOOK,,,,,38.154445237,-85.802829797,5.412,5/23/2022 12:00:00 AM,1355,2,2,0,1,CLOUDY,DRY,False,ANGLE COLLISION - OTHER,ANGLE,STRAIGHT & LEVEL,DAYLIGHT,,,5/24/2022 8:12:19 AM,False,7234,Accepted,
30095833,0568000,LOUISVILLE METRO POLICE DEPT,Accepted,JEFFERSON,KY0061,2125,PRESTON,ST,S,,,,,,,38.215833466,-85.744262131,10.230,5/23/2022 12:00:00 AM,0814,3,3,0,0,CLOUDY,DRY,False,1 VEHICLE PARKED POSITION (NOT PARKING LOT/DRIVEWAY),REAR END,STRAIGHT & LEVEL,DAYLIGHT,,,5/24/2022 8:11:24 AM,False,5175,Accepted,
30100690,0568000,LOUISVILLE METRO POLICE DEPT,Accepted,JEFFERSON,US0150,,BROADWAY,,W,,12TH ST CONN,,,,,38.247646977,-85.771692818,1.655,5/23/2022 12:00:00 AM,1741,2,2,0,0,CLEAR,DRY,False,ANGLE COLLISION - OTHER,ANGLE,STRAIGHT & LEVEL,DAYLIGHT,,,5/25/2022 8:14:03 AM,False,5407,Accepted,
30095845,0568000,LOUISVILLE METRO POLICE DEPT,Accepted,JEFFERSON,KY0061,9200,PRESTON,HWY,,,,,,,,38.117738439,-85.677283137,2.467,5/23/2022 12:00:00 AM,1756,2,2,0,0,CLOUDY,DRY,False,1 VEHICLE ENTERING/LEAVING ENTRANCE,ANGLE,STRAIGHT & LEVEL,DAYLIGHT,,,5/24/2022 8:12:12 AM,False,7799,Accepted,