IncidentID,AgencyORI,AgencyName,IncidentStatusDesc,County,RdwyNumber,Street,RoadwayName,StreetSfx,StreetDir,IntersectionRdwy,IntersectionRdwyName,BetweenStRdwy1,BetweenStRdwyName1,BetweenStRdwy2,BetweenStRdwyName2,Latitude,Longitude,Milepoint,CollisionDate,CollisionTime,UnitsInvolved,MotorVehiclesInvolved,NumberKilled,NumberInjured,Weather,RdwyConditionCode,HitandRun,DirAnalysisCode,MannerofCollision,RdwyCharacter,LightCondition,RampFromRdwyId,RampToRdwyId,AcceptedDate,IsSecondaryCollision,OwnerBadge,IncidentStatus,
30091023,0568000,LOUISVILLE METRO POLICE DEPT,Accepted,JEFFERSON,US0031W,,DIXIE,HWY,,KY1849,MOORMAN,,,,,38.085417519,-85.879894639,6.940,5/23/2022 12:00:00 AM,0008,2,2,0,0,CLEAR,DRY,False,OTHER INTERSECTION COLLISIONS,REAR END,STRAIGHT & LEVEL,DARK-HWY LIGHTED/ON,,,5/23/2022 8:51:05 AM,False,7295,Accepted,
30100708,0568000,LOUISVILLE METRO POLICE DEPT,Accepted,JEFFERSON,US0031W,1442,22ND,ST,S,,,,,,,38.231129828,-85.792135271,18.271,5/23/2022 12:00:00 AM,2150,2,1,0,1,CLEAR,DRY,True,OTHER ROADWAY OR MID-BLOCK COLLISION,SINGLE VEHICLE,STRAIGHT & LEVEL,DARK-HWY LIGHTED/ON,,,5/25/2022 8:15:14 AM,False,5412,Accepted,
30100717,0568000,LOUISVILLE METRO POLICE DEPT,Accepted,JEFFERSON,I 0264,,I264 W,,,,,,,,,38.237223596,-85.817097068,2.966,5/23/2022 12:00:00 AM,0813,2,2,0,1,CLEAR,DRY,False,REAR END IN TRAFFIC LANES BOTH VEHICLES MOVING,REAR END,STRAIGHT & LEVEL,DAYLIGHT,,,5/25/2022 8:15:49 AM,False,4903,Accepted,
30100688,0568000,LOUISVILLE METRO POLICE DEPT,Accepted,JEFFERSON,,,MUHAMMAD ALI,BLVD,W,,,,26TH,,24TH,38.255076590,-85.792195442,2.180,5/23/2022 12:00:00 AM,1711,3,3,0,0,CLOUDY,DRY,False,1 VEHICLE ENTERING/LEAVING ENTRANCE,ANGLE,STRAIGHT & LEVEL,DAYLIGHT,,,5/25/2022 8:13:55 AM,False,7805,Accepted,
30095837,0568000,LOUISVILLE METRO POLICE DEPT,Accepted,JEFFERSON,KY1747,3620,FERN VALLEY,RD,,,,,,,,38.157878117,-85.692960590,2.163,5/23/2022 12:00:00 AM,1517,2,2,0,2,CLOUDY,DRY,False,1 VEHICLE ENTERING/LEAVING ENTRANCE,ANGLE,CURVE & LEVEL,DAYLIGHT,,,5/24/2022 8:11:37 AM,False,7669,Accepted,
30091038,0568000,LOUISVILLE METRO POLICE DEPT,Accepted,JEFFERSON,,,16TH,ST,N,US0031W,MAIN,,,,,38.258808576,-85.776366575,0.236,5/23/2022 12:00:00 AM,0420,2,2,0,1,CLEAR,DRY,False,ANGLE COLLISION - OTHER,ANGLE,STRAIGHT & LEVEL,DARK-HWY LIGHTED/ON,,,5/23/2022 8:52:18 AM,False,5397,Accepted,
30095829,0568000,LOUISVILLE METRO POLICE DEPT,Accepted,JEFFERSON,KY1747,,FERN VALLEY,RD,,,JEFFERSON,,,,,38.156908663,-85.671282013,3.315,5/23/2022 12:00:00 AM,0829,3,3,0,0,CLOUDY,DRY,False,OTHER INTERSECTION COLLISIONS,REAR END,STRAIGHT & LEVEL,DAYLIGHT,,,5/24/2022 8:11:06 AM,False,2017,Accepted,
30095843,0568000,LOUISVILLE METRO POLICE DEPT,Accepted,JEFFERSON,KY1450,10231,BLUE LICK,RD,,,,,,,,38.096445129,-85.696594201,0.739,5/23/2022 12:00:00 AM,1534,1,1,0,0,CLEAR,DRY,False,OTHER COLLISIONS ON SHOULDER,SINGLE VEHICLE,STRAIGHT & LEVEL,DAYLIGHT,,,5/24/2022 8:12:04 AM,False,7272,Accepted,
30095851,0568000,LOUISVILLE METRO POLICE DEPT,Accepted,JEFFERSON,I 0264,,I264 W,,,,,,,,,38.191453016,-85.715943073,12.837,5/23/2022 12:00:00 AM,2225,2,2,0,1,CLEAR,DRY,False,SIDESWIPE COLLISION - SAME DIRECTION,SIDESWIPE-SAME DIRECTION,STRAIGHT & LEVEL,DARK-HWY LIGHTED/ON,,,5/24/2022 8:12:35 AM,False,5174,Accepted,
30091026,0568000,LOUISVILLE METRO POLICE DEPT,Accepted,JEFFERSON,KY1020,5537,NATIONAL,TPKE,,,,,,,,38.151617611,-85.763771576,5.559,5/23/2022 12:00:00 AM,0015,1,1,0,1,CLEAR,DRY,False,COLLISION IN PARKING LOT,SINGLE VEHICLE,STRAIGHT & LEVEL,DARK-HWY LIGHTED/ON,,,5/23/2022 8:51:17 AM,False,7362,Accepted,
30095834,0568000,LOUISVILLE METRO POLICE DEPT,Accepted,JEFFERSON,US0031E,,BARDSTOWN,RD,,,,,SETTLERS TRACE,,WIMSATT,38.161516339,-85.593737526,6.430,5/23/2022 12:00:00 AM,1417,2,2,0,0,CLOUDY,DRY,False,OTHER ROADWAY OR MID-BLOCK COLLISION,REAR END,STRAIGHT & HILLCREST,DAYLIGHT,,,5/24/2022 8:11:29 AM,False,2017,Accepted,
30095842,0568000,LOUISVILLE METRO POLICE DEPT,Accepted,JEFFERSON,,,BASHFORD MANOR,LN,,,ADELE,,,,,38.201432501,-85.667722717,0.209,5/23/2022 12:00:00 AM,1625,2,2,0,0,CLEAR,DRY,False,ANGLE COLLISION - OTHER,ANGLE,STRAIGHT & LEVEL,DAYLIGHT,,,5/24/2022 8:11:59 AM,False,5203,Accepted,
30095831,0568000,LOUISVILLE METRO POLICE DEPT,Accepted,JEFFERSON,,,FOREST,DR,,,,,ROBINHOOD,,PERMERLAND,38.161545051,-85.697153733,0.140,5/23/2022 12:00:00 AM,0923,2,2,0,0,CLOUDY,DRY,True,1 VEHICLE ENTERING/LEAVING ENTRANCE,ANGLE,STRAIGHT & LEVEL,DAYLIGHT,,,5/24/2022 8:11:15 AM,False,7451,Accepted,
30096538,0561500,UNIV. OF LOUISVILLE POLICE,Accepted,JEFFERSON,,,4TH,ST,S,,BRANDEIS,,,,,38.219548773,-85.763055994,2.582,5/23/2022 12:00:00 AM,1407,2,1,0,1,CLOUDY,DRY,True,COLLISION WITH PEDESTRIAN IN INTERSECTION,SINGLE VEHICLE,STRAIGHT & LEVEL,DAYLIGHT,,,5/24/2022 11:26:05 AM,False,5714,Accepted,
30100677,0568000,LOUISVILLE METRO POLICE DEPT,Accepted,JEFFERSON,I 0264,,I264 E,,,,,,,,,38.280062972,-85.636340650,22.114,5/23/2022 12:00:00 AM,1730,4,4,0,2,CLOUDY,DRY,False,OTHER ROADWAY OR MID-BLOCK COLLISION,REAR END,STRAIGHT & LEVEL,DAYLIGHT,,,5/25/2022 8:13:13 AM,False,6406,Accepted,
30095824,0568000,LOUISVILLE METRO POLICE DEPT,Accepted,JEFFERSON,US0031E,,BARDSTOWN,RD,,,GLADSTONE,,,,,38.218544528,-85.678364335,12.665,5/23/2022 12:00:00 AM,0732,2,2,0,0,CLOUDY,DRY,False,ANGLE COLLISION - OTHER,ANGLE,STRAIGHT & LEVEL,DAYLIGHT,,,5/24/2022 8:10:45 AM,False,7306,Accepted,
30095841,0568000,LOUISVILLE METRO POLICE DEPT,Accepted,JEFFERSON,,,CHAMBERLAIN,LN,,,OLD LA GRANGE,,,,,38.289872951,-85.513036773,0.053,5/23/2022 12:00:00 AM,1236,2,2,0,0,CLOUDY,DRY,False,OTHER INTERSECTION COLLISIONS,REAR END,STRAIGHT & LEVEL,DAYLIGHT,,,5/24/2022 8:11:56 AM,False,2217,Accepted,
30134542,KSP0400,KY STATE POLICE POST 04,Accepted,JEFFERSON,KY0061,,PRESTON,HWY,,,,,,,,38.140579499,-85.687919962,4.115,5/23/2022 12:00:00 AM,0103,2,2,0,0,CLEAR,DRY,False,1 VEHICLE PARKED POSITION (NOT PARKING LOT/DRIVEWAY),ANGLE,STRAIGHT & LEVEL,DARK-HWY NOT LIGHTED,,,6/2/2022 12:53:21 PM,False,409,Accepted,
30118870,0568000,LOUISVILLE METRO POLICE DEPT,Accepted,JEFFERSON,US0031E,,BARDSTOWN,RD,,KY2053,THIXTON,,,,,38.100717928,-85.565758537,1.919,5/23/2022 12:00:00 AM,2243,2,2,0,0,CLEAR,DRY,False,ANGLE COLLISION - OTHER,ANGLE,STRAIGHT & LEVEL,OTHER,,,5/30/2022 8:44:19 AM,False,7827,Accepted,
30091039,0568000,LOUISVILLE METRO POLICE DEPT,Accepted,JEFFERSON,,3419,SHANKS,LN,,,,,,,,38.196967825,-85.845544529,0.198,5/22/2022 12:00:00 AM,1949,2,2,0,0,CLEAR,DRY,False,VEHICLE BACKING NON INTERSECTION,BACKING,STRAIGHT & HILLCREST,DUSK,,,5/23/2022 8:52:22 AM,False,5325,Accepted,
30122669,0568000,LOUISVILLE METRO POLICE DEPT,Accepted,JEFFERSON,,,OAK,ST,W,,16TH,,,,,38.236916341,-85.780975412,1.405,5/22/2022 12:00:00 AM,2200,2,2,0,2,CLEAR,DRY,False,OTHER INTERSECTION COLLISIONS,REAR END,CURVE & LEVEL,DARK-HWY LIGHTED/ON,,,5/31/2022 8:32:57 AM,False,5362,Accepted,
30105237,0568000,LOUISVILLE METRO POLICE DEPT,Accepted,JEFFERSON,KY2845,,MANSLICK,RD,E,,,,ASTRID,,PENNSYLVANIA RUN,38.123083053,-85.633788534,2.631,5/22/2022 12:00:00 AM,1809,1,1,0,0,CLOUDY,DRY,False,COLLISION WITH FIXED OBJECT NON - INTERSECTION - FIRST EVENT COLLISION 09 - 32 EXCLUDING 16,SINGLE VEHICLE,CURVE & LEVEL,DAYLIGHT,,,5/26/2022 8:29:26 AM,False,2959,Accepted,
30090992,0568000,LOUISVILLE METRO POLICE DEPT,Accepted,JEFFERSON,,,26TH,ST,S,,GARLAND,,,,,38.244684631,-85.795513467,1.110,5/22/2022 12:00:00 AM,1257,2,1,0,0,CLOUDY,DRY,False,COLLISION WITH PEDESTRIAN IN INTERSECTION,SINGLE VEHICLE,STRAIGHT & LEVEL,DAYLIGHT,,,5/23/2022 8:49:43 AM,False,5164,Accepted,
30091042,0568000,LOUISVILLE METRO POLICE DEPT,Accepted,JEFFERSON,,1731,PAYNE,ST,,,,,,,,38.252377344,-85.716747550,0.901,5/22/2022 12:00:00 AM,0240,3,3,0,0,CLOUDY,DRY,False,1 VEHICLE PARKED POSITION (NOT PARKING LOT/DRIVEWAY),SIDESWIPE-SAME DIRECTION,STRAIGHT & LEVEL,DARK-HWY LIGHTED/ON,,,5/23/2022 8:52:26 AM,False,7304,Accepted,
30090989,0568000,LOUISVILLE METRO POLICE DEPT,Accepted,JEFFERSON,US0031W,,22ND,ST,S,,,,,,,38.254183664,-85.787339881,19.906,5/22/2022 12:00:00 AM,1056,2,2,0,0,CLOUDY,DRY,False,REAR END IN TRAFFIC LANES BOTH VEHICLES MOVING,REAR END,STRAIGHT & LEVEL,DAYLIGHT,,,5/23/2022 8:49:34 AM,False,7220,Accepted,
30100676,0568000,LOUISVILLE METRO POLICE DEPT,Accepted,JEFFERSON,KY0907,,SOUTHSIDE,DR,,,,,,,,38.148893598,-85.771526455,6.585,5/22/2022 12:00:00 AM,1844,2,2,0,1,CLEAR,DRY,False,HEAD-ON COLLISION,HEAD ON,STRAIGHT & LEVEL,DAYLIGHT,,,5/25/2022 8:13:09 AM,False,7252,Accepted,
30091048,0568000,LOUISVILLE METRO POLICE DEPT,Accepted,JEFFERSON,,,MITSCHER,AVE,,,SOUTHLAND,,,,,38.171743376,-85.770616977,0.002,5/22/2022 12:00:00 AM,0036,2,2,0,1,CLEAR,DRY,False,OPPOSING LEFT TURN,OPPOSING LEFT TURN,STRAIGHT & LEVEL,DARK-HWY LIGHTED/ON,,,5/23/2022 8:52:39 AM,False,5405,Accepted,
30096536,0561500,UNIV. OF LOUISVILLE POLICE,Accepted,JEFFERSON,,2030,4TH,ST,S,,,,,,,38.217734409,-85.763390916,2.708,5/22/2022 12:00:00 AM,2210,1,1,0,0,CLEAR,DRY,False,COLLISION WITH FIXED OBJECT NON - INTERSECTION - FIRST EVENT COLLISION 09 - 32 EXCLUDING 16,SINGLE VEHICLE,STRAIGHT & LEVEL,DARK-HWY LIGHTED/ON,,,5/24/2022 11:26:01 AM,False,5708,Accepted,
30090994,0568000,LOUISVILLE METRO POLICE DEPT,Accepted,JEFFERSON,,,1ST,ST,S,,JEFFERSON,,,,,38.253343219,-85.751991439,0.189,5/22/2022 12:00:00 AM,1339,2,2,0,0,CLOUDY,DRY,False,ANGLE COLLISION - OTHER,ANGLE,STRAIGHT & LEVEL,DAYLIGHT,,,5/23/2022 8:49:49 AM,False,7904,Accepted,
30105273,0568000,LOUISVILLE METRO POLICE DEPT,Accepted,JEFFERSON,US0031E,4700,BARDSTOWN,RD,,,,,,,,38.180687321,-85.625918137,8.601,5/22/2022 12:00:00 AM,1359,2,2,0,0,CLEAR,DRY,False,REAR END IN TRAFFIC LANES BOTH VEHICLES MOVING,REAR END,STRAIGHT & LEVEL,DAYLIGHT,,,5/26/2022 8:32:04 AM,False,7200,Accepted,
30090991,0568000,LOUISVILLE METRO POLICE DEPT,Accepted,JEFFERSON,,250,LIBERTY,ST,E,,,,,,,38.252318914,-85.749900636,0.125,5/22/2022 12:00:00 AM,1210,1,1,0,0,CLOUDY,DRY,False,COLLISION IN PARKING LOT,SINGLE VEHICLE,CURVE & LEVEL,DAYLIGHT,,,5/23/2022 8:49:40 AM,False,7957,Accepted,
30091027,0568000,LOUISVILLE METRO POLICE DEPT,Accepted,JEFFERSON,,,7TH,ST,S,,,,,,,38.223253342,-85.772576721,0.342,5/22/2022 12:00:00 AM,1940,1,1,0,0,CLOUDY,DRY,False,OTHER COLLISIONS ON SHOULDER,SINGLE VEHICLE,STRAIGHT & HILLCREST,DAYLIGHT,,,5/23/2022 8:51:25 AM,False,5302,Accepted,
30091034,0568000,LOUISVILLE METRO POLICE DEPT,Accepted,JEFFERSON,I 0264,,I264 E,,,,,,,,,38.234669709,-85.818919054,3.166,5/22/2022 12:00:00 AM,1920,2,2,0,1,CLEAR,DRY,True,REAR END IN TRAFFIC LANES BOTH VEHICLES MOVING,REAR END,STRAIGHT & LEVEL,DAYLIGHT,,,5/23/2022 8:52:01 AM,False,5181,Accepted,
30091001,0568000,LOUISVILLE METRO POLICE DEPT,Accepted,JEFFERSON,I 0264,,I264 W,,,,,,,,,38.214453229,-85.822655553,4.599,5/22/2022 12:00:00 AM,1159,2,2,0,0,CLOUDY,DRY,False,SIDESWIPE COLLISION - SAME DIRECTION,SIDESWIPE-SAME DIRECTION,STRAIGHT & LEVEL,DAYLIGHT,,,5/23/2022 8:50:16 AM,False,5232,Accepted,
30095897,KSP0400,KY STATE POLICE POST 04,Accepted,JEFFERSON,KY0061,,PRESTON,HWY,,,,,,,,38.140973941,-85.688131073,4.143,5/22/2022 12:00:00 AM,2340,2,2,0,0,CLEAR,DRY,False,VEHICLE BACKING NON INTERSECTION,BACKING,STRAIGHT & LEVEL,DARK-HWY LIGHTED/ON,,,5/24/2022 8:24:01 AM,False,114,Accepted,
30091010,0568000,LOUISVILLE METRO POLICE DEPT,Accepted,JEFFERSON,,,DUTSCHKE,RD,,,LEWIS,,,,,38.088353647,-85.875394467,0.019,5/22/2022 12:00:00 AM,1613,1,1,0,0,CLOUDY,DRY,True,COLLISION WITH FIXED OBJECT IN INTERSECTION - FIRST EVENT COLLISION 09 - 32,SINGLE VEHICLE,STRAIGHT & LEVEL,DAYLIGHT,,,5/23/2022 8:50:40 AM,False,2098,Accepted,
30090987,0568000,LOUISVILLE METRO POLICE DEPT,Accepted,JEFFERSON,KY0907,,VALLEY STATION,RD,,,,US0031W,DIXIE,,DEERING,38.106062068,-85.862285438,0.265,5/22/2022 12:00:00 AM,0909,2,2,0,0,CLOUDY,DRY,False,SIDESWIPE COLLISION - SAME DIRECTION,SIDESWIPE-SAME DIRECTION,STRAIGHT & LEVEL,DAYLIGHT,,,5/23/2022 8:49:30 AM,False,2098,Accepted,
30091028,0568000,LOUISVILLE METRO POLICE DEPT,Accepted,JEFFERSON,I 0264,,I264 W,,,,,,,,,38.204868383,-85.681938230,14.943,5/21/2022 12:00:00 AM,0528,2,2,0,0,CLEAR,DRY,False,SIDESWIPE COLLISION - SAME DIRECTION,SIDESWIPE-SAME DIRECTION,STRAIGHT & LEVEL,DAWN,,,5/23/2022 8:51:41 AM,False,5122,Accepted,
30090969,0568000,LOUISVILLE METRO POLICE DEPT,Accepted,JEFFERSON,,,ORMSBY,AVE,E,,SHELBY,,,,,38.230142680,-85.742018385,0.758,5/21/2022 12:00:00 AM,1615,2,2,0,0,RAINING,WET,False,OTHER INTERSECTION COLLISIONS,REAR END,STRAIGHT & LEVEL,DAYLIGHT,,,5/23/2022 8:48:18 AM,False,5186,Accepted,
30091031,0568000,LOUISVILLE METRO POLICE DEPT,Accepted,JEFFERSON,I 0264,,I264 E,,,,,,,,,38.266330835,-85.807093178,0.753,5/21/2022 12:00:00 AM,2351,2,2,0,1,RAINING,WET,False,SIDESWIPE COLLISION - SAME DIRECTION,SIDESWIPE-SAME DIRECTION,STRAIGHT & LEVEL,DARK-HWY LIGHTED/ON,,,5/23/2022 8:51:54 AM,False,5181,Accepted,
30090967,0568000,LOUISVILLE METRO POLICE DEPT,Accepted,JEFFERSON,,,PATTON,CT,,,,,13TH,,HARROD,38.224900711,-85.778405120,0.218,5/21/2022 12:00:00 AM,1110,2,2,0,0,CLEAR,DRY,False,1 VEHICLE PARKED POSITION (NOT PARKING LOT/DRIVEWAY),BACKING,STRAIGHT & LEVEL,DAYLIGHT,,,5/23/2022 8:48:09 AM,False,7538,Accepted,
30091025,0568000,LOUISVILLE METRO POLICE DEPT,Accepted,JEFFERSON,KY0841,,GENE SNYDER,FWY,,KY0841,KY841 RAMP TO  STONESTREET RD,,,,,38.100631590,-85.822743465,3.182,5/21/2022 12:00:00 AM,0534,2,2,0,0,RAINING,WET,False,SIDESWIPE-SAME DIRECTION,SIDESWIPE-SAME DIRECTION,STRAIGHT & LEVEL,DARK-HWY LIGHTED/ON,,,5/23/2022 8:51:11 AM,False,5263,Accepted,
30090990,0568000,LOUISVILLE METRO POLICE DEPT,Accepted,JEFFERSON,KY1819,12807,SEATONVILLE,RD,,,,,SPRINGHILL FARM,KY1819,BILLTOWN,38.132336816,-85.524617018,3.455,5/21/2022 12:00:00 AM,1820,2,2,0,0,RAINING,WET,False,1 VEHICLE ENTERING/LEAVING ENTRANCE,ANGLE,CURVE & LEVEL,DAYLIGHT,,,5/23/2022 8:49:37 AM,False,6878,Accepted,
30090966,0568000,LOUISVILLE METRO POLICE DEPT,Accepted,JEFFERSON,KY1727,,TERRY,RD,,,WESTSHIRE,,,,,38.134274424,-85.873686589,0.865,5/21/2022 12:00:00 AM,1425,2,2,0,0,CLEAR,DRY,False,OTHER INTERSECTION COLLISIONS,REAR END,STRAIGHT & LEVEL,DAYLIGHT,,,5/23/2022 8:48:04 AM,False,7174,Accepted,
30090963,0568000,LOUISVILLE METRO POLICE DEPT,Accepted,JEFFERSON,I 0265,,I265 E,,,,,,,,,38.153892427,-85.534331428,20.221,5/21/2022 12:00:00 AM,1400,1,1,0,0,RAINING,WET,False,OTHER COLLISIONS ON SHOULDER,SINGLE VEHICLE,STRAIGHT & LEVEL,DAYLIGHT,,,5/23/2022 8:47:50 AM,False,6878,Accepted,
30091008,0568000,LOUISVILLE METRO POLICE DEPT,Accepted,JEFFERSON,KY1931,,ST ANDREWS CHURCH,RD,,,ALAMETER,,,,,38.148698049,-85.826023831,3.998,5/21/2022 12:00:00 AM,1657,3,3,0,3,RAINING,WET,False,OPPOSING LEFT TURN,OPPOSING LEFT TURN,STRAIGHT & LEVEL,DAYLIGHT,,,5/23/2022 8:50:34 AM,False,5170,Accepted,
30090972,0568000,LOUISVILLE METRO POLICE DEPT,Accepted,JEFFERSON,KY1865,,NEW CUT,RD,,,ORCHARD HILL,,,,,38.159751705,-85.778675484,3.647,5/21/2022 12:00:00 AM,0935,2,2,0,0,CLEAR,DRY,False,SIDESWIPE-SAME DIRECTION,SIDESWIPE-SAME DIRECTION,STRAIGHT & LEVEL,DAYLIGHT,,,5/23/2022 8:48:29 AM,False,7427,Accepted,
30090980,0568000,LOUISVILLE METRO POLICE DEPT,Accepted,JEFFERSON,KY1020,,SOUTHSIDE,DR,,,ASHBURY,,,,,38.172050454,-85.764641433,7.028,5/21/2022 12:00:00 AM,2318,2,1,0,1,CLOUDY,WET,False,COLLISION WITH PEDESTRIAN IN INTERSECTION,SINGLE VEHICLE,STRAIGHT & LEVEL,DARK (UNKNOWN ROADWAY LIGHTING),,,5/23/2022 8:49:04 AM,False,5378,Accepted,
30090978,0568000,LOUISVILLE METRO POLICE DEPT,Accepted,JEFFERSON,,,GRAFTON HALL,RD,,KY0907,VALLEY STATION,,,,,38.105394177,-85.855928183,0.003,5/21/2022 12:00:00 AM,1010,2,2,0,0,CLEAR,DRY,False,OTHER INTERSECTION COLLISIONS,REAR END,STRAIGHT & LEVEL,DAYLIGHT,,,5/23/2022 8:48:57 AM,False,7485,Accepted,
30091006,0568000,LOUISVILLE METRO POLICE DEPT,Accepted,JEFFERSON,US0031W,,DIXIE,HWY,,,OAK PARK,,,,,38.135799842,-85.844360070,10.979,5/21/2022 12:00:00 AM,1500,1,1,0,0,CLEAR,DRY,False,COLLISION WITH ANIMAL IN INTERSECTION,SINGLE VEHICLE,STRAIGHT & LEVEL,DAYLIGHT,,,5/23/2022 8:50:30 AM,False,5170,Accepted,
30090973,0568000,LOUISVILLE METRO POLICE DEPT,Accepted,JEFFERSON,,,7TH,ST,S,,DAVIES,,,,,38.224338539,-85.770979062,0.456,5/21/2022 12:00:00 AM,1511,2,2,0,0,CLEAR,DRY,True,REAR END - ONE VEHICLE TURNING LEFT,REAR END,STRAIGHT & LEVEL,DAYLIGHT,,,5/23/2022 8:48:34 AM,False,7468,Accepted,
30090982,0568000,LOUISVILLE METRO POLICE DEPT,Accepted,JEFFERSON,,,LEDGEROCK,RD,,,WHISPERING HILLS,,,,,38.147140473,-85.645553252,0.131,5/21/2022 12:00:00 AM,2223,2,2,0,1,CLEAR,DRY,False,ANGLE COLLISION - OTHER,ANGLE,STRAIGHT & LEVEL,DARK-HWY LIGHTED/ON,,,5/23/2022 8:49:12 AM,False,7449,Accepted,
30090979,0568000,LOUISVILLE METRO POLICE DEPT,Accepted,JEFFERSON,,146,ROSEWOOD,CT,,,,,,,,38.128499413,-85.707726224,0.098,5/21/2022 12:00:00 AM,2232,5,5,0,1,CLEAR,DRY,True,1 VEHICLE PARKED POSITION (NOT PARKING LOT/DRIVEWAY),HEAD ON,STRAIGHT & LEVEL,DARK-HWY LIGHTED/ON,,,5/23/2022 8:49:00 AM,False,5314,Accepted,
30090962,0568000,LOUISVILLE METRO POLICE DEPT,Accepted,JEFFERSON,,3100B,GREENWOOD,AVE,,,,,,,,38.242831926,-85.805398948,1.098,5/21/2022 12:00:00 AM,0823,2,2,0,0,CLEAR,DRY,False,1 VEHICLE PARKED POSITION (NOT PARKING LOT/DRIVEWAY),REAR END,STRAIGHT & LEVEL,DAYLIGHT,,,5/23/2022 8:47:45 AM,False,5164,Accepted,
30090964,0568000,LOUISVILLE METRO POLICE DEPT,Accepted,JEFFERSON,,,INDIAN,TRL,E,KY0061,PRESTON,,,,,38.168713768,-85.706542227,0.003,5/21/2022 12:00:00 AM,1228,2,2,0,1,CLEAR,DRY,False,OPPOSING LEFT TURN,OPPOSING LEFT TURN,STRAIGHT & LEVEL,DAYLIGHT,,,5/23/2022 8:47:55 AM,False,5001,Accepted,
30090975,0568000,LOUISVILLE METRO POLICE DEPT,Accepted,JEFFERSON,,,BRIARCLIFF,RD,,,OLD OUTER,,,,,38.135636662,-85.697114482,0.035,5/21/2022 12:00:00 AM,1842,2,2,0,1,CLOUDY,DRY,False,ANGLE COLLISION - OTHER,ANGLE,STRAIGHT & LEVEL,DAYLIGHT,,,5/23/2022 8:48:45 AM,False,5141,Accepted,
30148833,0568000,LOUISVILLE METRO POLICE DEPT,Accepted,JEFFERSON,,7401,BEACHVIEW,DR,,,,,,,,38.141329800,-85.678957986,0.028,5/21/2022 12:00:00 AM,0619,2,2,0,0,RAINING,WET,False,COLLISION IN PARKING LOT,BACKING,STRAIGHT & LEVEL,DARK-HWY LIGHTED/ON,,,6/6/2022 8:51:08 AM,False,7948,Accepted,
30105248,0568000,LOUISVILLE METRO POLICE DEPT,Accepted,JEFFERSON,,,OAK,ST,W,,7TH,,,,,38.235473634,-85.765118823,0.532,5/21/2022 12:00:00 AM,1430,2,2,0,0,CLEAR,DRY,False,ANGLE COLLISION - OTHER,ANGLE,STRAIGHT & LEVEL,DAYLIGHT,,,5/26/2022 8:29:43 AM,False,7619,Accepted,
30090950,0568000,LOUISVILLE METRO POLICE DEPT,Accepted,JEFFERSON,,2344,PAYNE,ST,,,,,,,,38.252411443,-85.700683600,1.778,5/21/2022 12:00:00 AM,0039,1,1,0,0,CLEAR,DRY,True,COLLISION WITH FIXED OBJECT NON - INTERSECTION - FIRST EVENT COLLISION 09 - 32 EXCLUDING 16,SINGLE VEHICLE,STRAIGHT & GRADE,DARK-HWY LIGHTED/ON,,,5/23/2022 8:46:36 AM,False,5029,Accepted,
30090974,0568000,LOUISVILLE METRO POLICE DEPT,Accepted,JEFFERSON,US0031E,,BARDSTOWN,RD,,,GOLDSMITH,,,,,38.210026481,-85.669868258,11.893,5/21/2022 12:00:00 AM,1804,2,2,0,0,CLOUDY,DRY,True,OTHER INTERSECTION COLLISIONS,REAR END,STRAIGHT & LEVEL,DAYLIGHT,,,5/23/2022 8:48:40 AM,False,5286,Accepted,
30090957,0568000,LOUISVILLE METRO POLICE DEPT,Accepted,JEFFERSON,KY2860,,GRINSTEAD,DR,,,,,HILLIARD,,EVERETT,38.240313144,-85.717356185,0.263,5/21/2022 12:00:00 AM,0701,4,4,0,2,CLEAR,DRY,False,SIDESWIPE COLLISION - SAME DIRECTION,SIDESWIPE-SAME DIRECTION,STRAIGHT & LEVEL,DAYLIGHT,,,5/23/2022 8:47:15 AM,False,7900,Accepted,
30090965,0568000,LOUISVILLE METRO POLICE DEPT,Accepted,JEFFERSON,KY0841,,GENE SNYDER,FWY,,,,,,,,38.118947875,-85.783236805,5.696,5/21/2022 12:00:00 AM,1426,1,1,0,1,CLEAR,DRY,False,OTHER COLLISIONS ON SHOULDER,SINGLE VEHICLE,STRAIGHT & LEVEL,DAYLIGHT,,,5/23/2022 8:48:01 AM,False,7263,Accepted,
30090971,0568000,LOUISVILLE METRO POLICE DEPT,Accepted,JEFFERSON,KY0146,,LA GRANGE,RD,,I 0265,I265 S EXIT30 ON RAMP FROM KY146,,,,,38.284505698,-85.514588682,7.211,5/21/2022 12:00:00 AM,0822,2,2,0,1,CLOUDY,DRY,False,ANGLE COLLISION - OTHER,ANGLE,STRAIGHT & LEVEL,DAYLIGHT,,,5/23/2022 8:48:25 AM,False,6456,Accepted,
30090953,0568000,LOUISVILLE METRO POLICE DEPT,Accepted,JEFFERSON,,,15TH,ST,S,,BRECKINRIDGE,,,,,38.243725693,-85.777221789,1.273,5/21/2022 12:00:00 AM,0137,1,1,0,1,CLEAR,DRY,False,COLLISION WITH FIXED OBJECT IN INTERSECTION - FIRST EVENT COLLISION 09 - 32,SINGLE VEHICLE,STRAIGHT & GRADE,DARK-HWY LIGHTED/ON,,,5/23/2022 8:46:55 AM,False,5353,Accepted,