IncidentID,AgencyORI,AgencyName,IncidentStatusDesc,County,RdwyNumber,Street,RoadwayName,StreetSfx,StreetDir,IntersectionRdwy,IntersectionRdwyName,BetweenStRdwy1,BetweenStRdwyName1,BetweenStRdwy2,BetweenStRdwyName2,Latitude,Longitude,Milepoint,CollisionDate,CollisionTime,UnitsInvolved,MotorVehiclesInvolved,NumberKilled,NumberInjured,Weather,RdwyConditionCode,HitandRun,DirAnalysisCode,MannerofCollision,RdwyCharacter,LightCondition,RampFromRdwyId,RampToRdwyId,AcceptedDate,IsSecondaryCollision,OwnerBadge,IncidentStatus,
30090968,0568000,LOUISVILLE METRO POLICE DEPT,Accepted,JEFFERSON,KY1065,,OUTER,LOOP,,I 0065,I65 N EXIT127 ON RAMP FROM KY1065,,,,,38.136621442,-85.702293559,5.187,5/21/2022 12:00:00 AM,1445,2,2,0,1,CLEAR,DRY,False,ANGLE COLLISION - OTHER,ANGLE,STRAIGHT & LEVEL,DAYLIGHT,,,5/23/2022 8:48:12 AM,False,2547,Accepted,
30095844,0568000,LOUISVILLE METRO POLICE DEPT,Accepted,JEFFERSON,,8400,SHEPHERDSVILLE,RD,,,,,,,,38.128715570,-85.662744060,0.866,5/21/2022 12:00:00 AM,1530,1,1,0,0,CLEAR,DRY,True,COLLISION WITH FIXED OBJECT NON - INTERSECTION - FIRST EVENT COLLISION 09 - 32 EXCLUDING 16,SINGLE VEHICLE,STRAIGHT & LEVEL,UNKNOWN,,,5/24/2022 8:12:08 AM,False,5342,Accepted,
30090985,0568000,LOUISVILLE METRO POLICE DEPT,Accepted,JEFFERSON,US0031E,,BARDSTOWN,RD,,,FAIRGROUND,,,,,38.162830557,-85.596002939,6.584,5/21/2022 12:00:00 AM,1122,2,2,0,1,CLEAR,DRY,False,OPPOSING LEFT TURN,OPPOSING LEFT TURN,STRAIGHT & LEVEL,DAYLIGHT,,,5/23/2022 8:49:27 AM,False,7755,Accepted,
30090933,0568000,LOUISVILLE METRO POLICE DEPT,Accepted,JEFFERSON,KY1020,,NATIONAL,TPKE,,,GLENGARRY,,,,,38.123625159,-85.748480832,3.448,5/20/2022 12:00:00 AM,1622,1,1,0,1,CLEAR,DRY,False,COLLISION WITH FIXED OBJECT IN INTERSECTION - FIRST EVENT COLLISION 09 - 32,SINGLE VEHICLE,STRAIGHT & LEVEL,DAYLIGHT,,,5/23/2022 8:45:25 AM,False,7263,Accepted,
30090927,0568000,LOUISVILLE METRO POLICE DEPT,Accepted,JEFFERSON,,,FAIRDALE,RD,,,TIN DOR,,,,,38.106438998,-85.756621648,0.153,5/20/2022 12:00:00 AM,1818,2,2,0,0,CLEAR,DRY,False,OPPOSITE DIRECTION - BOTH VEHICLES GOING STRAIGHT AHEAD,SIDESWIPE-OPPOSITE DIRECTION,STRAIGHT & LEVEL,DAYLIGHT,,,5/23/2022 8:44:55 AM,False,7252,Accepted,
30118853,0568000,LOUISVILLE METRO POLICE DEPT,Accepted,JEFFERSON,,942,6TH,ST,S,,,,,,,38.241553509,-85.762591064,1.074,5/20/2022 12:00:00 AM,0900,1,1,0,0,CLEAR,DRY,True,COLLISION WITH FIXED OBJECT NON - INTERSECTION - FIRST EVENT COLLISION 09 - 32 EXCLUDING 16,SINGLE VEHICLE,STRAIGHT & LEVEL,DAYLIGHT,,,5/30/2022 8:42:42 AM,False,5258,Accepted,
30090910,0568000,LOUISVILLE METRO POLICE DEPT,Accepted,JEFFERSON,,5020,NORTON HEALTHCARE,BLVD,,,,,,,,38.314843890,-85.575075283,0.419,5/20/2022 12:00:00 AM,1432,2,1,0,0,CLOUDY,DRY,True,COLLISION WITH PEDESTRIAN NON - INTERSECTION,SINGLE VEHICLE,STRAIGHT & LEVEL,DAYLIGHT,,,5/23/2022 8:43:43 AM,False,7876,Accepted,
30090977,0568000,LOUISVILLE METRO POLICE DEPT,Accepted,JEFFERSON,KY1934,3942,CANE RUN,RD,,,,,LINDA,,DARLENE,38.211140276,-85.822430997,10.343,5/20/2022 12:00:00 AM,0320,2,2,0,0,CLEAR,DRY,False,COLLISION IN PARKING LOT,ANGLE,STRAIGHT & LEVEL,DARK-HWY LIGHTED/ON,,,5/23/2022 8:48:52 AM,False,2877,Accepted,
30091036,0568000,LOUISVILLE METRO POLICE DEPT,Accepted,JEFFERSON,KY1020,8405,NATIONAL,TPKE,,,,,,,,38.126945442,-85.748979805,3.662,5/20/2022 12:00:00 AM,1956,2,2,0,3,CLEAR,DRY,False,1 VEHICLE ENTERING/LEAVING ENTRANCE,ANGLE,STRAIGHT & LEVEL,DAYLIGHT,,,5/23/2022 8:52:15 AM,False,5266,Accepted,
30095838,0568000,LOUISVILLE METRO POLICE DEPT,Accepted,JEFFERSON,KY1020,400,2ND,ST,S,,,,,,,38.252462849,-85.754037820,12.584,5/20/2022 12:00:00 AM,2200,2,2,0,0,CLEAR,DRY,True,1 VEHICLE PARKED POSITION (NOT PARKING LOT/DRIVEWAY),BACKING,STRAIGHT & LEVEL,DARK-HWY LIGHTED/ON,,,5/24/2022 8:11:41 AM,False,5403,Accepted,
30091016,0568000,LOUISVILLE METRO POLICE DEPT,Accepted,JEFFERSON,,,HILL,ST,W,,TIN PAN,,,,,38.225643017,-85.758579963,0.090,5/20/2022 12:00:00 AM,2048,2,2,0,1,CLEAR,DRY,False,ANGLE COLLISION - OTHER,ANGLE,STRAIGHT & LEVEL,DUSK,,,5/23/2022 8:50:53 AM,False,5304,Accepted,
30090947,0568000,LOUISVILLE METRO POLICE DEPT,Accepted,JEFFERSON,,,RIVER PARK,DR,,,35TH,,,,,38.254648165,-85.809211460,0.973,5/20/2022 12:00:00 AM,2147,2,2,0,1,CLEAR,DRY,True,ANGLE COLLISION - OTHER,ANGLE,STRAIGHT & LEVEL,DUSK,,,5/23/2022 8:46:25 AM,False,7343,Accepted,
30082097,0568000,LOUISVILLE METRO POLICE DEPT,Accepted,JEFFERSON,I 0265,,I265 E,,,,,,,,,38.202078140,-85.507387975,24.050,5/20/2022 12:00:00 AM,0229,1,1,0,0,CLOUDY,DRY,False,COLLISION WITH FIXED OBJECT NON - INTERSECTION - FIRST EVENT COLLISION 09 - 32 EXCLUDING 16,SINGLE VEHICLE,STRAIGHT & LEVEL,DARK-HWY NOT LIGHTED,,,5/20/2022 9:21:22 AM,False,5289,Accepted,
30090905,0568000,LOUISVILLE METRO POLICE DEPT,Accepted,JEFFERSON,I 0065,,I65 N EXIT130 TRANSIT,,,,,,,,,38.183269872,-85.722323732,0.502,5/20/2022 12:00:00 AM,0842,2,2,0,0,CLEAR,DRY,False,SIDESWIPE COLLISION - SAME DIRECTION,SIDESWIPE-SAME DIRECTION,STRAIGHT & LEVEL,DAYLIGHT,,,5/23/2022 8:43:25 AM,False,4693,Accepted,
30081885,0568000,LOUISVILLE METRO POLICE DEPT,Accepted,JEFFERSON,I 0265,,I265 E,,,,,,,,,38.201447937,-85.507539766,24.006,5/20/2022 12:00:00 AM,0229,1,1,0,0,CLEAR,DRY,False,COLLISION WITH FIXED OBJECT NON - INTERSECTION - FIRST EVENT COLLISION 09 - 32 EXCLUDING 16,SINGLE VEHICLE,STRAIGHT & LEVEL,DARK-HWY NOT LIGHTED,,,5/20/2022 9:22:00 AM,False,5128,Accepted,
30090924,0568000,LOUISVILLE METRO POLICE DEPT,Accepted,JEFFERSON,KY1865,,TAYLOR,BLVD,,,ASHLAND,,,,,38.186643973,-85.783801983,5.530,5/20/2022 12:00:00 AM,0841,2,2,0,0,CLEAR,DRY,False,SIDESWIPE-SAME DIRECTION,SIDESWIPE-SAME DIRECTION,STRAIGHT & LEVEL,DAYLIGHT,,,5/23/2022 8:44:43 AM,False,5409,Accepted,
30090930,0568000,LOUISVILLE METRO POLICE DEPT,Accepted,JEFFERSON,,,7TH,ST,S,,HILL,,,,,38.226751647,-85.768950921,0.655,5/20/2022 12:00:00 AM,1158,2,2,0,0,CLEAR,DRY,False,ANGLE COLLISION - ONE VEHICLE TURNING RIGHT,ANGLE,STRAIGHT & LEVEL,DAYLIGHT,,,5/23/2022 8:45:07 AM,False,5338,Accepted,
30162580,0568000,LOUISVILLE METRO POLICE DEPT,Accepted,JEFFERSON,US0031,,CLARK MEMORIAL,BRG,,,,,,,,38.263189517,-85.751822135,0.486,5/20/2022 12:00:00 AM,1800,4,4,0,0,CLEAR,DRY,False,OTHER ROADWAY OR MID-BLOCK COLLISION,REAR END,STRAIGHT & LEVEL,DAYLIGHT,,,6/9/2022 8:14:25 AM,False,2764,Accepted,
30090955,0568000,LOUISVILLE METRO POLICE DEPT,Accepted,JEFFERSON,KY0061,,PRESTON,HWY,,,PRESTON,,,,,38.178774443,-85.717084922,7.244,5/20/2022 12:00:00 AM,2245,2,2,0,4,CLEAR,DRY,False,HEAD-ON COLLISION,HEAD ON,STRAIGHT & LEVEL,DARK-HWY LIGHTED/ON,,,5/23/2022 8:47:01 AM,False,5144,Accepted,
30090981,0568000,LOUISVILLE METRO POLICE DEPT,Accepted,JEFFERSON,,,MARKET,ST,W,,,,,,,38.261446032,-85.810864829,1.331,5/20/2022 12:00:00 AM,1630,2,2,0,0,CLEAR,DRY,False,1 VEHICLE ENTERING/LEAVING ENTRANCE,ANGLE,STRAIGHT & LEVEL,DAYLIGHT,,,5/23/2022 8:49:07 AM,False,7469,Accepted,
30090937,0568000,LOUISVILLE METRO POLICE DEPT,Accepted,JEFFERSON,I 0264,,,,,,,,,,,38.211755904,-85.671282878,0.304,5/20/2022 12:00:00 AM,2105,1,1,0,1,CLEAR,DRY,False,COLLISION WITH FIXED OBJECT NOT IN GORE ,SINGLE VEHICLE,CURVE & LEVEL,DARK-HWY LIGHTED/ON,I 0264,US31E N,5/23/2022 8:45:58 AM,False,2816,Accepted,
30090946,0568000,LOUISVILLE METRO POLICE DEPT,Accepted,JEFFERSON,,,15TH,ST,S,,OAK,,,,,38.236686734,-85.778385821,0.783,5/20/2022 12:00:00 AM,1547,3,3,0,2,CLEAR,DRY,False,ANGLE COLLISION - OTHER,ANGLE,STRAIGHT & HILLCREST,DAYLIGHT,,,5/23/2022 8:46:20 AM,False,5039,Accepted,
30090958,0568000,LOUISVILLE METRO POLICE DEPT,Accepted,JEFFERSON,,,KENWOOD,WAY,W,,SOUTHSIDE,,,,,38.178831572,-85.766761152,0.003,5/20/2022 12:00:00 AM,1030,2,2,0,0,CLEAR,DRY,False,OTHER INTERSECTION COLLISIONS,REAR TO REAR,STRAIGHT & LEVEL,DAYLIGHT,,,5/23/2022 8:47:21 AM,False,7468,Accepted,
30090918,0568000,LOUISVILLE METRO POLICE DEPT,Accepted,JEFFERSON,,,PLEASANT GLEN,DR,,KY0155,TAYLORSVILLE,,,,,38.187464095,-85.519227138,0.001,5/20/2022 12:00:00 AM,1546,2,2,0,0,CLEAR,DRY,False,ANGLE COLLISION - ONE VEHICLE TURNING LEFT,ANGLE,STRAIGHT & LEVEL,DAYLIGHT,,,5/23/2022 8:44:21 AM,False,5141,Accepted,
30090970,0568000,LOUISVILLE METRO POLICE DEPT,Accepted,JEFFERSON,US0031W,,DIXIE,HWY,,,PENDLETON,,,,,38.062278927,-85.886517739,5.291,5/20/2022 12:00:00 AM,2307,2,2,0,1,CLEAR,DRY,False,OPPOSING LEFT TURN,OPPOSING LEFT TURN,STRAIGHT & LEVEL,DARK-HWY LIGHTED/OFF,,,5/23/2022 8:48:21 AM,False,7264,Accepted,
30090976,0568000,LOUISVILLE METRO POLICE DEPT,Accepted,JEFFERSON,,,MAGAZINE,ST,,,18TH,,,,,38.250284367,-85.782034305,0.816,5/20/2022 12:00:00 AM,1911,2,2,0,0,CLEAR,DRY,True,COLLISION WITH PARKED VEHICLE,HEAD ON,STRAIGHT & LEVEL,DAYLIGHT,,,5/23/2022 8:48:49 AM,True,5421,Accepted,
30090935,0568000,LOUISVILLE METRO POLICE DEPT,Accepted,JEFFERSON,I 0065,,,,,I 0065,I65 S,,,,,38.121741865,-85.702039370,0.003,5/20/2022 12:00:00 AM,1458,2,2,0,3,CLEAR,DRY,False,OTHER INTERSECTION COLLISIONS,REAR END,STRAIGHT & GRADE,DAYLIGHT,,,5/23/2022 8:45:34 AM,False,2745,Accepted,
30090909,0568000,LOUISVILLE METRO POLICE DEPT,Accepted,JEFFERSON,,,CHENOWETH RUN,RD,,,,,,,,38.161068302,-85.544636961,2.864,5/20/2022 12:00:00 AM,0838,1,1,0,0,CLEAR,DRY,False,COLLISION WITH FIXED OBJECT NON - INTERSECTION - FIRST EVENT COLLISION 09 - 32 EXCLUDING 16,SINGLE VEHICLE,STRAIGHT & LEVEL,DAYLIGHT,,,5/23/2022 8:43:39 AM,False,7755,Accepted,
30090952,0568000,LOUISVILLE METRO POLICE DEPT,Accepted,JEFFERSON,KY0061,,PRESTON,HWY,,,OLD FERN VALLEY,,,,,38.155026786,-85.695944374,5.201,5/20/2022 12:00:00 AM,1933,2,2,0,0,CLEAR,DRY,False,ANGLE COLLISION - ONE VEHICLE TURNING LEFT,ANGLE,STRAIGHT & LEVEL,DAYLIGHT,,,5/23/2022 8:46:46 AM,False,5314,Accepted,
30081883,0568000,LOUISVILLE METRO POLICE DEPT,Accepted,JEFFERSON,I 0265,,I265 E,,,,,,,,,38.200987566,-85.507501054,23.975,5/20/2022 12:00:00 AM,0229,1,1,0,0,CLEAR,DRY,False,COLLISION WITH FIXED OBJECT NON - INTERSECTION - FIRST EVENT COLLISION 09 - 32 EXCLUDING 16,SINGLE VEHICLE,STRAIGHT & LEVEL,DARK-HWY NOT LIGHTED,,,5/20/2022 9:21:56 AM,False,5128,Accepted,
30090899,0568000,LOUISVILLE METRO POLICE DEPT,Accepted,JEFFERSON,KY0061,,PRESTON,HWY,,,,,SPRINGVIEW,,PARK,38.118880668,-85.677503304,2.510,5/20/2022 12:00:00 AM,1310,2,2,0,0,CLEAR,DRY,False,OTHER ROADWAY OR MID-BLOCK COLLISION,REAR END,STRAIGHT & LEVEL,DAYLIGHT,,,5/23/2022 8:43:01 AM,False,2017,Accepted,
30090915,0568000,LOUISVILLE METRO POLICE DEPT,Accepted,JEFFERSON,,,7TH,ST,S,,OAK,,,,,38.235463935,-85.765093032,1.256,5/20/2022 12:00:00 AM,1145,2,2,0,0,CLOUDY,DRY,False,SIDESWIPE-SAME DIRECTION,SIDESWIPE-SAME DIRECTION,STRAIGHT & LEVEL,DAYLIGHT,,,5/23/2022 8:44:05 AM,False,2927,Accepted,
30090932,0568000,LOUISVILLE METRO POLICE DEPT,Accepted,JEFFERSON,KY1020,8601,NATIONAL,TPKE,,,,,,,,38.126056784,-85.748677942,3.603,5/20/2022 12:00:00 AM,1309,2,2,0,0,CLEAR,DRY,False,1 VEHICLE ENTERING/LEAVING ENTRANCE,ANGLE,STRAIGHT & LEVEL,DAYLIGHT,,,5/23/2022 8:45:19 AM,False,7263,Accepted,
30090929,0568000,LOUISVILLE METRO POLICE DEPT,Accepted,JEFFERSON,,,12TH,ST,S,US0150,BROADWAY,,,,,38.247476118,-85.771552546,0.387,5/20/2022 12:00:00 AM,0800,2,2,0,1,CLEAR,DRY,False,ANGLE COLLISION - OTHER,ANGLE,STRAIGHT & LEVEL,DAYLIGHT,,,5/23/2022 8:45:03 AM,False,5338,Accepted,
30090956,0568000,LOUISVILLE METRO POLICE DEPT,Accepted,JEFFERSON,US0031E,,BARDSTOWN,RD,,,BRIGHTON,,,,,38.214064182,-85.673512852,12.253,5/20/2022 12:00:00 AM,1812,2,2,0,0,CLEAR,DRY,False,ANGLE COLLISION - ONE VEHICLE TURNING LEFT,ANGLE,STRAIGHT & LEVEL,DAYLIGHT,,,5/23/2022 8:47:09 AM,False,6813,Accepted,
30090912,0568000,LOUISVILLE METRO POLICE DEPT,Accepted,JEFFERSON,KY0155,,TAYLORSVILLE,RD,,,TAXUS,,,,,38.185908937,-85.537192567,7.619,5/20/2022 12:00:00 AM,1436,3,3,0,0,CLEAR,DRY,True,ANGLE COLLISION - OTHER,ANGLE,STRAIGHT & LEVEL,DAYLIGHT,,,5/23/2022 8:43:51 AM,False,2017,Accepted,
30095840,0568000,LOUISVILLE METRO POLICE DEPT,Accepted,JEFFERSON,I 0264,,I264 WB,,,,,,,,,38.263169533,-85.805061685,0.999,5/20/2022 12:00:00 AM,1755,2,1,0,1,CLEAR,DRY,False,COLLISION WITH PEDESTRIAN NON - INTERSECTION,SINGLE VEHICLE,STRAIGHT & LEVEL,DAYLIGHT,,,5/24/2022 8:11:52 AM,False,2217,Accepted,
30091020,0568000,LOUISVILLE METRO POLICE DEPT,Accepted,JEFFERSON,,,45TH,ST,S,,BROADWAY,,,,,38.250476931,-85.826959238,0.004,5/20/2022 12:00:00 AM,1447,2,2,0,1,CLEAR,DRY,True,OTHER INTERSECTION COLLISIONS,REAR END,STRAIGHT & LEVEL,DAYLIGHT,,,5/23/2022 8:50:59 AM,False,7329,Accepted,
30091029,0568000,LOUISVILLE METRO POLICE DEPT,Accepted,JEFFERSON,KY3064,,PORTLAND,AVE,,,24TH,,,,,38.270040298,-85.786964216,0.266,5/20/2022 12:00:00 AM,2051,2,2,0,2,CLEAR,DRY,False,OPPOSING LEFT TURN,OPPOSING LEFT TURN,STRAIGHT & LEVEL,DUSK,,,5/23/2022 8:51:49 AM,False,5421,Accepted,
30100699,0568000,LOUISVILLE METRO POLICE DEPT,Accepted,JEFFERSON,US0031E,,MAIN,ST,E,US0031E,BAXTER,,,,,38.253950476,-85.732537677,16.734,5/20/2022 12:00:00 AM,1529,1,1,0,0,CLEAR,DRY,False,COLLISION WITH FIXED OBJECT IN INTERSECTION - FIRST EVENT COLLISION 09 - 32,SINGLE VEHICLE,STRAIGHT & LEVEL,DAYLIGHT,,,5/25/2022 8:14:39 AM,False,5173,Accepted,
30095828,0568000,LOUISVILLE METRO POLICE DEPT,Accepted,JEFFERSON,KY1932,,BRECKENRIDGE,LN,,,,,,,,38.181369169,-85.626749349,0.013,5/20/2022 12:00:00 AM,1653,2,2,0,1,CLEAR,DRY,False,1 VEHICLE ENTERING/LEAVING ENTRANCE,ANGLE,STRAIGHT & LEVEL,DAYLIGHT,,,5/24/2022 8:11:00 AM,False,7200,Accepted,
30090984,0568000,LOUISVILLE METRO POLICE DEPT,Accepted,JEFFERSON,US0031E,,BARDSTOWN,RD,,,WIMSATT,,,,,38.160801371,-85.592820581,6.332,5/20/2022 12:00:00 AM,1503,3,3,0,1,CLEAR,DRY,False,OTHER INTERSECTION COLLISIONS,REAR END,STRAIGHT & LEVEL,DAYLIGHT,,,5/23/2022 8:49:22 AM,False,7755,Accepted,
30090906,0568000,LOUISVILLE METRO POLICE DEPT,Accepted,JEFFERSON,,,EDSEL,LN,,,MERCURY,,,,,38.157796863,-85.612879417,0.113,5/20/2022 12:00:00 AM,1144,2,2,0,2,CLEAR,DRY,False,ANGLE COLLISION - OTHER,ANGLE,STRAIGHT & LEVEL,DAYLIGHT,,,5/23/2022 8:43:28 AM,False,4693,Accepted,
30090922,0568000,LOUISVILLE METRO POLICE DEPT,Accepted,JEFFERSON,,,38TH,ST,S,,YOUNG,,,,,38.231024371,-85.818320147,1.654,5/20/2022 12:00:00 AM,1511,2,2,0,0,CLEAR,DRY,False,COLLISION WITH PARKED VEHICLE,SIDESWIPE-SAME DIRECTION,STRAIGHT & LEVEL,DAYLIGHT,,,5/23/2022 8:44:35 AM,False,5232,Accepted,
30090898,0568000,LOUISVILLE METRO POLICE DEPT,Accepted,JEFFERSON,KY2052,,SHEPHERDSVILLE,RD,,,,,CLEARWATER FARM,KY1747,FERN VALLEY,38.155628309,-85.659763714,1.179,5/20/2022 12:00:00 AM,0711,2,2,0,0,CLEAR,DRY,False,REAR END IN TRAFFIC LANES BOTH VEHICLES MOVING,REAR END,STRAIGHT & LEVEL,DAYLIGHT,,,5/23/2022 8:42:56 AM,False,2017,Accepted,
30090914,0568000,LOUISVILLE METRO POLICE DEPT,Accepted,JEFFERSON,I 0064,,I64 E,,,,,I 0064,I64 E EXIT17 ON RAMP FROM KY913,I 0064,I64 E EXIT19A RAMP TO I265 S,38.223492851,-85.531243272,17.593,5/20/2022 12:00:00 AM,1512,2,2,0,2,CLEAR,DRY,False,REAR END IN TRAFFIC LANES BOTH VEHICLES MOVING,REAR END,STRAIGHT & LEVEL,DAYLIGHT,,,5/23/2022 8:43:57 AM,False,2013,Accepted,
30090983,0568000,LOUISVILLE METRO POLICE DEPT,Accepted,JEFFERSON,KY0864,,LOGAN,ST,,,BRECKINRIDGE,,,,,38.239776755,-85.739016697,15.070,5/20/2022 12:00:00 AM,1938,2,2,0,1,CLEAR,DRY,False,ANGLE COLLISION - OTHER,ANGLE,STRAIGHT & LEVEL,DARK-HWY LIGHTED/ON,,,5/23/2022 8:49:18 AM,False,5349,Accepted,
30090931,0568000,LOUISVILLE METRO POLICE DEPT,Accepted,JEFFERSON,US0031,,CLARK MEMORIAL,BRG,,,,,,,,38.260109422,-85.752441804,0.271,5/20/2022 12:00:00 AM,1413,4,4,0,2,CLEAR,DRY,False,HEAD-ON COLLISION,HEAD ON,STRAIGHT & LEVEL,DAYLIGHT,,,5/23/2022 8:45:12 AM,False,5338,Accepted,
30090948,0568000,LOUISVILLE METRO POLICE DEPT,Accepted,JEFFERSON,,2226,ALTA,AVE,,,,,,,,38.235278912,-85.699896409,0.437,5/20/2022 12:00:00 AM,2217,2,2,0,0,CLEAR,DRY,True,1 VEHICLE PARKED POSITION (NOT PARKING LOT/DRIVEWAY),REAR END,STRAIGHT & GRADE,DARK-HWY NOT LIGHTED,,,5/23/2022 8:46:32 AM,False,5122,Accepted,
30090961,0568000,LOUISVILLE METRO POLICE DEPT,Accepted,JEFFERSON,KY1727,,TERRY,RD,,,,,,,,38.144967845,-85.871884248,1.580,5/20/2022 12:00:00 AM,1627,2,2,0,0,CLEAR,DRY,False,REAR END IN TRAFFIC LANES BOTH VEHICLES MOVING,REAR END,STRAIGHT & LEVEL,DAYLIGHT,,,5/23/2022 8:47:39 AM,False,7234,Accepted,
30090904,0568000,LOUISVILLE METRO POLICE DEPT,Accepted,JEFFERSON,,,RIVER PARK,DR,,,,I 0264,I264 W EXIT2 OFF RAMP TO  MUHAMMAD ALI BLVD,,32ND,38.254134700,-85.804351135,1.207,5/20/2022 12:00:00 AM,0930,1,1,0,2,CLEAR,DRY,False,COLLISION WITH FIXED OBJECT NON - INTERSECTION - FIRST EVENT COLLISION 09 - 32 EXCLUDING 16,SINGLE VEHICLE,STRAIGHT & LEVEL,DAYLIGHT,,,5/23/2022 8:43:21 AM,False,5251,Accepted,
30090911,0568000,LOUISVILLE METRO POLICE DEPT,Accepted,JEFFERSON,I 0264,,I264 W,,,,,,,,,38.191516476,-85.715656086,12.853,5/20/2022 12:00:00 AM,1341,2,2,0,0,CLEAR,DRY,False,REAR END IN TRAFFIC LANES BOTH VEHICLES MOVING,REAR END,CURVE & GRADE,DAYLIGHT,,,5/23/2022 8:43:46 AM,False,8278,Accepted,
30083956,0566900,LOUISVILLE AIRPORT POLICE,Accepted,JEFFERSON,,600,TERMINAL,DR,,,,,,,,38.186572013,-85.741913712,0.299,5/20/2022 12:00:00 AM,1410,2,2,0,0,CLEAR,DRY,False,COLLISION IN PARKING LOT,REAR END,STRAIGHT & LEVEL,DAYLIGHT,,,5/20/2022 7:32:20 PM,False,5874,Accepted,
30090917,0568000,LOUISVILLE METRO POLICE DEPT,Accepted,JEFFERSON,,,WILART,DR,,,WALLIE ANN,,,,,38.218989537,-85.790802932,0.184,5/20/2022 12:00:00 AM,1430,2,2,0,0,CLEAR,DRY,True,COLLISION WITH PARKED VEHICLE,SIDESWIPE-SAME DIRECTION,STRAIGHT & LEVEL,DAYLIGHT,,,5/23/2022 8:44:17 AM,False,5355,Accepted,
30090926,0568000,LOUISVILLE METRO POLICE DEPT,Accepted,JEFFERSON,US0150,,BROADWAY,,W,,5TH,,,,,38.246235928,-85.760083527,2.295,5/20/2022 12:00:00 AM,1135,2,2,0,1,CLEAR,DRY,False,OTHER INTERSECTION COLLISIONS,REAR END,STRAIGHT & LEVEL,DAYLIGHT,,,5/23/2022 8:44:49 AM,False,5331,Accepted,
30090943,0568000,LOUISVILLE METRO POLICE DEPT,Accepted,JEFFERSON,,,OAK,ST,W,US0031W,22ND,,,,,38.237465854,-85.790265099,1.915,5/20/2022 12:00:00 AM,1403,2,2,0,0,CLEAR,DRY,False,ANGLE COLLISION - OTHER,ANGLE,STRAIGHT & LEVEL,DAYLIGHT,,,5/23/2022 8:46:15 AM,False,5039,Accepted,
30090934,0568000,LOUISVILLE METRO POLICE DEPT,Accepted,JEFFERSON,,,SOUTHERN HEIGHTS,AVE,W,,,,PARTHENIA,,POWELL,38.190003742,-85.791815802,0.039,5/20/2022 12:00:00 AM,1501,2,2,0,0,CLEAR,DRY,False,1 VEHICLE PARKED POSITION (NOT PARKING LOT/DRIVEWAY),ANGLE,STRAIGHT & LEVEL,DAYLIGHT,,,5/23/2022 8:45:29 AM,False,5221,Accepted,
30091004,0568000,LOUISVILLE METRO POLICE DEPT,Accepted,JEFFERSON,,,ROCKFORD,LN,,,,,,,,38.184370686,-85.854496277,0.006,5/20/2022 12:00:00 AM,1153,3,3,0,2,CLEAR,DRY,False,REAR END IN TRAFFIC LANES BOTH VEHICLES MOVING,REAR END,STRAIGHT & LEVEL,DAYLIGHT,,,5/23/2022 8:50:24 AM,False,5170,Accepted,
30090908,0568000,LOUISVILLE METRO POLICE DEPT,Accepted,JEFFERSON,KY1065,,OUTER,LOOP,,,,,,,,38.137794235,-85.671917791,6.867,5/20/2022 12:00:00 AM,1344,3,3,0,1,CLEAR,DRY,False,REAR END IN TRAFFIC LANES BOTH VEHICLES MOVING,REAR END,STRAIGHT & LEVEL,DAYLIGHT,,,5/23/2022 8:43:33 AM,False,4693,Accepted,
30090919,0568000,LOUISVILLE METRO POLICE DEPT,Accepted,JEFFERSON,US0031E,,BARDSTOWN,RD,,,SCHLATTER,,,,,38.106547187,-85.566631333,2.336,5/20/2022 12:00:00 AM,1738,2,2,0,0,CLEAR,DRY,False,OTHER INTERSECTION COLLISIONS,REAR END,STRAIGHT & GRADE,DAYLIGHT,,,5/23/2022 8:44:25 AM,False,5141,Accepted,
30090928,0568000,LOUISVILLE METRO POLICE DEPT,Accepted,JEFFERSON,KY0155,,TAYLORSVILLE,RD,,,MCMAHAN,,,,,38.219358413,-85.619585729,12.980,5/20/2022 12:00:00 AM,0753,2,1,0,1,CLEAR,DRY,False,COLLISION WITH PEDESTRIAN IN INTERSECTION,SINGLE VEHICLE,STRAIGHT & LEVEL,DAYLIGHT,,,5/23/2022 8:44:59 AM,False,5269,Accepted,
30090916,0568000,LOUISVILLE METRO POLICE DEPT,Accepted,JEFFERSON,KY0061,5751,PRESTON,HWY,,,,,VINEWOOD,,BENNETT,38.165046863,-85.702652864,6.006,5/20/2022 12:00:00 AM,1544,2,2,0,0,CLEAR,DRY,False,COLLISION IN PARKING LOT,REAR END,STRAIGHT & LEVEL,DAYLIGHT,,,5/23/2022 8:44:11 AM,False,7652,Accepted,
30090960,0568000,LOUISVILLE METRO POLICE DEPT,Accepted,JEFFERSON,KY3077,,RIVER,RD,,,3RD,,,,,38.258547057,-85.754467677,0.375,5/20/2022 12:00:00 AM,1836,2,2,0,0,CLEAR,DRY,False,OPPOSITE DIRECTION - BOTH VEHICLES GOING STRAIGHT AHEAD,SIDESWIPE-OPPOSITE DIRECTION,STRAIGHT & LEVEL,DAYLIGHT,,,5/23/2022 8:47:33 AM,False,7904,Accepted,