IncidentID,AgencyORI,AgencyName,IncidentStatusDesc,County,RdwyNumber,Street,RoadwayName,StreetSfx,StreetDir,IntersectionRdwy,IntersectionRdwyName,BetweenStRdwy1,BetweenStRdwyName1,BetweenStRdwy2,BetweenStRdwyName2,Latitude,Longitude,Milepoint,CollisionDate,CollisionTime,UnitsInvolved,MotorVehiclesInvolved,NumberKilled,NumberInjured,Weather,RdwyConditionCode,HitandRun,DirAnalysisCode,MannerofCollision,RdwyCharacter,LightCondition,RampFromRdwyId,RampToRdwyId,AcceptedDate,IsSecondaryCollision,OwnerBadge,IncidentStatus,
30077502,0568000,LOUISVILLE METRO POLICE DEPT,Accepted,JEFFERSON,I 0265,,I265 S,,,I 0064,I265 S EXIT25B RAMP TO I64 W,,,,,38.226262537,-85.505383999,25.691,5/18/2022 12:00:00 AM,0900,2,2,0,0,CLOUDY,DRY,True,SIDESWIPE-SAME DIRECTION,SIDESWIPE-SAME DIRECTION,STRAIGHT & LEVEL,DAYLIGHT,,,5/19/2022 8:15:41 AM,False,2013,Accepted,
30077515,0568000,LOUISVILLE METRO POLICE DEPT,Accepted,JEFFERSON,US0031W,,DIXIE,HWY,,,ORELL,,,,,38.082326822,-85.881568295,6.710,5/18/2022 12:00:00 AM,1344,2,2,0,0,CLOUDY,DRY,False,ANGLE COLLISION - OTHER,ANGLE,STRAIGHT & LEVEL,DAYLIGHT,,,5/19/2022 8:16:17 AM,False,2098,Accepted,
30077523,0568000,LOUISVILLE METRO POLICE DEPT,Accepted,JEFFERSON,,1020,ENGLISH,AVE,,,,,,,,38.256346973,-85.685718936,0.069,5/18/2022 12:00:00 AM,1636,2,2,0,0,RAINING,WET,False,1 VEHICLE PARKED POSITION (NOT PARKING LOT/DRIVEWAY),BACKING,STRAIGHT & LEVEL,DAYLIGHT,,,5/19/2022 8:16:45 AM,False,7448,Accepted,
30077533,0568000,LOUISVILLE METRO POLICE DEPT,Accepted,JEFFERSON,I 0064,,I64 W,,,I 0064,I64 W EXIT12 RAMP TO I264 E,,,,,38.235924680,-85.616645997,12.702,5/18/2022 12:00:00 AM,1826,1,1,0,1,RAINING,WET,False,OTHER INTERSECTION COLLISIONS,SINGLE VEHICLE,STRAIGHT & GRADE,DAYLIGHT,,,5/19/2022 8:17:26 AM,False,7436,Accepted,
30077548,0568000,LOUISVILLE METRO POLICE DEPT,Accepted,JEFFERSON,,6513,GABRIEL,DR,,,,,,,,38.157014221,-85.854292806,0.244,5/18/2022 12:00:00 AM,1954,4,4,0,0,CLEAR,WET,True,1 VEHICLE ENTERING/LEAVING ENTRANCE,ANGLE,STRAIGHT & LEVEL,DAYLIGHT,,,5/19/2022 8:18:29 AM,False,7992,Accepted,
30077549,0568000,LOUISVILLE METRO POLICE DEPT,Accepted,JEFFERSON,,,1ST,ST,S,,,,,,,38.225521125,-85.756937024,2.128,5/18/2022 12:00:00 AM,1435,2,2,0,0,CLEAR,DRY,False,SIDESWIPE COLLISION - SAME DIRECTION,SIDESWIPE-SAME DIRECTION,STRAIGHT & LEVEL,DAYLIGHT,,,5/19/2022 8:18:33 AM,False,5258,Accepted,
30081843,0568000,LOUISVILLE METRO POLICE DEPT,Accepted,JEFFERSON,,,MITSCHER,AVE,,,,,,,,38.170076152,-85.770070211,0.124,5/18/2022 12:00:00 AM,1311,2,2,0,0,CLEAR,DRY,False,1 VEHICLE PARKED POSITION (NOT PARKING LOT/DRIVEWAY),REAR END,STRAIGHT & LEVEL,DAYLIGHT,,,5/20/2022 9:19:44 AM,False,7483,Accepted,
30077521,0568000,LOUISVILLE METRO POLICE DEPT,Accepted,JEFFERSON,KY1065,2200B,OUTER,LOOP,,,,,,,,38.132594573,-85.726406212,3.805,5/18/2022 12:00:00 AM,1500,2,2,0,0,CLOUDY,DRY,True,REAR END IN TRAFFIC LANES BOTH VEHICLES MOVING,REAR END,STRAIGHT & LEVEL,DAYLIGHT,,,5/19/2022 8:16:39 AM,False,7669,Accepted,
30077531,0568000,LOUISVILLE METRO POLICE DEPT,Accepted,JEFFERSON,KY1447,,WESTPORT,RD,,,,,,,,38.291562160,-85.564010927,5.731,5/18/2022 12:00:00 AM,1840,2,2,0,1,RAINING,WET,False,OTHER ROADWAY OR MID-BLOCK COLLISION,REAR END,STRAIGHT & LEVEL,DAYLIGHT,,,5/19/2022 8:17:19 AM,False,7615,Accepted,
30077499,0568000,LOUISVILLE METRO POLICE DEPT,Accepted,JEFFERSON,KY1934,,GREENBELT,HWY,,,ASHBY,,,,,38.110738730,-85.894414451,1.901,5/18/2022 12:00:00 AM,0752,2,2,0,1,CLOUDY,DRY,False,ANGLE COLLISION - ONE VEHICLE TURNING LEFT,ANGLE,STRAIGHT & LEVEL,DAYLIGHT,,,5/19/2022 8:15:27 AM,False,7205,Accepted,
30077525,0568000,LOUISVILLE METRO POLICE DEPT,Accepted,JEFFERSON,KY0841,,GENE SNYDER,FWY,,,,,,,,38.115413025,-85.703780977,10.115,5/18/2022 12:00:00 AM,1617,1,1,0,0,RAINING,WET,False,OTHER COLLISIONS ON SHOULDER,SINGLE VEHICLE,CURVE & LEVEL,DAYLIGHT,,,5/19/2022 8:16:52 AM,False,7272,Accepted,
30073076,0568000,LOUISVILLE METRO POLICE DEPT,Accepted,JEFFERSON,KY1931,,MANSLICK,RD,,,ANNA,,,,,38.181256372,-85.799193619,7.377,5/17/2022 12:00:00 AM,1738,2,2,0,0,CLEAR,DRY,True,OTHER INTERSECTION COLLISIONS,REAR END,STRAIGHT & LEVEL,DAYLIGHT,,,5/18/2022 8:18:43 AM,False,5180,Accepted,
30068319,0568000,LOUISVILLE METRO POLICE DEPT,Accepted,JEFFERSON,KY0061,,PRESTON,HWY,,,ROSEMARY,,,,,38.204045096,-85.735725292,9.268,5/17/2022 12:00:00 AM,0207,1,1,0,1,CLEAR,DRY,False,COLLISION WITH FIXED OBJECT IN INTERSECTION - FIRST EVENT COLLISION 09 - 32,SINGLE VEHICLE,STRAIGHT & LEVEL,DARK-HWY LIGHTED/ON,,,5/17/2022 7:52:06 AM,False,5391,Accepted,
30073050,0568000,LOUISVILLE METRO POLICE DEPT,Accepted,JEFFERSON,,2708,TUCKER STATION,RD,,,,,,,,38.200634016,-85.528529688,3.517,5/17/2022 12:00:00 AM,1417,2,2,0,0,CLEAR,DRY,False,COLLISION IN PARKING LOT,SIDESWIPE-SAME DIRECTION,STRAIGHT & LEVEL,DAYLIGHT,,,5/18/2022 8:17:05 AM,False,7316,Accepted,
30073067,0568000,LOUISVILLE METRO POLICE DEPT,Accepted,JEFFERSON,KY1450,,BLUE LICK,RD,,,WILLIAM G PENNY,,,,,38.133200144,-85.685297633,3.465,5/17/2022 12:00:00 AM,1633,1,1,0,0,CLEAR,DRY,False,COLLISION WITH FIXED OBJECT IN INTERSECTION - FIRST EVENT COLLISION 09 - 32,SINGLE VEHICLE,STRAIGHT & LEVEL,DAYLIGHT,,,5/18/2022 8:18:10 AM,False,7730,Accepted,
30090895,0568000,LOUISVILLE METRO POLICE DEPT,Accepted,JEFFERSON,KY2054,,ALGONQUIN,PKWY,,,7TH,,,,,38.220345454,-85.777653735,2.493,5/17/2022 12:00:00 AM,1745,2,2,0,0,CLEAR,DRY,False,ANGLE COLLISION - OTHER,ANGLE,STRAIGHT & LEVEL,DAYLIGHT,,,5/23/2022 8:42:48 AM,False,7437,Accepted,
30073044,0568000,LOUISVILLE METRO POLICE DEPT,Accepted,JEFFERSON,US0031E,,BARDSTOWN,RD,,,BRENTLINGER,,,,,38.134320982,-85.579724128,4.361,5/17/2022 12:00:00 AM,0902,2,2,0,0,CLEAR,DRY,False,SIDESWIPE-SAME DIRECTION,SIDESWIPE-SAME DIRECTION,STRAIGHT & LEVEL,DAYLIGHT,,,5/18/2022 8:16:43 AM,False,2017,Accepted,
30073061,0568000,LOUISVILLE METRO POLICE DEPT,Accepted,JEFFERSON,I 0264,,I264 E,,,,,,,,,38.225352901,-85.642212928,17.533,5/17/2022 12:00:00 AM,1623,2,2,0,3,CLEAR,DRY,False,REAR END IN TRAFFIC LANES BOTH VEHICLES MOVING,REAR END,STRAIGHT & LEVEL,DAYLIGHT,,,5/18/2022 8:17:48 AM,False,6813,Accepted,
30073052,0568000,LOUISVILLE METRO POLICE DEPT,Accepted,JEFFERSON,I 0264,,I264 W,,,,,,,,,38.193601221,-85.711058662,13.118,5/17/2022 12:00:00 AM,1528,2,2,0,0,CLEAR,DRY,False,REAR END IN TRAFFIC LANES BOTH VEHICLES MOVING,REAR END,STRAIGHT & LEVEL,DAYLIGHT,,,5/18/2022 8:17:15 AM,False,7383,Accepted,
30073058,0568000,LOUISVILLE METRO POLICE DEPT,Accepted,JEFFERSON,,,CHAMBERLAIN,LN,,,,,,,,38.303335931,-85.553193458,2.843,5/17/2022 12:00:00 AM,1500,2,2,0,2,CLEAR,DRY,False,SIDESWIPE COLLISION - SAME DIRECTION,SIDESWIPE-SAME DIRECTION,STRAIGHT & LEVEL,DAYLIGHT,,,5/18/2022 8:17:38 AM,False,2346,Accepted,
30073075,0568000,LOUISVILLE METRO POLICE DEPT,Accepted,JEFFERSON,,3406,POWELL,AVE,,,,,LONGFIELD,,CLARA,38.199210824,-85.790083407,0.167,5/17/2022 12:00:00 AM,1938,2,2,0,0,CLEAR,DRY,True,1 VEHICLE PARKED POSITION (NOT PARKING LOT/DRIVEWAY),REAR END,STRAIGHT & LEVEL,DAYLIGHT,,,5/18/2022 8:18:40 AM,False,2927,Accepted,
30073047,0568000,LOUISVILLE METRO POLICE DEPT,Accepted,JEFFERSON,,516,18TH,ST,S,,,,,,,38.252950107,-85.780796984,0.434,5/17/2022 12:00:00 AM,1433,2,2,0,0,CLEAR,DRY,True,1 VEHICLE PARKED POSITION (NOT PARKING LOT/DRIVEWAY),SIDESWIPE-SAME DIRECTION,STRAIGHT & LEVEL,DAYLIGHT,,,5/18/2022 8:16:54 AM,False,7220,Accepted,
30073056,0568000,LOUISVILLE METRO POLICE DEPT,Accepted,JEFFERSON,I 0071,,I71 S,,,,,,,,,38.298137652,-85.624081929,6.485,5/17/2022 12:00:00 AM,1508,1,1,0,0,CLEAR,DRY,False,OTHER ROADWAY OR MID-BLOCK COLLISION,SINGLE VEHICLE,STRAIGHT & LEVEL,DAYLIGHT,,,5/18/2022 8:17:30 AM,False,5247,Accepted,
30073073,0568000,LOUISVILLE METRO POLICE DEPT,Accepted,JEFFERSON,KY0155,,TAYLORSVILLE,RD,,I 0265,I265 E EXIT23 ON RAMP FROM KY155,,,,,38.188631272,-85.510826770,6.136,5/17/2022 12:00:00 AM,1730,2,2,0,1,CLEAR,DRY,False,HEAD-ON COLLISION,HEAD ON,STRAIGHT & LEVEL,DAYLIGHT,,,5/18/2022 8:18:33 AM,False,6878,Accepted,
30073079,0568000,LOUISVILLE METRO POLICE DEPT,Accepted,JEFFERSON,KY2055,,MANSLICK,RD,W,,MASON,,,,,38.110540766,-85.765198926,1.836,5/17/2022 12:00:00 AM,2002,1,1,0,2,CLEAR,DRY,False,COLLISION WITH FIXED OBJECT IN INTERSECTION - FIRST EVENT COLLISION 09 - 32,SINGLE VEHICLE,STRAIGHT & LEVEL,DAYLIGHT,,,5/18/2022 8:18:51 AM,False,7115,Accepted,
30081886,0568000,LOUISVILLE METRO POLICE DEPT,Accepted,JEFFERSON,I 0065,125,I65 S,,,,,,,,,38.124732772,-85.702168783,125.831,5/17/2022 12:00:00 AM,1730,4,4,0,3,CLEAR,DRY,False,REAR END IN TRAFFIC LANES BOTH VEHICLES MOVING,REAR END,STRAIGHT & LEVEL,DAYLIGHT,,,5/20/2022 9:22:03 AM,False,7799,Accepted,
30122651,0568000,LOUISVILLE METRO POLICE DEPT,Accepted,JEFFERSON,KY0061,,JACKSON,ST,S,,KENTUCKY,,,,,38.237523091,-85.747007535,11.755,5/17/2022 12:00:00 AM,1407,2,2,0,0,CLEAR,DRY,False,ANGLE COLLISION - OTHER,ANGLE,STRAIGHT & LEVEL,DAYLIGHT,,,5/31/2022 8:31:42 AM,False,7495,Accepted,
30073038,0568000,LOUISVILLE METRO POLICE DEPT,Accepted,JEFFERSON,KY2049,,CRUMS,LN,,,,,,,,38.199122440,-85.837319199,0.011,5/17/2022 12:00:00 AM,0947,2,2,0,1,CLEAR,DRY,False,REAR END IN TRAFFIC LANES BOTH VEHICLES MOVING,REAR END,STRAIGHT & LEVEL,DAYLIGHT,,,5/18/2022 8:16:20 AM,False,5208,Accepted,
30073064,0568000,LOUISVILLE METRO POLICE DEPT,Accepted,JEFFERSON,,,FLOYD,ST,S,,ABRAHAM FLEXNER,,,,,38.249102426,-85.749046075,0.457,5/17/2022 12:00:00 AM,1801,2,2,0,0,CLEAR,DRY,True,OTHER INTERSECTION COLLISIONS,REAR END,STRAIGHT & LEVEL,DAYLIGHT,,,5/18/2022 8:17:59 AM,False,7904,Accepted,
30073072,0568000,LOUISVILLE METRO POLICE DEPT,Accepted,JEFFERSON,,,BERRY,BLVD,,US0060A,TAYLOR,,,,,38.196055435,-85.782998822,0.017,5/17/2022 12:00:00 AM,1618,2,2,0,2,CLEAR,DRY,False,REAR END - ONE VEHICLE TURNING LEFT,REAR END,STRAIGHT & LEVEL,DAYLIGHT,,,5/18/2022 8:18:29 AM,False,7468,Accepted,
30073071,0568000,LOUISVILLE METRO POLICE DEPT,Accepted,JEFFERSON,,1255,ASHLAND,AVE,W,,,,,,,38.186616745,-85.783551167,0.979,5/17/2022 12:00:00 AM,1500,2,2,0,0,CLEAR,DRY,True,COLLISION IN PARKING LOT,ANGLE,STRAIGHT & LEVEL,DAYLIGHT,,,5/18/2022 8:18:20 AM,False,5230,Accepted,
30073045,0568000,LOUISVILLE METRO POLICE DEPT,Accepted,JEFFERSON,KY0864,,POPLAR LEVEL,RD,,,,,,,,38.165771609,-85.680551373,8.752,5/17/2022 12:00:00 AM,0921,2,2,0,0,CLEAR,DRY,False,1 VEHICLE ENTERING/LEAVING ENTRANCE,ANGLE,STRAIGHT & LEVEL,DAYLIGHT,,,5/18/2022 8:16:47 AM,False,4693,Accepted,
30073048,0568000,LOUISVILLE METRO POLICE DEPT,Accepted,JEFFERSON,I 0065,,I65 N EXIT130 TRANSIT,,,,,,,,,38.182204869,-85.721613794,0.419,5/17/2022 12:00:00 AM,1317,3,3,0,0,CLEAR,DRY,False,SIDESWIPE COLLISION - SAME DIRECTION,SIDESWIPE-SAME DIRECTION,STRAIGHT & LEVEL,DAYLIGHT,,,5/18/2022 8:16:57 AM,False,4903,Accepted,
30073065,0568000,LOUISVILLE METRO POLICE DEPT,Accepted,JEFFERSON,US0031E,,BARDSTOWN,RD,,KY1932,BRECKENRIDGE,,,,,38.181200937,-85.626864387,8.695,5/17/2022 12:00:00 AM,1742,2,2,0,0,CLEAR,DRY,False,ANGLE COLLISION - OTHER,ANGLE,STRAIGHT & LEVEL,DAYLIGHT,,,5/18/2022 8:18:02 AM,False,5269,Accepted,
30073093,0568000,LOUISVILLE METRO POLICE DEPT,Accepted,JEFFERSON,KY1631,,CRITTENDEN,DR,,,PHILLIPS,,,,,38.192309895,-85.750985252,0.306,5/17/2022 12:00:00 AM,2342,1,1,0,0,CLEAR,DRY,False,COLLISION WITH FIXED OBJECT IN INTERSECTION - FIRST EVENT COLLISION 09 - 32,SINGLE VEHICLE,STRAIGHT & LEVEL,DARK (UNKNOWN ROADWAY LIGHTING),,,5/18/2022 8:20:12 AM,False,5378,Accepted,
30073051,0568000,LOUISVILLE METRO POLICE DEPT,Accepted,JEFFERSON,,,CHESTNUT,ST,W,,20TH,,,,,38.251888867,-85.785009905,0.864,5/17/2022 12:00:00 AM,1330,2,2,0,0,CLEAR,DRY,True,COLLISION WITH PARKED VEHICLE,SIDESWIPE-SAME DIRECTION,STRAIGHT & LEVEL,DAYLIGHT,,,5/18/2022 8:17:09 AM,False,5335,Accepted,
30073068,0568000,LOUISVILLE METRO POLICE DEPT,Accepted,JEFFERSON,,,34TH,ST,S,,MAGNOLIA,,,,,38.233655567,-85.811244278,2.000,5/17/2022 12:00:00 AM,1011,2,2,0,0,CLEAR,DRY,True,SIDESWIPE-SAME DIRECTION,SIDESWIPE-SAME DIRECTION,STRAIGHT & LEVEL,DAYLIGHT,,,5/18/2022 8:18:13 AM,False,5039,Accepted,
30073074,0568000,LOUISVILLE METRO POLICE DEPT,Accepted,JEFFERSON,KY1631,,CRITTENDEN,DR,,,BOXLEY,,,,,38.205406432,-85.750835377,1.199,5/17/2022 12:00:00 AM,1550,2,2,0,0,CLEAR,DRY,False,OPPOSING LEFT TURN,OPPOSING LEFT TURN,STRAIGHT & LEVEL,DAYLIGHT,,,5/18/2022 8:18:36 AM,False,5420,Accepted,
30077500,0568000,LOUISVILLE METRO POLICE DEPT,Accepted,JEFFERSON,,,DIXIE,HWY,,,,,,,,38.245677391,-85.783682442,0.243,5/17/2022 12:00:00 AM,1640,2,2,0,0,CLEAR,DRY,True,1 VEHICLE ENTERING/LEAVING ENTRANCE,ANGLE,,DAYLIGHT,,,5/19/2022 8:15:33 AM,False,2738,Accepted,
30091046,0568000,LOUISVILLE METRO POLICE DEPT,Accepted,JEFFERSON,,,20TH,ST,S,,MUHAMMAD ALI,,,,,38.254137189,-85.784716190,0.383,5/17/2022 12:00:00 AM,1657,2,2,0,1,CLEAR,DRY,False,ANGLE COLLISION - OTHER,ANGLE,STRAIGHT & LEVEL,DAYLIGHT,,,5/23/2022 8:52:31 AM,False,7463,Accepted,
30077501,0568000,LOUISVILLE METRO POLICE DEPT,Accepted,JEFFERSON,US0042,4730,BROWNSBORO,RD,,,,,ANTRIM,,INDIAN RIDGE,38.275607701,-85.642921991,5.317,5/17/2022 12:00:00 AM,0948,2,2,0,0,CLEAR,DRY,False,1 VEHICLE PARKED POSITION (NOT PARKING LOT/DRIVEWAY),REAR END,STRAIGHT & LEVEL,DAYLIGHT,,,5/19/2022 8:15:37 AM,False,2013,Accepted,
30073037,0568000,LOUISVILLE METRO POLICE DEPT,Accepted,JEFFERSON,KY2054,,ALGONQUIN,PKWY,,KY1934,CANE RUN,,,,,38.224434251,-85.809349999,0.636,5/17/2022 12:00:00 AM,0759,2,2,0,2,CLEAR,DRY,False,ANGLE COLLISION - OTHER,ANGLE,STRAIGHT & LEVEL,DAYLIGHT,,,5/18/2022 8:16:16 AM,False,5232,Accepted,
30073046,0568000,LOUISVILLE METRO POLICE DEPT,Accepted,JEFFERSON,,,MAPLE,RD,,,YELLOW PINE,,,,,38.107586269,-85.646964403,0.824,5/17/2022 12:00:00 AM,1415,2,2,0,2,CLEAR,DRY,False,ANGLE COLLISION - OTHER,ANGLE,STRAIGHT & LEVEL,DAYLIGHT,,,5/18/2022 8:16:50 AM,False,2017,Accepted,
30073040,0568000,LOUISVILLE METRO POLICE DEPT,Accepted,JEFFERSON,US0150,,BROADWAY,,E,KY0061,JACKSON,,,,,38.245180419,-85.745653360,3.071,5/17/2022 12:00:00 AM,1020,2,2,0,1,CLEAR,DRY,True,ANGLE COLLISION - ONE VEHICLE TURNING LEFT,ANGLE,STRAIGHT & LEVEL,DAYLIGHT,,,5/18/2022 8:16:27 AM,False,5331,Accepted,
30073063,0568000,LOUISVILLE METRO POLICE DEPT,Accepted,JEFFERSON,,,PAGES,LN,E,,,,,,,38.117001381,-85.835446870,1.176,5/17/2022 12:00:00 AM,1735,1,0,0,1,CLEAR,DRY,True,1 VEHICLE ENTERING/LEAVING ENTRANCE,ANGLE,STRAIGHT & LEVEL,DAYLIGHT,,,5/18/2022 8:17:56 AM,False,7174,Accepted,
30073049,0568000,LOUISVILLE METRO POLICE DEPT,Accepted,JEFFERSON,KY1447,,WESTPORT,RD,,,,,,,,38.297244818,-85.549266189,6.620,5/17/2022 12:00:00 AM,1229,2,2,0,0,CLEAR,DRY,False,REAR END IN TRAFFIC LANES BOTH VEHICLES MOVING,REAR END,STRAIGHT & LEVEL,DAYLIGHT,,,5/18/2022 8:17:01 AM,False,7316,Accepted,
30073066,0568000,LOUISVILLE METRO POLICE DEPT,Accepted,JEFFERSON,KY1747,,HURSTBOURNE,PKWY,S,,HURSTBOURNE PARK,,,,,38.220370548,-85.581401321,11.642,5/17/2022 12:00:00 AM,1616,2,2,0,0,CLEAR,DRY,False,SIDESWIPE-SAME DIRECTION,SIDESWIPE-SAME DIRECTION,STRAIGHT & LEVEL,DAYLIGHT,,,5/18/2022 8:18:06 AM,False,5286,Accepted,
30073043,0568000,LOUISVILLE METRO POLICE DEPT,Accepted,JEFFERSON,KY1747,3415,FERN VALLEY,RD,,,,,,,,38.156956677,-85.700037646,1.765,5/17/2022 12:00:00 AM,1139,2,2,0,1,CLEAR,DRY,False,1 VEHICLE ENTERING/LEAVING ENTRANCE,ANGLE,STRAIGHT & LEVEL,DAYLIGHT,,,5/18/2022 8:16:39 AM,False,2017,Accepted,
30090936,0568000,LOUISVILLE METRO POLICE DEPT,Accepted,JEFFERSON,KY1447,,WESTPORT,RD,,I 0265,I265 S EXIT33 OFF RAMP TO KY1447,,,,,38.298516141,-85.544471172,6.896,5/17/2022 12:00:00 AM,2209,2,2,0,0,CLEAR,DRY,False,SIDESWIPE-SAME DIRECTION,SIDESWIPE-SAME DIRECTION,STRAIGHT & LEVEL,DARK-HWY LIGHTED/ON,,,5/23/2022 8:45:51 AM,False,7098,Accepted,
30073060,0568000,LOUISVILLE METRO POLICE DEPT,Accepted,JEFFERSON,KY0061,,PRESTON,ST,S,,,,LEE,I 0065,I65 N EXIT134 ON RAMP FROM US61,38.222450763,-85.750071436,10.871,5/17/2022 12:00:00 AM,1448,2,2,0,0,CLEAR,DRY,False,1 VEHICLE PARKED POSITION (NOT PARKING LOT/DRIVEWAY),SIDESWIPE-SAME DIRECTION,CURVE & LEVEL,DAYLIGHT,,,5/18/2022 8:17:45 AM,False,7619,Accepted,
30073057,0568000,LOUISVILLE METRO POLICE DEPT,Accepted,JEFFERSON,KY1865,5452,NEW CUT,RD,,,,,,,,38.147084442,-85.775571716,2.755,5/17/2022 12:00:00 AM,1558,2,2,0,1,CLEAR,DRY,False,HEAD-ON COLLISION,HEAD ON,STRAIGHT & LEVEL,DAYLIGHT,,,5/18/2022 8:17:34 AM,False,7252,Accepted,
30073034,0568000,LOUISVILLE METRO POLICE DEPT,Accepted,JEFFERSON,US0060A,,EASTERN,PKWY,,,DELOR,,,,,38.217098231,-85.738510985,4.855,5/16/2022 12:00:00 AM,1914,2,2,0,0,CLEAR,DRY,False,ANGLE COLLISION - OTHER,ANGLE,CURVE & LEVEL,DAYLIGHT,,,5/18/2022 8:16:06 AM,False,5372,Accepted,
30068295,0568000,LOUISVILLE METRO POLICE DEPT,Accepted,JEFFERSON,,225,SHAWNEE,TER,S,,,,,,,38.263318874,-85.822438330,0.229,5/16/2022 12:00:00 AM,1621,2,2,0,0,CLEAR,DRY,False,1 VEHICLE PARKED POSITION (NOT PARKING LOT/DRIVEWAY),SIDESWIPE-SAME DIRECTION,STRAIGHT & LEVEL,DAYLIGHT,,,5/17/2022 7:50:24 AM,False,5129,Accepted,
30073069,0568000,LOUISVILLE METRO POLICE DEPT,Accepted,JEFFERSON,,,STRAWBERRY,LN,,,CRITTENDEN DR CONN,,,,,38.172473315,-85.752500257,1.313,5/16/2022 12:00:00 AM,1248,2,2,0,1,CLEAR,DRY,False,ANGLE COLLISION - OTHER,ANGLE,STRAIGHT & LEVEL,DAYLIGHT,,,5/18/2022 8:18:16 AM,False,5230,Accepted,
30068303,0568000,LOUISVILLE METRO POLICE DEPT,Accepted,JEFFERSON,KY1747,,HURSTBOURNE,PKWY,S,,WATTBOURNE,,,,,38.185465616,-85.605976996,8.695,5/16/2022 12:00:00 AM,1558,2,2,0,1,CLEAR,DRY,False,ANGLE COLLISION - OTHER,ANGLE,STRAIGHT & LEVEL,DAYLIGHT,,,5/17/2022 7:50:54 AM,False,5269,Accepted,
30063671,0568000,LOUISVILLE METRO POLICE DEPT,Accepted,JEFFERSON,,506,BEECHER,ST,,,,,,,,38.192042260,-85.769192639,0.766,5/16/2022 12:00:00 AM,0221,3,3,0,0,CLOUDY,WET,True,1 VEHICLE PARKED POSITION (NOT PARKING LOT/DRIVEWAY),REAR END,STRAIGHT & LEVEL,DARK-HWY LIGHTED/ON,,,5/16/2022 8:34:14 AM,False,5183,Accepted,
30068306,0568000,LOUISVILLE METRO POLICE DEPT,Accepted,JEFFERSON,,6620,SIX MILE,LN,,,,,,,,38.197589741,-85.627566361,1.453,5/16/2022 12:00:00 AM,1452,2,1,0,1,CLEAR,DRY,False,COLLISION WITH BICYCLIST NON INTERSECTION,SINGLE VEHICLE,STRAIGHT & LEVEL,DAYLIGHT,,,5/17/2022 7:51:08 AM,False,5286,Accepted,
30075663,0565000,LYNDON POLICE DEPARTMENT,Accepted,JEFFERSON,KY1747,,HURSTBOURNE,PKWY,S,US0060,SHELBYVILLE,,,,,38.246567464,-85.577034839,13.489,5/16/2022 12:00:00 AM,1115,2,2,0,0,CLEAR,DRY,False,ANGLE COLLISION - OTHER,ANGLE,STRAIGHT & LEVEL,DAYLIGHT,,,5/18/2022 6:05:45 PM,False,1349,Accepted,
30068292,0568000,LOUISVILLE METRO POLICE DEPT,Accepted,JEFFERSON,KY2052,,SHEPHERDSVILLE,RD,,KY0864,POPLAR LEVEL,,,,,38.160014003,-85.660011575,1.483,5/16/2022 12:00:00 AM,0736,2,2,0,0,CLOUDY,DRY,False,OPPOSING LEFT TURN,OPPOSING LEFT TURN,STRAIGHT & LEVEL,DAYLIGHT,,,5/17/2022 7:50:12 AM,False,4693,Accepted,
30082507,0566900,LOUISVILLE AIRPORT POLICE,Accepted,JEFFERSON,,600,TERMINAL,DR,,,,,,,,38.186326709,-85.742208042,0.277,5/16/2022 12:00:00 AM,1252,2,2,0,0,CLEAR,DRY,False,COLLISION IN PARKING LOT,SIDESWIPE-SAME DIRECTION,STRAIGHT & LEVEL,DAYLIGHT,,,5/20/2022 12:21:20 PM,False,5871,Accepted,
30068320,0568000,LOUISVILLE METRO POLICE DEPT,Accepted,JEFFERSON,KY0155,10707,TAYLORSVILLE,RD,,,,,,,,38.189730236,-85.558111532,8.813,5/16/2022 12:00:00 AM,2226,2,2,0,2,CLEAR,DRY,False,HEAD-ON COLLISION,HEAD ON,STRAIGHT & LEVEL,DARK-HWY LIGHTED/ON,,,5/17/2022 7:52:10 AM,False,7441,Accepted,
30077550,0568000,LOUISVILLE METRO POLICE DEPT,Accepted,JEFFERSON,US0060,,SHELBYVILLE,RD,,KY1747,HURSTBOURNE,,,,,38.246362827,-85.576780290,7.859,5/16/2022 12:00:00 AM,0529,2,2,0,0,CLOUDY,WET,False,ANGLE COLLISION - OTHER,ANGLE,STRAIGHT & LEVEL,DUSK,,,5/19/2022 8:18:58 AM,False,7475,Accepted,
30073054,0568000,LOUISVILLE METRO POLICE DEPT,Accepted,JEFFERSON,,,7TH,ST,S,,HILL,,,,,38.226747191,-85.769007998,0.657,5/16/2022 12:00:00 AM,1044,2,2,0,0,CLEAR,DRY,False,SIDESWIPE-SAME DIRECTION,SIDESWIPE-SAME DIRECTION,STRAIGHT & LEVEL,DAYLIGHT,,,5/18/2022 8:17:23 AM,False,7619,Accepted,
30073062,0568000,LOUISVILLE METRO POLICE DEPT,Accepted,JEFFERSON,,,HALE,AVE,,,42ND,,,,,38.241539694,-85.823057787,2.351,5/16/2022 12:00:00 AM,1437,3,3,0,0,CLEAR,DRY,True,ANGLE COLLISION - OTHER,ANGLE,STRAIGHT & LEVEL,DAYLIGHT,,,5/18/2022 8:17:52 AM,False,5309,Accepted,