IncidentID,AgencyORI,AgencyName,IncidentStatusDesc,County,RdwyNumber,Street,RoadwayName,StreetSfx,StreetDir,IntersectionRdwy,IntersectionRdwyName,BetweenStRdwy1,BetweenStRdwyName1,BetweenStRdwy2,BetweenStRdwyName2,Latitude,Longitude,Milepoint,CollisionDate,CollisionTime,UnitsInvolved,MotorVehiclesInvolved,NumberKilled,NumberInjured,Weather,RdwyConditionCode,HitandRun,DirAnalysisCode,MannerofCollision,RdwyCharacter,LightCondition,RampFromRdwyId,RampToRdwyId,AcceptedDate,IsSecondaryCollision,OwnerBadge,IncidentStatus,
30068291,0568000,LOUISVILLE METRO POLICE DEPT,Accepted,JEFFERSON,KY1747,,HURSTBOURNE,PKWY,N,KY1447,WESTPORT,,,,,38.287641559,-85.572213433,17.039,5/16/2022 12:00:00 AM,1335,2,2,0,1,CLEAR,DRY,False,ANGLE COLLISION - OTHER,ANGLE,STRAIGHT & LEVEL,DAYLIGHT,,,5/17/2022 7:50:08 AM,False,7876,Accepted,
30068300,0568000,LOUISVILLE METRO POLICE DEPT,Accepted,JEFFERSON,I 0264,,I264 W,,,,,,,,,38.207828985,-85.676851852,15.287,5/16/2022 12:00:00 AM,1631,2,2,0,0,CLEAR,DRY,False,REAR END IN TRAFFIC LANES BOTH VEHICLES MOVING,REAR END,STRAIGHT & LEVEL,DAYLIGHT,,,5/17/2022 7:50:47 AM,False,6813,Accepted,
30068297,0568000,LOUISVILLE METRO POLICE DEPT,Accepted,JEFFERSON,KY0841,,GENE SNYDER,FWY,,,,KY0841,KY841 RAMP FROM KY1020,,PARK,38.117436583,-85.736193189,8.303,5/16/2022 12:00:00 AM,1443,2,2,0,0,CLEAR,DRY,False,REAR END IN TRAFFIC LANES BOTH VEHICLES MOVING,REAR END,STRAIGHT & LEVEL,DAYLIGHT,,,5/17/2022 7:50:35 AM,False,7730,Accepted,
30068326,0568000,LOUISVILLE METRO POLICE DEPT,Accepted,JEFFERSON,US0031W,,DIXIE,HWY,,,,,,,,38.085299626,-85.879852392,6.932,5/16/2022 12:00:00 AM,1745,3,3,0,0,CLEAR,DRY,False,VEHICLE BACKING NON INTERSECTION,BACKING,STRAIGHT & LEVEL,DAYLIGHT,,,5/17/2022 7:56:18 AM,False,7234,Accepted,
30073088,0568000,LOUISVILLE METRO POLICE DEPT,Accepted,JEFFERSON,KY1747,,HURSTBOURNE,PKWY,S,,HENDRIK,,,,,38.185508247,-85.606210592,8.678,5/16/2022 12:00:00 AM,2337,2,2,0,1,CLEAR,DRY,False,OPPOSING LEFT TURN,OPPOSING LEFT TURN,STRAIGHT & HILLCREST,DARK (UNKNOWN ROADWAY LIGHTING),,,5/18/2022 8:19:50 AM,False,5346,Accepted,
30108995,0568000,LOUISVILLE METRO POLICE DEPT,Accepted,JEFFERSON,I 0065,,I65 N COLLECTOR DISTRIBUTOR,,,,,,,,,38.256710968,-85.740991406,0.508,5/16/2022 12:00:00 AM,0912,2,2,0,0,CLEAR,DRY,False,SIDESWIPE COLLISION - SAME DIRECTION,SIDESWIPE-SAME DIRECTION,CURVE & LEVEL,DAYLIGHT,,,5/27/2022 7:43:45 AM,False,4903,Accepted,
30073055,0568000,LOUISVILLE METRO POLICE DEPT,Accepted,JEFFERSON,I 0065,,I65 N,,,,,,,,,38.088163365,-85.700825847,123.308,5/16/2022 12:00:00 AM,2214,2,2,0,0,CLEAR,DRY,True,SIDESWIPE COLLISION - SAME DIRECTION,SIDESWIPE-SAME DIRECTION,STRAIGHT & LEVEL,DARK-HWY NOT LIGHTED,,,5/18/2022 8:17:27 AM,False,5141,Accepted,
30068290,0568000,LOUISVILLE METRO POLICE DEPT,Accepted,JEFFERSON,I 0071,,I71 S,,,,,I 0071,I71 TURN AROUND6,I 0071,I71 S EXIT5 RAMP TO I264 W,38.296850177,-85.626019961,6.346,5/16/2022 12:00:00 AM,1122,2,2,0,0,CLEAR,DRY,False,SIDESWIPE COLLISION - SAME DIRECTION,SIDESWIPE-SAME DIRECTION,STRAIGHT & LEVEL,DAYLIGHT,,,5/17/2022 7:50:04 AM,False,7876,Accepted,
30068298,0568000,LOUISVILLE METRO POLICE DEPT,Accepted,JEFFERSON,KY0864,,BEULAH CHURCH,RD,,,,KY6324,MANSLICK,I 0265,I265 W EXIT15 ON RAMP FROM KY864,38.127368542,-85.614350708,3.554,5/16/2022 12:00:00 AM,1728,3,3,0,0,CLEAR,DRY,False,REAR END IN TRAFFIC LANES BOTH VEHICLES MOVING,REAR END,STRAIGHT & LEVEL,DAYLIGHT,,,5/17/2022 7:50:40 AM,False,6878,Accepted,
30068307,0568000,LOUISVILLE METRO POLICE DEPT,Accepted,JEFFERSON,KY1020,,NATIONAL,TPKE,,,,,,,,38.114943974,-85.748024279,2.865,5/16/2022 12:00:00 AM,1540,2,2,0,0,CLEAR,DRY,False,1 VEHICLE ENTERING/LEAVING ENTRANCE,ANGLE,STRAIGHT & LEVEL,DAYLIGHT,,,5/17/2022 7:51:12 AM,False,7234,Accepted,
30090996,0568000,LOUISVILLE METRO POLICE DEPT,Accepted,JEFFERSON,I 0264,,,,,,,,,,,38.202113698,-85.688656775,0.016,5/16/2022 12:00:00 AM,1631,4,4,0,0,CLEAR,DRY,False,OTHER RAMP RELATED COLLISIONS NOT LISTED ABOVE,REAR END,CURVE & GRADE,DAYLIGHT,I 0264,KY1703,5/23/2022 8:49:59 AM,False,2228,Accepted,
30128451,0568000,LOUISVILLE METRO POLICE DEPT,Accepted,JEFFERSON,,,SPRINGHURST,BLVD,,,CHAMPION FARMS,,,,,38.296653274,-85.560072271,0.213,5/16/2022 12:00:00 AM,1545,2,2,0,0,CLEAR,DRY,False,SIDESWIPE-SAME DIRECTION,SIDESWIPE-SAME DIRECTION,STRAIGHT & LEVEL,DAYLIGHT,,,6/1/2022 8:09:34 AM,False,5288,Accepted,
30167459,0568000,LOUISVILLE METRO POLICE DEPT,Accepted,JEFFERSON,KY0155,,TAYLORSVILLE,RD,,,TREVILIAN,,,,,38.223021558,-85.684801260,16.536,5/16/2022 12:00:00 AM,1223,2,2,0,1,CLEAR,DRY,False,OPPOSING LEFT TURN,OPPOSING LEFT TURN,STRAIGHT & LEVEL,DAYLIGHT,,,6/10/2022 10:07:47 AM,False,2100,Accepted,
30073090,0568000,LOUISVILLE METRO POLICE DEPT,Accepted,JEFFERSON,US0042,,BROWNSBORO,RD,,US0042,STORY,,,,,38.260459056,-85.719492960,0.832,5/16/2022 12:00:00 AM,2320,2,2,0,0,CLEAR,DRY,False,HEAD-ON COLLISION,HEAD ON,CURVE & LEVEL,DARK-HWY LIGHTED/ON,,,5/18/2022 8:19:59 AM,False,5316,Accepted,
30063337,0566900,LOUISVILLE AIRPORT POLICE,Accepted,JEFFERSON,,700,TERMINAL,DR,,,,,,,,38.188828384,-85.743954416,0.708,5/16/2022 12:00:00 AM,0047,2,2,0,0,RAINING,WET,False,COLLISION IN PARKING LOT,ANGLE,CURVE & LEVEL,DARK-HWY LIGHTED/ON,,,5/16/2022 7:35:16 AM,False,5883,Accepted,
30068299,0568000,LOUISVILLE METRO POLICE DEPT,Accepted,JEFFERSON,KY1020,,2ND,ST,S,,MAGNOLIA,,,,,38.228861587,-85.757999999,10.906,5/16/2022 12:00:00 AM,0829,2,2,0,0,CLEAR,DRY,False,COLLISION WITH PARKED VEHICLE,SIDESWIPE-SAME DIRECTION,STRAIGHT & LEVEL,DAYLIGHT,,,5/17/2022 7:50:44 AM,False,7495,Accepted,
30068305,0568000,LOUISVILLE METRO POLICE DEPT,Accepted,JEFFERSON,KY0864,,BEULAH CHURCH,RD,,,,KY2845,MANSLICK,I 0265,I265 WB EXIT15 ON RAMP FROM KY864,38.127149250,-85.614391285,3.539,5/16/2022 12:00:00 AM,1705,3,3,0,0,CLEAR,DRY,False,OTHER ROADWAY OR MID-BLOCK COLLISION,REAR END,STRAIGHT & LEVEL,DAYLIGHT,,,5/17/2022 7:51:03 AM,False,2506,Accepted,
30068314,0568000,LOUISVILLE METRO POLICE DEPT,Accepted,JEFFERSON,KY0155,,TAYLORSVILLE,RD,,,,,CAWEIN,,ARDEN,38.220921061,-85.643072683,14.269,5/16/2022 12:00:00 AM,1830,2,2,0,0,CLEAR,DRY,True,1 VEHICLE ENTERING/LEAVING ENTRANCE,ANGLE,STRAIGHT & LEVEL,DAYLIGHT,,,5/17/2022 7:51:46 AM,False,2816,Accepted,
30090920,0568000,LOUISVILLE METRO POLICE DEPT,Accepted,JEFFERSON,US0060A,,TAYLOR,BLVD,,,,,THORNBERRY,,HOMEVIEW,38.204562725,-85.778415648,2.124,5/16/2022 12:00:00 AM,1623,2,2,0,0,CLEAR,DRY,False,1 VEHICLE PARKED POSITION (NOT PARKING LOT/DRIVEWAY),SIDESWIPE-SAME DIRECTION,STRAIGHT & LEVEL,DAYLIGHT,,,5/23/2022 8:44:29 AM,False,7257,Accepted,
30063674,0568000,LOUISVILLE METRO POLICE DEPT,Accepted,JEFFERSON,KY1865,5611,NEW CUT,RD,,,,,,,,38.134715190,-85.773037865,1.895,5/16/2022 12:00:00 AM,0147,1,1,0,0,RAINING,WET,False,COLLISION WITH FIXED OBJECT NON - INTERSECTION - FIRST EVENT COLLISION 09 - 32 EXCLUDING 16,SINGLE VEHICLE,STRAIGHT & LEVEL,DARK-HWY LIGHTED/ON,,,5/16/2022 8:34:27 AM,False,5392,Accepted,
30073041,0568000,LOUISVILLE METRO POLICE DEPT,Accepted,JEFFERSON,I 0065,,I65 S,,,I 0065,I65 S EXIT134 ON RAMP FROM  ARTHUR ST,,,,,38.222850204,-85.751196111,133.646,5/16/2022 12:00:00 AM,1323,3,3,0,0,CLEAR,DRY,False,SIDESWIPE-SAME DIRECTION,SIDESWIPE-SAME DIRECTION,STRAIGHT & LEVEL,DAYLIGHT,,,5/18/2022 8:16:31 AM,False,5409,Accepted,
30073036,0568000,LOUISVILLE METRO POLICE DEPT,Accepted,JEFFERSON,I 0065,,I65 N,,,,,,,,,38.215133126,-85.752292388,133.112,5/16/2022 12:00:00 AM,2356,1,1,0,1,CLEAR,DRY,False,COLLISION WITH FIXED OBJECT NON - INTERSECTION - FIRST EVENT COLLISION 09 - 32 EXCLUDING 16,SINGLE VEHICLE,STRAIGHT & LEVEL,DARK-HWY NOT LIGHTED,,,5/18/2022 8:16:11 AM,False,5304,Accepted,
30068296,0568000,LOUISVILLE METRO POLICE DEPT,Accepted,JEFFERSON,,,BROOK,ST,S,,MUHAMMAD ALI,,,,,38.250461926,-85.751573471,3.106,5/16/2022 12:00:00 AM,0900,2,2,0,0,CLEAR,DRY,False,ANGLE COLLISION - ONE VEHICLE TURNING LEFT,ANGLE,STRAIGHT & LEVEL,DAYLIGHT,,,5/17/2022 7:50:29 AM,False,5331,Accepted,
30068293,0568000,LOUISVILLE METRO POLICE DEPT,Accepted,JEFFERSON,KY1747,,HURSTBOURNE,PKWY,S,,AMBROSSE,,,,,38.195901876,-85.603852047,9.386,5/16/2022 12:00:00 AM,1245,2,2,0,0,CLEAR,DRY,False,ANGLE COLLISION - OTHER,ANGLE,STRAIGHT & LEVEL,DAYLIGHT,,,5/17/2022 7:50:16 AM,False,4693,Accepted,
30096534,0561500,UNIV. OF LOUISVILLE POLICE,Accepted,JEFFERSON,KY1020,2200,3RD,ST,S,,,,,,,38.217047259,-85.761812064,10.083,5/16/2022 12:00:00 AM,1436,2,1,0,1,CLEAR,DRY,False,COLLISION WITH PEDESTRIAN NON - INTERSECTION,SINGLE VEHICLE,STRAIGHT & LEVEL,DAYLIGHT,,,5/24/2022 11:25:51 AM,False,5714,Accepted,
30063649,0568000,LOUISVILLE METRO POLICE DEPT,Accepted,JEFFERSON,KY0061,,PRESTON,HWY,,,,,BOERSTE,I 0265,I265 W EXIT12 ON RAMP FROM KY61 S,38.113332656,-85.675953273,2.089,5/15/2022 12:00:00 AM,1454,1,1,0,0,CLEAR,DRY,False,OTHER COLLISIONS ON SHOULDER,SINGLE VEHICLE,STRAIGHT & LEVEL,DAYLIGHT,,,5/16/2022 8:32:44 AM,False,7090,Accepted,
30063654,0568000,LOUISVILLE METRO POLICE DEPT,Accepted,JEFFERSON,,,FEGENBUSH,LN,,,BELRAD,,,,,38.180020864,-85.638663909,0.496,5/15/2022 12:00:00 AM,1641,2,2,0,0,CLEAR,DRY,True,OPPOSITE DIRECTION - BOTH VEHICLES GOING STRAIGHT AHEAD,SIDESWIPE-OPPOSITE DIRECTION,STRAIGHT & LEVEL,DAYLIGHT,,,5/16/2022 8:32:59 AM,False,7739,Accepted,
30063672,0568000,LOUISVILLE METRO POLICE DEPT,Accepted,JEFFERSON,KY0841,,GENE SNYDER,FWY,,,,,,,,38.117458613,-85.753300457,7.370,5/15/2022 12:00:00 AM,0247,3,2,1,0,CLEAR,DRY,False,COLLISION WITH PEDESTRIAN NON - INTERSECTION,SIDESWIPE-SAME DIRECTION,STRAIGHT & LEVEL,DARK-HWY LIGHTED/ON,,,5/16/2022 8:34:18 AM,False,6886,Accepted,
30077540,0568000,LOUISVILLE METRO POLICE DEPT,Accepted,JEFFERSON,US0031W,,MARKET,ST,W,,20TH,,,,,38.258168282,-85.783250972,20.379,5/15/2022 12:00:00 AM,1947,3,3,0,3,CLEAR,DRY,False,ANGLE COLLISION - OTHER,ANGLE,STRAIGHT & LEVEL,DUSK,,,5/19/2022 8:17:47 AM,False,5340,Accepted,
30077551,0568000,LOUISVILLE METRO POLICE DEPT,Accepted,JEFFERSON,,4004,POMEROY,DR,,,,,,,,38.201892060,-85.630966735,0.418,5/15/2022 12:00:00 AM,0800,2,2,0,0,CLEAR,DRY,True,1 VEHICLE PARKED POSITION (NOT PARKING LOT/DRIVEWAY),REAR END,STRAIGHT & LEVEL,DAYLIGHT,,,5/19/2022 8:19:06 AM,False,7475,Accepted,
30068284,0568000,LOUISVILLE METRO POLICE DEPT,Accepted,JEFFERSON,KY1020,,NATIONAL,TPKE,,KY0841,KY841 RAMP TO KY1020,,,,,38.119406084,-85.748069676,3.155,5/15/2022 12:00:00 AM,1712,2,2,0,0,CLEAR,DRY,False,OTHER INTERSECTION COLLISIONS,REAR END,CURVE & LEVEL,DAYLIGHT,,,5/17/2022 7:49:38 AM,False,7483,Accepted,
30063630,0568000,LOUISVILLE METRO POLICE DEPT,Accepted,JEFFERSON,,,MADISON,ST,W,,26TH,,,,,38.254104394,-85.794382789,1.196,5/15/2022 12:00:00 AM,0051,2,2,0,0,CLEAR,DRY,True,ANGLE COLLISION - ONE VEHICLE TURNING LEFT,ANGLE,STRAIGHT & LEVEL,DARK-HWY LIGHTED/ON,,,5/16/2022 8:31:18 AM,False,5300,Accepted,
30063656,0568000,LOUISVILLE METRO POLICE DEPT,Accepted,JEFFERSON,,,CENTRAL,AVE,,,,US0060A,TAYLOR,,MONTANA,38.206431140,-85.776330215,1.037,5/15/2022 12:00:00 AM,1327,2,2,0,1,CLEAR,DRY,False,OTHER ROADWAY OR MID-BLOCK COLLISION,OPPOSING LEFT TURN,STRAIGHT & LEVEL,DAYLIGHT,,,5/16/2022 8:33:06 AM,False,2745,Accepted,
30063666,0568000,LOUISVILLE METRO POLICE DEPT,Accepted,JEFFERSON,,1156,43RD,ST,S,,,,,,,38.264521524,-85.819067093,0.053,5/15/2022 12:00:00 AM,2017,1,1,0,0,CLEAR,DRY,False,OTHER ROADWAY OR MID-BLOCK COLLISION,SINGLE VEHICLE,STRAIGHT & LEVEL,DAYLIGHT,,,5/16/2022 8:33:56 AM,False,5416,Accepted,
30063652,0568000,LOUISVILLE METRO POLICE DEPT,Accepted,JEFFERSON,,7112,WOODROW,WAY,,,,,,,,38.145285967,-85.638081875,0.794,5/15/2022 12:00:00 AM,1710,1,1,0,0,CLEAR,DRY,False,COLLISION WITH FIXED OBJECT NON - INTERSECTION - FIRST EVENT COLLISION 09 - 32 EXCLUDING 16,SINGLE VEHICLE,STRAIGHT & HILLCREST,DAYLIGHT,,,5/16/2022 8:32:55 AM,False,7669,Accepted,
30063660,0568000,LOUISVILLE METRO POLICE DEPT,Accepted,JEFFERSON,,,SHELBY,ST,S,US0031E,MARKET,,,,,38.253286241,-85.738024746,0.090,5/15/2022 12:00:00 AM,1650,2,1,0,1,CLEAR,DRY,True,COLLISION WITH PEDESTRIAN IN INTERSECTION,SINGLE VEHICLE,STRAIGHT & LEVEL,DAYLIGHT,,,5/16/2022 8:33:27 AM,False,6360,Accepted,
30063669,0568000,LOUISVILLE METRO POLICE DEPT,Accepted,JEFFERSON,US0031E,,MARKET,ST,E,,SHELBY,,,,,38.253189733,-85.738050684,16.935,5/15/2022 12:00:00 AM,0232,2,2,0,0,CLEAR,DRY,False,VEHICLE BACKING IN INTERSECTION,BACKING,STRAIGHT & LEVEL,DARK-HWY LIGHTED/ON,,,5/16/2022 8:34:07 AM,False,5300,Accepted,
30063659,0568000,LOUISVILLE METRO POLICE DEPT,Accepted,JEFFERSON,US0060A,,GRINSTEAD,DR,,,,,ETLEY,,LEXINGTON,38.244981905,-85.702544297,7.943,5/15/2022 12:00:00 AM,1753,2,2,0,0,CLEAR,DRY,False,1 VEHICLE ENTERING/LEAVING ENTRANCE,ANGLE,STRAIGHT & LEVEL,DAYLIGHT,,,5/16/2022 8:33:21 AM,False,7129,Accepted,
30063643,0568000,LOUISVILLE METRO POLICE DEPT,Accepted,JEFFERSON,,,APPLEGATE,LN,,,SHEPHERDSVILLE,,,,,38.134719927,-85.658948467,,5/15/2022 12:00:00 AM,0904,2,2,0,1,CLEAR,DRY,False,ANGLE COLLISION - OTHER,ANGLE,STRAIGHT & LEVEL,DAYLIGHT,,,5/16/2022 8:32:14 AM,False,7465,Accepted,
30060092,0560300,ST. MATTHEWS POLICE DEPARTMENT,Accepted,JEFFERSON,I 0064,,I64 E,,,,,,,,,38.235925562,-85.645944474,11.219,5/15/2022 12:00:00 AM,0230,1,1,0,0,CLEAR,DRY,True,OTHER COLLISIONS ON SHOULDER,SINGLE VEHICLE,STRAIGHT & LEVEL,DARK-HWY NOT LIGHTED,,,5/15/2022 4:50:56 AM,False,9146,Accepted,
30063632,0568000,LOUISVILLE METRO POLICE DEPT,Accepted,JEFFERSON,I 0265,,I265 E,,,,,,,,,38.112617085,-85.691478578,10.815,5/15/2022 12:00:00 AM,0512,2,2,0,0,CLEAR,DRY,True,SIDESWIPE COLLISION - SAME DIRECTION,SIDESWIPE-SAME DIRECTION,STRAIGHT & LEVEL,DARK-HWY LIGHTED/ON,,,5/16/2022 8:31:30 AM,False,7100,Accepted,
30063650,0568000,LOUISVILLE METRO POLICE DEPT,Accepted,JEFFERSON,,2512,MADISON,ST,W,,,,,,,38.253915770,-85.792487203,1.092,5/15/2022 12:00:00 AM,1544,2,2,0,0,CLEAR,DRY,False,1 VEHICLE PARKED POSITION (NOT PARKING LOT/DRIVEWAY),SIDESWIPE-OPPOSITE DIRECTION,STRAIGHT & LEVEL,DAYLIGHT,,,5/16/2022 8:32:48 AM,False,5124,Accepted,
30063644,0568000,LOUISVILLE METRO POLICE DEPT,Accepted,JEFFERSON,KY1020,,3RD,ST,S,,,,,,,38.235147041,-85.758624654,11.337,5/15/2022 12:00:00 AM,1217,2,2,0,0,CLEAR,DRY,True,SIDESWIPE COLLISION - SAME DIRECTION,SIDESWIPE-SAME DIRECTION,STRAIGHT & LEVEL,DAYLIGHT,,,5/16/2022 8:32:20 AM,False,5258,Accepted,
30063670,0568000,LOUISVILLE METRO POLICE DEPT,Accepted,JEFFERSON,,4515,BELLEVUE,AVE,,,,,,,,38.186825880,-85.773853158,0.813,5/15/2022 12:00:00 AM,1858,1,1,0,1,CLEAR,DRY,True,COLLISION WITH FIXED OBJECT NON - INTERSECTION - FIRST EVENT COLLISION 09 - 32 EXCLUDING 16,SINGLE VEHICLE,STRAIGHT & LEVEL,DUSK,,,5/16/2022 8:34:11 AM,False,5236,Accepted,
30081838,0568000,LOUISVILLE METRO POLICE DEPT,Accepted,JEFFERSON,,,OAK,ST,W,,4TH,,,,,38.235039015,-85.760325117,0.271,5/15/2022 12:00:00 AM,0320,2,2,1,1,CLEAR,DRY,False,ANGLE COLLISION - OTHER,ANGLE,STRAIGHT & LEVEL,DARK-HWY LIGHTED/ON,,,5/20/2022 9:19:15 AM,False,7720,Accepted,
30068311,0568000,LOUISVILLE METRO POLICE DEPT,Accepted,JEFFERSON,,817,33RD,ST,S,,,,,,,38.247276060,-85.807387474,0.108,5/15/2022 12:00:00 AM,1650,1,1,0,0,CLEAR,DRY,True,COLLISION WITH FIXED OBJECT NON - INTERSECTION - FIRST EVENT COLLISION 09 - 32 EXCLUDING 16,SINGLE VEHICLE,STRAIGHT & LEVEL,DAYLIGHT,,,5/17/2022 7:51:41 AM,False,7538,Accepted,
30063664,0568000,LOUISVILLE METRO POLICE DEPT,Accepted,JEFFERSON,,5019,3RD,ST,S,,,,,,,38.173349922,-85.767689479,1.759,5/15/2022 12:00:00 AM,1414,1,1,0,0,CLEAR,DRY,False,COLLISION WITH FIXED OBJECT NON - INTERSECTION - FIRST EVENT COLLISION 09 - 32 EXCLUDING 16,SINGLE VEHICLE,STRAIGHT & LEVEL,DAYLIGHT,,,5/16/2022 8:33:43 AM,False,7455,Accepted,
30063647,0568000,LOUISVILLE METRO POLICE DEPT,Accepted,JEFFERSON,I 0265,,,,,,,,,,,38.143622070,-85.584040724,0.395,5/15/2022 12:00:00 AM,1516,2,2,0,0,CLEAR,DRY,False,OTHER RAMP RELATED COLLISIONS NOT LISTED ABOVE,REAR END,STRAIGHT & GRADE,DAYLIGHT,I 0265,US31E,5/16/2022 8:32:37 AM,False,7698,Accepted,
30063673,0568000,LOUISVILLE METRO POLICE DEPT,Accepted,JEFFERSON,I 0064,,I64 W,,,,,I 0064,I265 S EXIT25B RAMP TO I64 W,I 0064,I64 W EXIT17 OFF RAMP TO KY913,38.223259573,-85.517830969,18.258,5/15/2022 12:00:00 AM,2111,1,1,0,0,CLEAR,DRY,False,COLLISION WITH ANIMAL NON INTERSECTION,SINGLE VEHICLE,STRAIGHT & LEVEL,DARK-HWY LIGHTED/ON,,,5/16/2022 8:34:22 AM,False,7440,Accepted,
30063645,0568000,LOUISVILLE METRO POLICE DEPT,Accepted,JEFFERSON,KY0907,9722,3RD ST,RD,,,,,,,,38.115193034,-85.834011639,2.157,5/15/2022 12:00:00 AM,1220,1,1,0,0,CLEAR,DRY,False,COLLISION WITH FIXED OBJECT NON - INTERSECTION - FIRST EVENT COLLISION 09 - 32 EXCLUDING 16,SINGLE VEHICLE,STRAIGHT & HILLCREST,DAYLIGHT,,,5/16/2022 8:32:28 AM,False,7496,Accepted,
30063668,0568000,LOUISVILLE METRO POLICE DEPT,Accepted,JEFFERSON,I 0264,11.8,I264 W,,,,,,,,,38.190077692,-85.739977004,11.533,5/15/2022 12:00:00 AM,1919,1,1,0,1,CLEAR,DRY,False,COLLISION WITH FIXED OBJECT NON - INTERSECTION - FIRST EVENT COLLISION 09 - 32 EXCLUDING 16,SINGLE VEHICLE,STRAIGHT & LEVEL,DAYLIGHT,,,5/16/2022 8:34:03 AM,False,5316,Accepted,
30063658,0568000,LOUISVILLE METRO POLICE DEPT,Accepted,JEFFERSON,,,4TH,ST,S,,YORK,,,,,38.244257168,-85.758708924,0.861,5/15/2022 12:00:00 AM,1508,2,2,0,0,CLEAR,DRY,False,ANGLE COLLISION - OTHER,ANGLE,STRAIGHT & LEVEL,DAYLIGHT,,,5/16/2022 8:33:17 AM,False,7132,Accepted,
30068283,0568000,LOUISVILLE METRO POLICE DEPT,Accepted,JEFFERSON,KY1020,7250,NATIONAL,TPKE,,,,,,,,38.141633221,-85.754746226,4.712,5/15/2022 12:00:00 AM,1243,2,2,0,2,CLEAR,DRY,False,1 VEHICLE ENTERING/LEAVING ENTRANCE,ANGLE,STRAIGHT & LEVEL,DAYLIGHT,,,5/17/2022 7:49:34 AM,False,7483,Accepted,
30063642,0568000,LOUISVILLE METRO POLICE DEPT,Accepted,JEFFERSON,KY1020,,2ND,ST,S,,JEFFERSON,,,,,38.253636484,-85.753833103,12.637,5/15/2022 12:00:00 AM,1036,3,3,0,1,CLEAR,DRY,False,OTHER INTERSECTION COLLISIONS,REAR END,STRAIGHT & LEVEL,DAYLIGHT,,,5/16/2022 8:32:10 AM,False,5407,Accepted,
30063648,0568000,LOUISVILLE METRO POLICE DEPT,Accepted,JEFFERSON,,7626,MANSLICK,RD,,,,,,,,38.141064473,-85.793334649,0.865,5/15/2022 12:00:00 AM,1222,1,1,0,0,CLEAR,DRY,True,COLLISION WITH FIXED OBJECT NON - INTERSECTION - FIRST EVENT COLLISION 09 - 32 EXCLUDING 16,SINGLE VEHICLE,CURVE & HILLCREST,DAYLIGHT,,,5/16/2022 8:32:41 AM,False,7331,Accepted,
30063655,0568000,LOUISVILLE METRO POLICE DEPT,Accepted,JEFFERSON,,,2ND,ST,S,,LANSING,,,,,38.192578513,-85.763186668,1.575,5/15/2022 12:00:00 AM,0935,2,2,0,1,CLEAR,DRY,True,ANGLE COLLISION - OTHER,ANGLE,STRAIGHT & LEVEL,DAYLIGHT,,,5/16/2022 8:33:03 AM,False,2745,Accepted,
30063665,0568000,LOUISVILLE METRO POLICE DEPT,Accepted,JEFFERSON,,,PEACHTREE,AVE,,,ASHLAND,,,,,38.186457863,-85.781172226,0.804,5/15/2022 12:00:00 AM,1835,2,2,0,0,CLEAR,DRY,False,ANGLE COLLISION - OTHER,ANGLE,STRAIGHT & LEVEL,DAYLIGHT,,,5/16/2022 8:33:49 AM,False,7455,Accepted,
30073077,0568000,LOUISVILLE METRO POLICE DEPT,Accepted,JEFFERSON,US0150,,BROADWAY,,W,US0031W,DR W J HODGE,,,,,38.249222292,-85.786560666,0.821,5/15/2022 12:00:00 AM,1850,2,2,0,1,CLEAR,DRY,True,ANGLE COLLISION - OTHER,ANGLE,STRAIGHT & LEVEL,DAYLIGHT,,,5/18/2022 8:18:47 AM,False,5135,Accepted,
30063661,0568000,LOUISVILLE METRO POLICE DEPT,Accepted,JEFFERSON,,,RIVER,RD,,,,,PRESTON,,WITHERSPOON,38.260763541,-85.741054398,0.333,5/15/2022 12:00:00 AM,1840,2,2,0,0,CLEAR,DRY,False,OTHER ROADWAY OR MID-BLOCK COLLISION,REAR END,STRAIGHT & LEVEL,DAYLIGHT,,,5/16/2022 8:33:32 AM,False,6360,Accepted,
30158507,0568000,LOUISVILLE METRO POLICE DEPT,Accepted,JEFFERSON,KY1747,,HURSTBOURNE,PKWY,N,,,,BLOSSOM,KY1447,WESTPORT,38.288611509,-85.573229248,17.126,5/15/2022 12:00:00 AM,1350,2,1,0,0,CLOUDY,DRY,False,1 VEHICLE ENTERING/LEAVING ENTRANCE,ANGLE,STRAIGHT & LEVEL,DAYLIGHT,,,5/23/2022 8:49:46 AM,False,2013,Accepted,
30063581,0568000,LOUISVILLE METRO POLICE DEPT,Accepted,JEFFERSON,KY1931,,MANSLICK,RD,,,MANSLICK,,,,,38.191676123,-85.800919343,8.105,5/14/2022 12:00:00 AM,1231,2,2,0,0,CLEAR,DRY,False,ANGLE COLLISION - OTHER,ANGLE,STRAIGHT & LEVEL,DAYLIGHT,,,5/16/2022 8:29:01 AM,False,5252,Accepted,
30063638,0568000,LOUISVILLE METRO POLICE DEPT,Accepted,JEFFERSON,,537,ST CATHERINE,ST,W,,,,,,,38.237493262,-85.760969594,0.307,5/14/2022 12:00:00 AM,0838,3,3,0,0,CLEAR,DRY,False,1 VEHICLE PARKED POSITION (NOT PARKING LOT/DRIVEWAY),SIDESWIPE-SAME DIRECTION,STRAIGHT & LEVEL,DAYLIGHT,,,5/16/2022 8:31:59 AM,False,5258,Accepted,