IncidentID,AgencyORI,AgencyName,IncidentStatusDesc,County,RdwyNumber,Street,RoadwayName,StreetSfx,StreetDir,IntersectionRdwy,IntersectionRdwyName,BetweenStRdwy1,BetweenStRdwyName1,BetweenStRdwy2,BetweenStRdwyName2,Latitude,Longitude,Milepoint,CollisionDate,CollisionTime,UnitsInvolved,MotorVehiclesInvolved,NumberKilled,NumberInjured,Weather,RdwyConditionCode,HitandRun,DirAnalysisCode,MannerofCollision,RdwyCharacter,LightCondition,RampFromRdwyId,RampToRdwyId,AcceptedDate,IsSecondaryCollision,OwnerBadge,IncidentStatus,
30063617,0568000,LOUISVILLE METRO POLICE DEPT,Accepted,JEFFERSON,KY0864,,FEGENBUSH,LN,,,FENWICK,,,,,38.155212215,-85.636389047,6.085,5/14/2022 12:00:00 AM,1912,1,1,0,2,CLEAR,WET,False,COLLISION WITH FIXED OBJECT IN INTERSECTION - FIRST EVENT COLLISION 09 - 32,SINGLE VEHICLE,CURVE & LEVEL,DAYLIGHT,,,5/16/2022 8:30:11 AM,False,5138,Accepted,
30063623,0568000,LOUISVILLE METRO POLICE DEPT,Accepted,JEFFERSON,US0031E,5721,BARDSTOWN,RD,,,,,FAIRGROUND,,SETTLERS TRACE,38.162508768,-85.595310350,6.529,5/14/2022 12:00:00 AM,2245,2,2,0,2,CLOUDY,DRY,False,SIDESWIPE COLLISION - SAME DIRECTION,SIDESWIPE-SAME DIRECTION,STRAIGHT & LEVEL,DARK-HWY NOT LIGHTED,,,5/16/2022 8:30:52 AM,False,6028,Accepted,
30100709,0568000,LOUISVILLE METRO POLICE DEPT,Accepted,JEFFERSON,KY0864,,SHELBY,ST,S,,ST CATHERINE,,,,,38.235382125,-85.741129215,14.840,5/14/2022 12:00:00 AM,1927,2,2,0,1,CLOUDY,DRY,True,SIDESWIPE-SAME DIRECTION,SIDESWIPE-SAME DIRECTION,STRAIGHT & LEVEL,DAYLIGHT,,,5/25/2022 8:15:19 AM,False,5373,Accepted,
30063613,0568000,LOUISVILLE METRO POLICE DEPT,Accepted,JEFFERSON,I 0064,,I64 W,,,I 0064,I64 W EXIT12 RAMP TO I264 E,,,,,38.234670944,-85.613251950,12.906,5/14/2022 12:00:00 AM,1515,2,2,0,0,RAINING,WATER (STANDING OR MOVING),False,OTHER INTERSECTION COLLISIONS,REAR END,STRAIGHT & GRADE,DAYLIGHT,,,5/16/2022 8:29:56 AM,False,6456,Accepted,
30063627,0568000,LOUISVILLE METRO POLICE DEPT,Accepted,JEFFERSON,,,FEGENBUSH,LN,,,JETT THOMAS,,,,,38.176424896,-85.638977413,0.746,5/14/2022 12:00:00 AM,2311,2,2,0,0,CLOUDY,WET,False,HEAD-ON COLLISION,HEAD ON,STRAIGHT & LEVEL,DARK (UNKNOWN ROADWAY LIGHTING),,,5/16/2022 8:31:06 AM,False,5336,Accepted,
30063586,0568000,LOUISVILLE METRO POLICE DEPT,Accepted,JEFFERSON,KY1747,,HURSTBOURNE,PKWY,S,,HENDRIK,,,,,38.185537499,-85.606155757,8.685,5/14/2022 12:00:00 AM,1201,3,3,0,0,CLEAR,DRY,False,OPPOSING LEFT TURN,OPPOSING LEFT TURN,STRAIGHT & LEVEL,DAYLIGHT,,,5/16/2022 8:29:08 AM,False,7739,Accepted,
30063619,0568000,LOUISVILLE METRO POLICE DEPT,Accepted,JEFFERSON,I 0065,,I65 N,,,,,I 0065,I65 N EXIT131 OFF RAMP TO  FREEDOM WAY N,I 0065,I65 N EXIT131A OFF RAMP,38.183687767,-85.723202786,130.170,5/14/2022 12:00:00 AM,1810,1,1,0,1,RAINING,WET,False,OTHER COLLISIONS ON SHOULDER,SINGLE VEHICLE,CURVE & GRADE,DAYLIGHT,,,5/16/2022 8:30:33 AM,False,7527,Accepted,
30063622,0568000,LOUISVILLE METRO POLICE DEPT,Accepted,JEFFERSON,US0042,,BROWNSBORO,RD,,,POPE,,,,,38.259881874,-85.714883718,1.129,5/14/2022 12:00:00 AM,1909,1,1,0,1,RAINING,WET,False,OTHER INTERSECTION COLLISIONS,SINGLE VEHICLE,STRAIGHT & LEVEL,DAYLIGHT,,,5/16/2022 8:30:48 AM,False,7049,Accepted,
30063629,0568000,LOUISVILLE METRO POLICE DEPT,Accepted,JEFFERSON,KY1447,,WESTPORT,RD,,,EAGLE NEST,,,,,38.275455520,-85.606292782,3.189,5/14/2022 12:00:00 AM,2338,2,2,0,0,CLEAR,DRY,False,ANGLE COLLISION - ONE VEHICLE TURNING LEFT,ANGLE,STRAIGHT & GRADE,DARK-HWY LIGHTED/ON,,,5/16/2022 8:31:11 AM,False,7984,Accepted,
30063563,0568000,LOUISVILLE METRO POLICE DEPT,Accepted,JEFFERSON,KY1934,,CANE RUN,RD,,,LINDA,,,,,38.211131634,-85.822409410,10.335,5/14/2022 12:00:00 AM,0220,1,1,0,0,CLEAR,DRY,True,COLLISION WITH FIXED OBJECT IN INTERSECTION - FIRST EVENT COLLISION 09 - 32,SINGLE VEHICLE,STRAIGHT & LEVEL,DARK-HWY LIGHTED/ON,,,5/16/2022 8:28:19 AM,False,5360,Accepted,
30095826,0568000,LOUISVILLE METRO POLICE DEPT,Accepted,JEFFERSON,,,CHESTNUT,ST,W,,1ST,,,,,38.248407624,-85.752930631,2.635,5/14/2022 12:00:00 AM,1305,2,2,0,2,CLEAR,DRY,False,ANGLE COLLISION - OTHER,ANGLE,STRAIGHT & LEVEL,DAYLIGHT,,,5/24/2022 8:10:52 AM,False,5168,Accepted,
30100710,0568000,LOUISVILLE METRO POLICE DEPT,Accepted,JEFFERSON,,,1ST,ST,S,,HILL,,,,,38.225531381,-85.756948656,2.127,5/14/2022 12:00:00 AM,0534,2,2,0,0,CLEAR,DRY,True,HEAD-ON COLLISION,HEAD ON,STRAIGHT & LEVEL,DARK-HWY LIGHTED/ON,,,5/25/2022 8:15:23 AM,False,5373,Accepted,
30063559,0568000,LOUISVILLE METRO POLICE DEPT,Accepted,JEFFERSON,,,4TH,ST,S,,,,,,,38.225834021,-85.761915394,2.144,5/14/2022 12:00:00 AM,0251,3,3,0,0,CLEAR,DRY,False,1 VEHICLE PARKED POSITION (NOT PARKING LOT/DRIVEWAY),ANGLE,STRAIGHT & LEVEL,DAWN,,,5/16/2022 8:28:06 AM,False,5302,Accepted,
30063601,0568000,LOUISVILLE METRO POLICE DEPT,Accepted,JEFFERSON,,,HILL,ST,W,KY1020,2ND,,,,,38.225504183,-85.758643914,0.030,5/14/2022 12:00:00 AM,1333,2,2,0,1,CLEAR,DRY,False,COLLISION WITH PARKED VEHICLE,ANGLE,STRAIGHT & LEVEL,DAYLIGHT,,,5/16/2022 8:29:37 AM,False,5301,Accepted,
30063626,0568000,LOUISVILLE METRO POLICE DEPT,Accepted,JEFFERSON,KY1020,10510,NATIONAL,TPKE,,,,,,,,38.097175434,-85.738185106,1.382,5/14/2022 12:00:00 AM,0237,1,1,0,0,CLEAR,DRY,True,OTHER COLLISIONS ON SHOULDER,SINGLE VEHICLE,CURVE & LEVEL,DARK-HWY LIGHTED/ON,,,5/16/2022 8:31:01 AM,False,5209,Accepted,
30063651,0568000,LOUISVILLE METRO POLICE DEPT,Accepted,JEFFERSON,,,ROWAN,ST,,US0150,22ND,,,,,38.261262468,-85.786070415,0.966,5/14/2022 12:00:00 AM,1517,2,2,0,0,CLOUDY,DRY,False,ANGLE COLLISION - OTHER,ANGLE,STRAIGHT & LEVEL,DAYLIGHT,,,5/16/2022 8:32:51 AM,False,5407,Accepted,
30063590,0568000,LOUISVILLE METRO POLICE DEPT,Accepted,JEFFERSON,,561,BLANKENBAKER,LN,,,,,,,,38.287332922,-85.665744860,1.724,5/14/2022 12:00:00 AM,1430,1,1,0,1,CLEAR,DRY,False,COLLISION WITH FIXED OBJECT NON - INTERSECTION - FIRST EVENT COLLISION 09 - 32 EXCLUDING 16,SINGLE VEHICLE,STRAIGHT & GRADE,DAYLIGHT,,,5/16/2022 8:29:15 AM,False,7023,Accepted,
30063607,0568000,LOUISVILLE METRO POLICE DEPT,Accepted,JEFFERSON,,,ROWAN,ST,,,15TH,,,,,38.259973634,-85.774498742,0.330,5/14/2022 12:00:00 AM,1415,2,2,0,0,CLOUDY,DRY,False,ANGLE COLLISION - OTHER,ANGLE,STRAIGHT & LEVEL,DAYLIGHT,,,5/16/2022 8:29:45 AM,False,7325,Accepted,
30063614,0568000,LOUISVILLE METRO POLICE DEPT,Accepted,JEFFERSON,,,BROOK,ST,S,,,I 0065,I65 NB EXIT136A OFF RAMP TOS BROOK ST,US0150,BROADWAY,38.245428283,-85.751750368,2.564,5/14/2022 12:00:00 AM,1745,2,2,0,0,RAINING,WET,False,1 VEHICLE ENTERING/LEAVING ENTRANCE,ANGLE,STRAIGHT & LEVEL,DAYLIGHT,,,5/16/2022 8:30:00 AM,False,6360,Accepted,
30063633,0568000,LOUISVILLE METRO POLICE DEPT,Accepted,JEFFERSON,,,LINDSAY,AVE,,,LINDSAY,,,,,38.261017069,-85.705272249,0.161,5/14/2022 12:00:00 AM,2246,1,1,0,0,CLOUDY,WET,False,COLLISION WITH FIXED OBJECT IN INTERSECTION - FIRST EVENT COLLISION 09 - 32,SINGLE VEHICLE,CURVE & HILLCREST,DARK-HWY NOT LIGHTED,,,5/16/2022 8:31:36 AM,False,5116,Accepted,
30063549,0568000,LOUISVILLE METRO POLICE DEPT,Accepted,JEFFERSON,,805,FLICKER,RD,,,,,,,,38.130762849,-85.781533662,0.138,5/14/2022 12:00:00 AM,0315,1,1,0,0,CLEAR,DRY,False,COLLISION WITH FIXED OBJECT NON - INTERSECTION - FIRST EVENT COLLISION 09 - 32 EXCLUDING 16,SINGLE VEHICLE,STRAIGHT & LEVEL,DARK (UNKNOWN ROADWAY LIGHTING),,,5/16/2022 8:27:14 AM,False,5312,Accepted,
30063558,0568000,LOUISVILLE METRO POLICE DEPT,Accepted,JEFFERSON,,4528,3RD,ST,S,,,,,,,38.187652392,-85.765142354,0.894,5/14/2022 12:00:00 AM,0454,1,1,0,0,CLEAR,DRY,False,COLLISION WITH FIXED OBJECT NON - INTERSECTION - FIRST EVENT COLLISION 09 - 32 EXCLUDING 16,SINGLE VEHICLE,STRAIGHT & LEVEL,DARK-HWY LIGHTED/ON,,,5/16/2022 8:28:00 AM,False,5236,Accepted,
30077530,0568000,LOUISVILLE METRO POLICE DEPT,Accepted,JEFFERSON,I 0071,,I71 N,,,,,,,,,38.294858761,-85.629241406,6.129,5/14/2022 12:00:00 AM,1252,2,2,0,1,CLEAR,DRY,False,OTHER ROADWAY OR MID-BLOCK COLLISION,REAR TO REAR,CURVE & LEVEL,DAYLIGHT,,,5/19/2022 8:17:15 AM,False,7615,Accepted,
30063657,0568000,LOUISVILLE METRO POLICE DEPT,Accepted,JEFFERSON,I 0065,,I65 S COLLECTOR DISTRIBUTOR,,,,,,,,,38.259335956,-85.742264876,1.012,5/14/2022 12:00:00 AM,1955,2,2,0,0,CLEAR,DRY,False,OTHER COLLISIONS ON SHOULDER,REAR TO REAR,CURVE & HILLCREST,DAYLIGHT,,,5/16/2022 8:33:10 AM,False,7560,Accepted,
30063616,0568000,LOUISVILLE METRO POLICE DEPT,Accepted,JEFFERSON,,,BUECHEL BANK,RD,,,BRUCE,,,,,38.190531209,-85.647725403,0.129,5/14/2022 12:00:00 AM,1326,2,2,0,0,CLEAR,DRY,True,HEAD-ON COLLISION,HEAD ON,STRAIGHT & LEVEL,DAYLIGHT,,,5/16/2022 8:30:05 AM,False,7294,Accepted,
30063625,0568000,LOUISVILLE METRO POLICE DEPT,Accepted,JEFFERSON,KY1747,,HURSTBOURNE,PKWY,S,,,US0031E,BARDSTOWN,,STONY BROOK,38.169383199,-85.605008926,7.513,5/14/2022 12:00:00 AM,2350,2,2,0,0,CLOUDY,WET,False,SIDESWIPE COLLISION - SAME DIRECTION,SIDESWIPE-SAME DIRECTION,STRAIGHT & HILLCREST,DARK-HWY LIGHTED/ON,,,5/16/2022 8:30:56 AM,False,7730,Accepted,
30077546,0568000,LOUISVILLE METRO POLICE DEPT,Accepted,JEFFERSON,KY1865,,TAYLOR,BLVD,,,ASHLAND,,,,,38.186697381,-85.783874200,5.535,5/14/2022 12:00:00 AM,1929,2,2,0,1,CLEAR,DRY,False,ANGLE COLLISION - OTHER,ANGLE,STRAIGHT & LEVEL,DAYLIGHT,,,5/19/2022 8:18:22 AM,False,5205,Accepted,
30060848,0565000,LYNDON POLICE DEPARTMENT,Accepted,JEFFERSON,KY1747,,HURSTBOURNE,PKWY,N,,,,,,,38.252938967,-85.579690575,13.982,5/14/2022 12:00:00 AM,0620,1,1,0,0,CLEAR,DRY,False,COLLISION IN PARKING LOT,SINGLE VEHICLE,STRAIGHT & LEVEL,DUSK,,,5/15/2022 3:09:17 PM,False,1392,Accepted,
30063611,0568000,LOUISVILLE METRO POLICE DEPT,Accepted,JEFFERSON,KY1703,,NEWBURG,RD,,,INDIAN,,,,,38.184669197,-85.665270250,0.499,5/14/2022 12:00:00 AM,1420,2,2,0,3,RAINING,WET,False,ANGLE COLLISION - OTHER,ANGLE,STRAIGHT & LEVEL,DAYLIGHT,,,5/16/2022 8:29:50 AM,False,5146,Accepted,
30063621,0568000,LOUISVILLE METRO POLICE DEPT,Accepted,JEFFERSON,,,26TH,ST,S,,BROADWAY,,,,,38.249442180,-85.794977110,0.777,5/14/2022 12:00:00 AM,2050,2,2,0,1,CLEAR,DRY,True,ANGLE COLLISION - OTHER,ANGLE,STRAIGHT & LEVEL,DARK-HWY LIGHTED/ON,,,5/16/2022 8:30:44 AM,False,5271,Accepted,
30063547,0568000,LOUISVILLE METRO POLICE DEPT,Accepted,JEFFERSON,US0031W,,22ND,ST,S,,LEE,,,,,38.227145068,-85.793557735,18.024,5/14/2022 12:00:00 AM,0215,2,2,0,1,CLEAR,DRY,False,OPPOSING LEFT TURN,OPPOSING LEFT TURN,STRAIGHT & LEVEL,DARK-HWY LIGHTED/ON,,,5/16/2022 8:27:06 AM,False,5416,Accepted,
30063592,0568000,LOUISVILLE METRO POLICE DEPT,Accepted,JEFFERSON,KY1932,3000,BRECKENRIDGE,LN,,,,,,CS1672G,CHURCHILL PARK,38.216729902,-85.627691899,2.582,5/14/2022 12:00:00 AM,1042,1,1,0,0,CLEAR,WET,True,COLLISION IN PARKING LOT,SINGLE VEHICLE,,DAYLIGHT,,,5/16/2022 8:29:20 AM,False,7482,Accepted,
30063631,0568000,LOUISVILLE METRO POLICE DEPT,Accepted,JEFFERSON,US0031W,,22ND,ST,S,,JEFFERSON,,,,,38.257182282,-85.786816137,20.109,5/14/2022 12:00:00 AM,1900,3,3,0,1,CLEAR,WET,False,ANGLE COLLISION - OTHER,ANGLE,STRAIGHT & LEVEL,DAYLIGHT,,,5/16/2022 8:31:23 AM,False,5135,Accepted,
30063637,0568000,LOUISVILLE METRO POLICE DEPT,Accepted,JEFFERSON,KY1020,,NATIONAL,TPKE,,,GLENGARRY,,,,,38.123645436,-85.748441422,3.447,5/14/2022 12:00:00 AM,1422,2,2,0,0,CLEAR,DRY,False,ANGLE COLLISION - ONE VEHICLE TURNING LEFT,ANGLE,STRAIGHT & LEVEL,DAYLIGHT,,,5/16/2022 8:31:55 AM,False,7483,Accepted,
30063646,0568000,LOUISVILLE METRO POLICE DEPT,Accepted,JEFFERSON,KY1934,,GREENBELT,HWY,,,TRADE PORT,,,,,38.125410621,-85.893030942,2.880,5/14/2022 12:00:00 AM,0832,2,2,0,2,CLEAR,DRY,False,OPPOSING LEFT TURN,OPPOSING LEFT TURN,STRAIGHT & LEVEL,DAYLIGHT,,,5/16/2022 8:32:32 AM,False,2311,Accepted,
30063545,0568000,LOUISVILLE METRO POLICE DEPT,Accepted,JEFFERSON,KY1450,,BLUE LICK,RD,,,FREEDOM,,,,,38.113405444,-85.689548936,1.968,5/14/2022 12:00:00 AM,0051,1,1,0,0,CLEAR,DRY,False,COLLISION WITH FIXED OBJECT IN INTERSECTION - FIRST EVENT COLLISION 09 - 32,SINGLE VEHICLE,STRAIGHT & LEVEL,DARK-HWY LIGHTED/ON,,,5/16/2022 8:27:00 AM,False,5040,Accepted,
30063552,0568000,LOUISVILLE METRO POLICE DEPT,Accepted,JEFFERSON,KY1703,,BAXTER,AVE,,,ELLWOOD,,,,,38.236793577,-85.721564765,5.406,5/14/2022 12:00:00 AM,0350,2,2,0,1,CLEAR,DRY,False,ANGLE COLLISION - OTHER,ANGLE,STRAIGHT & LEVEL,DARK-HWY LIGHTED/ON,,,5/16/2022 8:27:23 AM,False,5274,Accepted,
30063555,0568000,LOUISVILLE METRO POLICE DEPT,Accepted,JEFFERSON,,,ASHBY,LN,,,RANCHO,,,,,38.105093095,-85.875505852,0.350,5/14/2022 12:00:00 AM,0015,2,1,0,1,CLEAR,DRY,True,COLLISION WITH PEDESTRIAN IN INTERSECTION,SINGLE VEHICLE,STRAIGHT & GRADE,DARK-HWY LIGHTED/ON,,,5/16/2022 8:27:30 AM,False,5033,Accepted,
30063596,0568000,LOUISVILLE METRO POLICE DEPT,Accepted,JEFFERSON,,,RIVER,RD,,,SHIRLEY,,,,,38.343517437,-85.620822742,6.459,5/14/2022 12:00:00 AM,1501,2,2,0,0,RAINING,WET,False,ANGLE COLLISION - OTHER,ANGLE,STRAIGHT & LEVEL,DAYLIGHT,,,5/16/2022 8:29:27 AM,False,7436,Accepted,
30063509,0568000,LOUISVILLE METRO POLICE DEPT,Accepted,JEFFERSON,,,NORFOLK,DR,,,FEGENBUSH,,,,,38.183904169,-85.638357351,0.002,5/13/2022 12:00:00 AM,,1,1,0,0,CLEAR,DRY,True,COLLISION WITH FIXED OBJECT IN INTERSECTION - FIRST EVENT COLLISION 09 - 32,SINGLE VEHICLE,STRAIGHT & LEVEL,DAYLIGHT,,,5/16/2022 8:24:12 AM,False,7739,Accepted,
30063525,0568000,LOUISVILLE METRO POLICE DEPT,Accepted,JEFFERSON,I 0264,,,,,,,,,,,38.252949830,-85.805740384,0.170,5/13/2022 12:00:00 AM,1643,2,2,0,0,CLEAR,DRY,False,OTHER RAMP RELATED COLLISIONS NOT LISTED ABOVE,REAR END,STRAIGHT & GRADE,DAYLIGHT,I 0264,MUHAMMAD ALI BLVD,5/16/2022 8:25:35 AM,False,5108,Accepted,
30063518,0568000,LOUISVILLE METRO POLICE DEPT,Accepted,JEFFERSON,,,RURAL,WAY,,KY2052,SHEPHERDSVILLE,,,,,38.171271610,-85.659340260,0.004,5/13/2022 12:00:00 AM,1533,2,2,0,1,CLEAR,DRY,False,HEAD-ON COLLISION,HEAD ON,STRAIGHT & LEVEL,DAYLIGHT,,,5/16/2022 8:25:15 AM,False,5203,Accepted,
30063542,0568000,LOUISVILLE METRO POLICE DEPT,Accepted,JEFFERSON,,,BASHFORD MANOR,LN,,US0031E,BARDSTOWN,,,,,38.202956096,-85.664385216,,5/13/2022 12:00:00 AM,1429,2,1,0,0,CLEAR,DRY,False,COLLISION WITH BICYCLE IN INTERSECTION,SINGLE VEHICLE,STRAIGHT & LEVEL,DAYLIGHT,,,5/16/2022 8:26:50 AM,False,5247,Accepted,
30063515,0568000,LOUISVILLE METRO POLICE DEPT,Accepted,JEFFERSON,KY1747,3300B,FERN VALLEY,RD,,,,,,,,38.156929610,-85.699854152,1.775,5/13/2022 12:00:00 AM,1447,3,3,0,0,CLEAR,DRY,True,SIDESWIPE COLLISION - SAME DIRECTION,SIDESWIPE-SAME DIRECTION,STRAIGHT & LEVEL,DAYLIGHT,,,5/16/2022 8:24:55 AM,False,7669,Accepted,
30063531,0568000,LOUISVILLE METRO POLICE DEPT,Accepted,JEFFERSON,KY0864,7933,FEGENBUSH,LN,,,,,,,,38.138267435,-85.615247312,4.360,5/13/2022 12:00:00 AM,1705,2,2,0,0,CLEAR,DRY,False,1 VEHICLE ENTERING/LEAVING ENTRANCE,ANGLE,STRAIGHT & LEVEL,DAYLIGHT,,,5/16/2022 8:25:47 AM,False,7914,Accepted,
30063536,0568000,LOUISVILLE METRO POLICE DEPT,Accepted,JEFFERSON,US0031W,,DIXIE,HWY,,,STONEGATE MANOR,,,,,38.080614186,-85.882684515,6.574,5/13/2022 12:00:00 AM,1723,2,2,0,0,CLEAR,DRY,False,OTHER INTERSECTION COLLISIONS,REAR END,STRAIGHT & LEVEL,DAYLIGHT,,,5/16/2022 8:26:13 AM,False,2311,Accepted,
30063636,0568000,LOUISVILLE METRO POLICE DEPT,Accepted,JEFFERSON,I 0265,,,,,,,,,,,38.112017164,-85.675452640,0.291,5/13/2022 12:00:00 AM,1439,2,2,0,1,CLEAR,DRY,False,OTHER RAMP RELATED COLLISIONS NOT LISTED ABOVE,REAR END,CURVE & HILLCREST,DAYLIGHT,I 0265,KY0061,5/16/2022 8:31:52 AM,False,7269,Accepted,
30068287,0568000,LOUISVILLE METRO POLICE DEPT,Accepted,JEFFERSON,KY0061,,PRESTON,HWY,,,,,FOREST,,WANNSEE,38.160909739,-85.699263683,5.665,5/13/2022 12:00:00 AM,1639,2,2,0,0,CLEAR,DRY,False,REAR END IN TRAFFIC LANES BOTH VEHICLES MOVING,REAR END,STRAIGHT & LEVEL,DAYLIGHT,,,5/17/2022 7:49:48 AM,False,5027,Accepted,
30063634,0568000,LOUISVILLE METRO POLICE DEPT,Accepted,JEFFERSON,,451,34TH,ST,S,,LARKWOOD,,,,,38.257862079,-85.807473315,0.304,5/13/2022 12:00:00 AM,0841,2,2,0,0,CLEAR,DRY,False,REAR END - ONE VEHICLE TURNING RIGHT,REAR END,STRAIGHT & LEVEL,DAYLIGHT,,,5/16/2022 8:31:41 AM,False,5257,Accepted,
30063522,0568000,LOUISVILLE METRO POLICE DEPT,Accepted,JEFFERSON,,,JOHNSONTOWN,RD,,KY1727,TERRY,,,,,38.121689807,-85.874710030,1.035,5/13/2022 12:00:00 AM,1550,2,2,0,1,CLEAR,DRY,False,ANGLE COLLISION - OTHER,ANGLE,STRAIGHT & LEVEL,DAYLIGHT,,,5/16/2022 8:25:24 AM,False,7496,Accepted,
30063539,0568000,LOUISVILLE METRO POLICE DEPT,Accepted,JEFFERSON,I 0264,,I264 W,,,I 0064,I64 W EXIT1B RAMP TO I64 E,,,,,38.272722501,-85.808470256,0.346,5/13/2022 12:00:00 AM,1623,2,2,0,0,CLEAR,DRY,False,SIDESWIPE-SAME DIRECTION,SIDESWIPE-SAME DIRECTION,STRAIGHT & LEVEL,DAYLIGHT,,,5/16/2022 8:26:33 AM,False,5282,Accepted,
30063529,0568000,LOUISVILLE METRO POLICE DEPT,Accepted,JEFFERSON,,,OLD HARRODS CREEK,RD,,,,,,,,38.257020069,-85.548490284,0.925,5/13/2022 12:00:00 AM,1606,2,2,0,0,CLEAR,DRY,False,1 VEHICLE ENTERING/LEAVING ENTRANCE,ANGLE,STRAIGHT & LEVEL,DAYLIGHT,,,5/16/2022 8:25:42 AM,False,2218,Accepted,
30054070,0568000,LOUISVILLE METRO POLICE DEPT,Accepted,JEFFERSON,,,SOUTHLAND,BLVD,W,,3RD,,,,,38.171461349,-85.767911464,0.235,5/13/2022 12:00:00 AM,0630,2,2,0,0,CLEAR,DRY,True,SIDESWIPE-SAME DIRECTION,SIDESWIPE-SAME DIRECTION,,DAYLIGHT,,,5/13/2022 8:28:58 AM,False,5400,Accepted,
30068316,0568000,LOUISVILLE METRO POLICE DEPT,Accepted,JEFFERSON,I 0264,,I264 W,,,,,,,,,38.222503936,-85.649031863,17.114,5/13/2022 12:00:00 AM,0022,2,2,0,1,CLEAR,DRY,False,1 VEHICLE PARKED POSITION (NOT PARKING LOT/DRIVEWAY),SIDESWIPE-SAME DIRECTION,STRAIGHT & GRADE,DARK-HWY LIGHTED/ON,,,5/17/2022 7:51:56 AM,False,7634,Accepted,
30063567,0568000,LOUISVILLE METRO POLICE DEPT,Accepted,JEFFERSON,,,FEGENBUSH,LN,,,NORBROOK,,,,,38.182937825,-85.638389282,0.295,5/13/2022 12:00:00 AM,1449,2,2,0,1,CLEAR,DRY,False,REAR END - ONE VEHICLE TURNING LEFT,REAR END,STRAIGHT & LEVEL,DAYLIGHT,,,5/16/2022 8:28:30 AM,False,7739,Accepted,
30063511,0568000,LOUISVILLE METRO POLICE DEPT,Accepted,JEFFERSON,I 0264,,I264 E,,,,,I 0264,I264 E EXIT20 OFF RAMP TO US60,I 0064,I64 E EXIT19 TRANSIT,38.238258221,-85.623006351,18.939,5/13/2022 12:00:00 AM,0821,2,2,0,0,CLEAR,DRY,True,SIDESWIPE COLLISION - SAME DIRECTION,SIDESWIPE-SAME DIRECTION,STRAIGHT & LEVEL,DAYLIGHT,,,5/16/2022 8:24:24 AM,False,7876,Accepted,
30063576,0568000,LOUISVILLE METRO POLICE DEPT,Accepted,JEFFERSON,,,CHESTNUT,ST,W,KY1020,2ND,,,,,38.248629778,-85.754581032,2.543,5/13/2022 12:00:00 AM,1757,2,2,0,0,CLEAR,DRY,False,ANGLE COLLISION - OTHER,ANGLE,STRAIGHT & LEVEL,DAYLIGHT,,,5/16/2022 8:28:50 AM,False,5168,Accepted,
30077544,0568000,LOUISVILLE METRO POLICE DEPT,Accepted,JEFFERSON,,2032,GOLDSMITH,LN,,,,,,,,38.206134268,-85.673109439,0.780,5/13/2022 12:00:00 AM,2113,2,2,0,0,CLEAR,DRY,True,1 VEHICLE PARKED POSITION (NOT PARKING LOT/DRIVEWAY),ANGLE,STRAIGHT & LEVEL,DUSK,,,5/19/2022 8:18:10 AM,False,5307,Accepted,
30063540,0568000,LOUISVILLE METRO POLICE DEPT,Accepted,JEFFERSON,I 0264,,I264 W,,,,,,,,,38.265105490,-85.805947747,0.863,5/13/2022 12:00:00 AM,1739,2,2,0,0,CLEAR,DRY,False,SIDESWIPE COLLISION - SAME DIRECTION,SIDESWIPE-SAME DIRECTION,CURVE & LEVEL,DAYLIGHT,,,5/16/2022 8:26:38 AM,False,5282,Accepted,
30063513,0568000,LOUISVILLE METRO POLICE DEPT,Accepted,JEFFERSON,,,JEFFERSON,ST,W,,18TH,,,,,38.256401486,-85.780212107,1.545,5/13/2022 12:00:00 AM,1333,2,2,0,2,CLEAR,DRY,False,ANGLE COLLISION - OTHER,ANGLE,STRAIGHT & LEVEL,DAYLIGHT,,,5/16/2022 8:24:32 AM,False,5124,Accepted,
30063537,0568000,LOUISVILLE METRO POLICE DEPT,Accepted,JEFFERSON,,3608,SPRINGHURST,BLVD,,,,,,,,38.299072233,-85.560270890,0.381,5/13/2022 12:00:00 AM,1800,2,2,0,0,CLEAR,DRY,True,1 VEHICLE PARKED POSITION (NOT PARKING LOT/DRIVEWAY),REAR TO REAR,,DAYLIGHT,,,5/16/2022 8:26:19 AM,False,7615,Accepted,
30063556,0568000,LOUISVILLE METRO POLICE DEPT,Accepted,JEFFERSON,,4211,3RD,ST,S,,,,,,,38.194823124,-85.764968871,0.399,5/13/2022 12:00:00 AM,2214,1,1,0,2,CLEAR,DRY,False,COLLISION WITH FIXED OBJECT NON - INTERSECTION - FIRST EVENT COLLISION 09 - 32 EXCLUDING 16,SINGLE VEHICLE,STRAIGHT & LEVEL,DARK-HWY LIGHTED/ON,,,5/16/2022 8:27:42 AM,False,5316,Accepted,
30100711,0568000,LOUISVILLE METRO POLICE DEPT,Accepted,JEFFERSON,KY1020,,3RD,ST,S,US0150,BROADWAY,,,,,38.244713455,-85.756938010,12.014,5/13/2022 12:00:00 AM,1852,2,2,0,1,CLEAR,DRY,False,HEAD-ON COLLISION,HEAD ON,STRAIGHT & LEVEL,DAYLIGHT,,,5/25/2022 8:15:27 AM,False,5373,Accepted,