IncidentID,AgencyORI,AgencyName,IncidentStatusDesc,County,RdwyNumber,Street,RoadwayName,StreetSfx,StreetDir,IntersectionRdwy,IntersectionRdwyName,BetweenStRdwy1,BetweenStRdwyName1,BetweenStRdwy2,BetweenStRdwyName2,Latitude,Longitude,Milepoint,CollisionDate,CollisionTime,UnitsInvolved,MotorVehiclesInvolved,NumberKilled,NumberInjured,Weather,RdwyConditionCode,HitandRun,DirAnalysisCode,MannerofCollision,RdwyCharacter,LightCondition,RampFromRdwyId,RampToRdwyId,AcceptedDate,IsSecondaryCollision,OwnerBadge,IncidentStatus,
30063569,0568000,LOUISVILLE METRO POLICE DEPT,Accepted,JEFFERSON,US0031W,6641,DIXIE,HWY,,,,,,,,38.154932732,-85.835029676,12.367,5/13/2022 12:00:00 AM,1110,2,2,0,0,CLEAR,DRY,False,REAR END IN TRAFFIC LANES BOTH VEHICLES MOVING,REAR END,STRAIGHT & LEVEL,DAYLIGHT,,,5/16/2022 8:28:35 AM,False,7483,Accepted,
30063532,0568000,LOUISVILLE METRO POLICE DEPT,Accepted,JEFFERSON,US0031W,,DIXIE,HWY,,,BETHANY,,,,,38.095673764,-85.873893087,7.721,5/13/2022 12:00:00 AM,1428,3,3,0,2,CLEAR,DRY,False,HEAD-ON COLLISION,HEAD ON,STRAIGHT & LEVEL,DAYLIGHT,,,5/16/2022 8:25:52 AM,False,7234,Accepted,
30063510,0568000,LOUISVILLE METRO POLICE DEPT,Accepted,JEFFERSON,,,FERNDALE,RD,,,,US0031E,BARDSTOWN,,FERN CREEK,38.155189937,-85.590806645,0.051,5/13/2022 12:00:00 AM,1032,2,2,0,1,CLEAR,DRY,False,1 VEHICLE ENTERING/LEAVING ENTRANCE,ANGLE,STRAIGHT & LEVEL,DAYLIGHT,,,5/16/2022 8:24:17 AM,False,2017,Accepted,
30063557,0568000,LOUISVILLE METRO POLICE DEPT,Accepted,JEFFERSON,US0031W,1912,MARKET,ST,W,,,,,,,38.257996413,-85.781729994,20.460,5/13/2022 12:00:00 AM,2035,2,2,0,0,CLEAR,DRY,False,REAR END IN TRAFFIC LANES BOTH VEHICLES MOVING,REAR END,STRAIGHT & LEVEL,DUSK,,,5/16/2022 8:27:53 AM,False,5340,Accepted,
30068289,0568000,LOUISVILLE METRO POLICE DEPT,Accepted,JEFFERSON,US0031E,,BARDSTOWN,RD,,KY1065,BEULAH CHURCH,,,,,38.149891525,-85.587246517,5.558,5/13/2022 12:00:00 AM,1322,2,2,0,0,CLEAR,DRY,False,ANGLE COLLISION - ONE VEHICLE TURNING LEFT,ANGLE,STRAIGHT & LEVEL,DAYLIGHT,,,5/17/2022 7:50:00 AM,False,7720,Accepted,
30063538,0568000,LOUISVILLE METRO POLICE DEPT,Accepted,JEFFERSON,I 0264,,I264 W,,,I 0064,I64 W EXIT1 RAMP TO I264 E,,,,,38.272720157,-85.808520944,0.346,5/13/2022 12:00:00 AM,1549,2,2,0,0,CLEAR,DRY,False,SIDESWIPE-SAME DIRECTION,SIDESWIPE-SAME DIRECTION,STRAIGHT & LEVEL,DAYLIGHT,,,5/16/2022 8:26:27 AM,False,5282,Accepted,
30063514,0568000,LOUISVILLE METRO POLICE DEPT,Accepted,JEFFERSON,,,MAPLE FOREST,DR,,KY1447,WESTPORT,,,,,38.302278301,-85.516533934,0.001,5/13/2022 12:00:00 AM,1245,2,2,0,0,CLEAR,DRY,False,COLLISION WITH PARKED VEHICLE,BACKING,STRAIGHT & LEVEL,DAYLIGHT,,,5/16/2022 8:24:42 AM,False,7316,Accepted,
30063533,0568000,LOUISVILLE METRO POLICE DEPT,Accepted,JEFFERSON,KY1934,,CANE RUN,RD,,KY1727,TERRY,,,,,38.178059708,-85.861859241,7.182,5/13/2022 12:00:00 AM,1522,2,2,0,2,CLEAR,DRY,False,ANGLE COLLISION - OTHER,ANGLE,STRAIGHT & LEVEL,DAYLIGHT,,,5/16/2022 8:26:03 AM,False,2311,Accepted,
30063541,0568000,LOUISVILLE METRO POLICE DEPT,Accepted,JEFFERSON,KY1865,,NEW CUT,RD,,,,,,,,38.139178675,-85.773863893,2.207,5/13/2022 12:00:00 AM,1644,2,2,0,1,CLEAR,DRY,False,SIDESWIPE COLLISION - OPPOSITE DIRECTION,SIDESWIPE-OPPOSITE DIRECTION,STRAIGHT & LEVEL,DAYLIGHT,,,5/16/2022 8:26:44 AM,False,7331,Accepted,
30063564,0568000,LOUISVILLE METRO POLICE DEPT,Accepted,JEFFERSON,,,DUMESNIL,ST,,US0031W,22ND,,,,,38.236586189,-85.790317023,1.644,5/13/2022 12:00:00 AM,2225,1,1,0,2,CLEAR,DRY,False,OTHER INTERSECTION COLLISIONS,SINGLE VEHICLE,STRAIGHT & LEVEL,DARK-HWY LIGHTED/ON,,,5/16/2022 8:28:24 AM,False,5261,Accepted,
30065571,0561500,UNIV. OF LOUISVILLE POLICE,Accepted,JEFFERSON,,,FLOYD,ST,S,,HAHN,,,,,38.212059117,-85.755497100,3.006,5/13/2022 12:00:00 AM,1132,2,2,0,0,CLEAR,DRY,False,ANGLE COLLISION - OTHER,ANGLE,STRAIGHT & LEVEL,DAYLIGHT,,,5/16/2022 3:27:39 PM,False,5618,Accepted,
30063507,0568000,LOUISVILLE METRO POLICE DEPT,Accepted,JEFFERSON,,3600,SPRINGHURST,BLVD,,,,,,,,38.298391530,-85.560378421,0.335,5/12/2022 12:00:00 AM,1550,2,2,0,1,CLEAR,DRY,False,1 VEHICLE ENTERING/LEAVING ENTRANCE,ANGLE,CURVE & LEVEL,DAYLIGHT,,,5/16/2022 8:24:04 AM,False,7483,Accepted,
30054066,0568000,LOUISVILLE METRO POLICE DEPT,Accepted,JEFFERSON,US0060A,,TAYLOR,BLVD,,,CENTRAL,,,,,38.206352471,-85.776283577,2.288,5/12/2022 12:00:00 AM,1948,2,2,0,0,CLEAR,DRY,False,OTHER INTERSECTION COLLISIONS,REAR END,STRAIGHT & LEVEL,DAYLIGHT,,,5/13/2022 8:28:43 AM,False,5378,Accepted,
30054046,0568000,LOUISVILLE METRO POLICE DEPT,Accepted,JEFFERSON,US0031E,,MARKET,ST,E,,,,,,,38.254271722,-85.748041761,17.482,5/12/2022 12:00:00 AM,1735,2,2,0,0,CLEAR,DRY,False,1 VEHICLE ENTERING/LEAVING ENTRANCE,ANGLE,STRAIGHT & LEVEL,DAYLIGHT,,,5/13/2022 8:27:24 AM,False,7560,Accepted,
30054040,0568000,LOUISVILLE METRO POLICE DEPT,Accepted,JEFFERSON,KY0841,,GENE SNYDER,FWY,,,,US0031W,US31W RAMP FROM KY841,,WOODRIDGE,38.089521964,-85.864260040,0.672,5/12/2022 12:00:00 AM,1302,1,1,0,1,CLEAR,DRY,False,OTHER ROADWAY OR MID-BLOCK COLLISION,SINGLE VEHICLE,STRAIGHT & LEVEL,DAYLIGHT,,,5/13/2022 8:26:57 AM,False,2457,Accepted,
30054063,0568000,LOUISVILLE METRO POLICE DEPT,Accepted,JEFFERSON,,,BARRET,AVE,,,HIGHLAND,,,,,38.237773985,-85.729247809,0.840,5/12/2022 12:00:00 AM,2219,2,1,0,1,CLEAR,DRY,False,COLLISION WITH BICYCLE IN INTERSECTION,SINGLE VEHICLE,STRAIGHT & LEVEL,DARK-HWY LIGHTED/ON,,,5/13/2022 8:28:33 AM,False,5402,Accepted,
30054029,0568000,LOUISVILLE METRO POLICE DEPT,Accepted,JEFFERSON,KY0022,,BROWNSBORO,RD,,,,,AVENUE OF THE WOODS,,CLIFFWYNDE,38.291328090,-85.614722868,1.325,5/12/2022 12:00:00 AM,1045,2,2,0,0,CLEAR,DRY,False,OTHER ROADWAY OR MID-BLOCK COLLISION,REAR END,STRAIGHT & HILLCREST,DAYLIGHT,,,5/13/2022 8:26:08 AM,False,7876,Accepted,
30054049,0568000,LOUISVILLE METRO POLICE DEPT,Accepted,JEFFERSON,KY0155,3800B,TAYLORSVILLE,RD,,,,,,,,38.220158181,-85.631528120,13.647,5/12/2022 12:00:00 AM,1755,2,2,0,0,CLEAR,DRY,True,SIDESWIPE COLLISION - OPPOSITE DIRECTION,SIDESWIPE-OPPOSITE DIRECTION,STRAIGHT & LEVEL,DAYLIGHT,,,5/13/2022 8:27:35 AM,False,5269,Accepted,
30054060,0568000,LOUISVILLE METRO POLICE DEPT,Accepted,JEFFERSON,I 0264,,I264 E,,,,,,,,,38.219002118,-85.656040431,16.661,5/12/2022 12:00:00 AM,1953,2,2,0,1,CLEAR,DRY,True,SIDESWIPE COLLISION - SAME DIRECTION,SIDESWIPE-SAME DIRECTION,,DAYLIGHT,,,5/13/2022 8:28:21 AM,False,5195,Accepted,
30054026,0568000,LOUISVILLE METRO POLICE DEPT,Accepted,JEFFERSON,,,BARRET,AVE,,,OAK,,,,,38.235735717,-85.727651822,1.010,5/12/2022 12:00:00 AM,1207,2,2,0,0,CLEAR,DRY,False,ANGLE COLLISION - OTHER,ANGLE,STRAIGHT & LEVEL,DAYLIGHT,,,5/13/2022 8:26:02 AM,False,7900,Accepted,
30054043,0568000,LOUISVILLE METRO POLICE DEPT,Accepted,JEFFERSON,,,BRECKINRIDGE,ST,W,,12TH,,,,,38.243489955,-85.772322657,0.832,5/12/2022 12:00:00 AM,1738,2,2,0,0,CLEAR,DRY,False,ANGLE COLLISION - OTHER,ANGLE,STRAIGHT & LEVEL,DAYLIGHT,,,5/13/2022 8:27:12 AM,False,5039,Accepted,
30054062,0568000,LOUISVILLE METRO POLICE DEPT,Accepted,JEFFERSON,,,DUTCHMANS,LN,,,,KY2048,CANNONS,KY2048,DUTCHMANS,38.226360529,-85.649598996,0.059,5/12/2022 12:00:00 AM,1920,2,2,0,0,CLEAR,DRY,False,COLLISION IN PARKING LOT,REAR END,STRAIGHT & LEVEL,DAYLIGHT,,,5/13/2022 8:28:29 AM,False,2816,Accepted,
30054048,0568000,LOUISVILLE METRO POLICE DEPT,Accepted,JEFFERSON,,,LINCOLN,AVE,,,,,,,,38.218377483,-85.778902954,0.711,5/12/2022 12:00:00 AM,1443,3,3,0,0,CLEAR,DRY,False,1 VEHICLE ENTERING/LEAVING ENTRANCE,ANGLE,STRAIGHT & LEVEL,DAYLIGHT,,,5/13/2022 8:27:31 AM,False,5413,Accepted,
30054054,0568000,LOUISVILLE METRO POLICE DEPT,Accepted,JEFFERSON,KY1703,2515,NEWBURG,RD,,,,,,,,38.204607756,-85.692218376,2.519,5/12/2022 12:00:00 AM,0802,2,2,0,0,CLEAR,DRY,False,REAR END IN TRAFFIC LANES BOTH VEHICLES MOVING,REAR END,STRAIGHT & LEVEL,DAYLIGHT,,,5/13/2022 8:27:56 AM,False,5409,Accepted,
30054065,0568000,LOUISVILLE METRO POLICE DEPT,Accepted,JEFFERSON,KY2048,,CANNONS,LN,,,DUTCHMANS,,,,,38.226019116,-85.650625918,0.491,5/12/2022 12:00:00 AM,2307,2,2,0,1,CLEAR,DRY,False,HEAD-ON COLLISION,HEAD ON,STRAIGHT & LEVEL,DARK-HWY LIGHTED/OFF,,,5/13/2022 8:28:40 AM,False,7012,Accepted,
30068294,0568000,LOUISVILLE METRO POLICE DEPT,Accepted,JEFFERSON,I 0265,,I265 N,,,I 0071,I71 N EXIT35A RAMP TO I71 N,,,,,38.312072216,-85.576648399,34.374,5/12/2022 12:00:00 AM,0737,3,3,0,0,CLEAR,DRY,False,SIDESWIPE-SAME DIRECTION,SIDESWIPE-SAME DIRECTION,STRAIGHT & LEVEL,DAYLIGHT,,,5/17/2022 7:50:20 AM,False,7720,Accepted,
30049503,0568000,LOUISVILLE METRO POLICE DEPT,Accepted,JEFFERSON,US0060A,,TAYLOR,BLVD,,,LONGFIELD,,,,,38.198650641,-85.782886416,1.613,5/12/2022 12:00:00 AM,0317,1,1,0,0,CLEAR,DRY,True,COLLISION WITH FIXED OBJECT IN INTERSECTION - FIRST EVENT COLLISION 09 - 32,SINGLE VEHICLE,STRAIGHT & LEVEL,DARK-HWY LIGHTED/ON,,,5/12/2022 8:26:23 AM,False,5378,Accepted,
30053988,0564400,INDIAN HILLS POLICE DEPARTMENT,Accepted,JEFFERSON,US0042,,BROWNSBORO,RD,,,CHENOWETH,,,,,38.265815190,-85.665856868,3.890,5/12/2022 12:00:00 AM,1710,2,2,0,0,CLEAR,DRY,False,ANGLE COLLISION - OTHER,ANGLE,STRAIGHT & LEVEL,DAYLIGHT,,,5/13/2022 8:09:45 AM,False,4436,Accepted,
30054045,0568000,LOUISVILLE METRO POLICE DEPT,Accepted,JEFFERSON,,805,SINCLAIR,ST,,,,,,,,38.121540962,-85.749220464,0.052,5/12/2022 12:00:00 AM,1748,2,2,0,0,CLEAR,DRY,True,1 VEHICLE ENTERING/LEAVING ENTRANCE,ANGLE,STRAIGHT & LEVEL,DAYLIGHT,,,5/13/2022 8:27:19 AM,False,7427,Accepted,
30054051,0568000,LOUISVILLE METRO POLICE DEPT,Accepted,JEFFERSON,,,MUHAMMAD ALI,BLVD,W,,15TH,,,,,38.253183325,-85.775574033,1.265,5/12/2022 12:00:00 AM,1327,2,2,0,0,CLEAR,DRY,False,ANGLE COLLISION - OTHER,ANGLE,STRAIGHT & LEVEL,DAYLIGHT,,,5/13/2022 8:27:43 AM,False,5421,Accepted,
30054068,0568000,LOUISVILLE METRO POLICE DEPT,Accepted,JEFFERSON,US0031E,807,MARKET,ST,E,,,,SHELBY,,CAMPBELL,38.253175203,-85.737907863,16.929,5/12/2022 12:00:00 AM,2201,2,2,0,1,CLEAR,DRY,False,1 VEHICLE ENTERING/LEAVING ENTRANCE,ANGLE,STRAIGHT & LEVEL,DARK-HWY LIGHTED/ON,,,5/13/2022 8:28:51 AM,False,5311,Accepted,
30068317,0568000,LOUISVILLE METRO POLICE DEPT,Accepted,JEFFERSON,US0031W,,22ND,ST,S,,ST LOUIS,,,,,38.233720827,-85.790925184,18.508,5/12/2022 12:00:00 AM,0554,2,2,0,1,CLEAR,DRY,False,HEAD-ON COLLISION,HEAD ON,STRAIGHT & LEVEL,DAWN,,,5/17/2022 7:52:00 AM,False,5384,Accepted,
30054052,0568000,LOUISVILLE METRO POLICE DEPT,Accepted,JEFFERSON,KY1727,,TERRY,RD,,,JOHNSONTOWN,,,,,38.121776218,-85.874755873,0.003,5/12/2022 12:00:00 AM,1837,2,2,0,0,CLEAR,DRY,False,ANGLE COLLISION - OTHER,ANGLE,STRAIGHT & LEVEL,DAYLIGHT,,,5/13/2022 8:27:48 AM,False,7234,Accepted,
30054061,0568000,LOUISVILLE METRO POLICE DEPT,Accepted,JEFFERSON,I 0265,,I265 W,,,,,I 0064,I64 E EXIT19A RAMP TO I265 S,I 0265,I265 W EXIT23 OFF RAMP TO KY155,38.198979065,-85.508089004,23.802,5/12/2022 12:00:00 AM,2118,1,1,0,0,CLEAR,DRY,False,COLLISION WITH FIXED OBJECT NON - INTERSECTION - FIRST EVENT COLLISION 09 - 32 EXCLUDING 16,SINGLE VEHICLE,STRAIGHT & LEVEL,DARK-HWY NOT LIGHTED,,,5/13/2022 8:28:26 AM,False,2775,Accepted,
30054058,0568000,LOUISVILLE METRO POLICE DEPT,Accepted,JEFFERSON,,819,PHILLIPS,LN,,,,,,,,38.192238494,-85.750431476,0.025,5/12/2022 12:00:00 AM,2009,2,2,0,0,CLEAR,DRY,False,COLLISION IN PARKING LOT,BACKING,STRAIGHT & LEVEL,DARK-HWY LIGHTED/ON,,,5/13/2022 8:28:12 AM,False,7330,Accepted,
30060841,0565000,LYNDON POLICE DEPARTMENT,Accepted,JEFFERSON,KY1447,8100,WESTPORT,RD,,,,,,,,38.276266253,-85.603282461,3.361,5/12/2022 12:00:00 AM,0830,2,2,0,0,CLEAR,DRY,False,REAR END IN TRAFFIC LANES BOTH VEHICLES MOVING,REAR END,STRAIGHT & LEVEL,DAYLIGHT,,,5/15/2022 3:08:58 PM,False,1388,Accepted,
30054035,0568000,LOUISVILLE METRO POLICE DEPT,Accepted,JEFFERSON,,4148,WOODLAWN,AVE,W,,,,,,,38.181401779,-85.783516373,,5/12/2022 12:00:00 AM,0931,1,1,0,0,CLEAR,DRY,False,COLLISION IN PARKING LOT,SINGLE VEHICLE,STRAIGHT & LEVEL,DAYLIGHT,,,5/13/2022 8:26:36 AM,False,5180,Accepted,
30050689,0560300,ST. MATTHEWS POLICE DEPARTMENT,Accepted,JEFFERSON,US0060,5085,SHELBYVILLE,RD,,,,,,,,38.250302773,-85.623015210,5.335,5/12/2022 12:00:00 AM,1055,2,2,0,0,CLEAR,DRY,False,COLLISION IN PARKING LOT,ANGLE,STRAIGHT & LEVEL,DAYLIGHT,,,5/12/2022 1:50:37 PM,False,9155,Accepted,
30073053,0568000,LOUISVILLE METRO POLICE DEPT,Accepted,JEFFERSON,,,LIBRARY,LN,,,,,BRECKINRIDGE,,YORK,38.243342443,-85.757990817,0.055,5/12/2022 12:00:00 AM,1132,2,2,0,0,CLEAR,DRY,False,1 VEHICLE ENTERING/LEAVING ENTRANCE,ANGLE,STRAIGHT & LEVEL,DAYLIGHT,,,5/18/2022 8:17:20 AM,False,7619,Accepted,
30054033,0568000,LOUISVILLE METRO POLICE DEPT,Accepted,JEFFERSON,,,CLARKS,LN,,,DELOR,,,,,38.215342396,-85.737133483,0.287,5/12/2022 12:00:00 AM,1015,2,2,0,0,CLEAR,DRY,False,ANGLE COLLISION - OTHER,ANGLE,STRAIGHT & LEVEL,DAYLIGHT,,,5/13/2022 8:26:25 AM,False,4693,Accepted,
30054050,0568000,LOUISVILLE METRO POLICE DEPT,Accepted,JEFFERSON,US0150,,BROADWAY,,W,KY1020,3RD,,,,,38.245945294,-85.756722931,2.474,5/12/2022 12:00:00 AM,1521,2,2,0,2,CLEAR,DRY,False,ANGLE COLLISION - OTHER,ANGLE,STRAIGHT & LEVEL,DAYLIGHT,,,5/13/2022 8:27:39 AM,False,2764,Accepted,
30054053,0568000,LOUISVILLE METRO POLICE DEPT,Accepted,JEFFERSON,,430,SOUTHLAND,BLVD,W,,,,,,,38.171805198,-85.771041779,0.368,5/12/2022 12:00:00 AM,1421,4,4,0,0,CLEAR,DRY,True,1 VEHICLE PARKED POSITION (NOT PARKING LOT/DRIVEWAY),ANGLE,CURVE & LEVEL,DAYLIGHT,,,5/13/2022 8:27:52 AM,False,5230,Accepted,
30054059,0568000,LOUISVILLE METRO POLICE DEPT,Accepted,JEFFERSON,US0031W,,DIXIE,HWY,,,PARALEE,,,,,38.133070815,-85.845996777,10.761,5/12/2022 12:00:00 AM,2122,2,2,0,1,CLEAR,DRY,False,OPPOSING LEFT TURN,OPPOSING LEFT TURN,STRAIGHT & LEVEL,DARK-HWY LIGHTED/OFF,,,5/13/2022 8:28:17 AM,False,7264,Accepted,
30148704,0568000,LOUISVILLE METRO POLICE DEPT,Accepted,JEFFERSON,,,DIXIE,HWY,,,BERNHEIM,,,,,38.221396912,-85.793292901,1.992,5/12/2022 12:00:00 AM,1123,3,3,0,2,CLEAR,DRY,False,ANGLE COLLISION - OTHER,ANGLE,STRAIGHT & LEVEL,DAYLIGHT,,,6/6/2022 8:35:43 AM,False,5161,Accepted,
30068304,0568000,LOUISVILLE METRO POLICE DEPT,Accepted,JEFFERSON,,,GRAY,ST,E,KY0061,JACKSON,,,,,38.246253722,-85.745341688,0.309,5/12/2022 12:00:00 AM,1617,2,2,0,0,CLEAR,DRY,False,OPPOSING LEFT TURN,OPPOSING LEFT TURN,STRAIGHT & LEVEL,DAYLIGHT,,,5/17/2022 7:50:57 AM,False,7904,Accepted,
30077796,0568000,LOUISVILLE METRO POLICE DEPT,Accepted,JEFFERSON,KY1631,,CRITTENDEN,DR,,,,,,,,38.201926415,-85.750785181,0.966,5/12/2022 12:00:00 AM,1514,3,1,0,4,CLEAR,DRY,False,REAR END IN TRAFFIC LANES BOTH VEHICLES MOVING,REAR END,STRAIGHT & LEVEL,DAYLIGHT,,,5/19/2022 9:38:21 AM,False,5422,Accepted,
30068301,0568000,LOUISVILLE METRO POLICE DEPT,Accepted,JEFFERSON,,2019,LYTLE,ST,,,,,,,,38.266357228,-85.781577342,0.543,5/12/2022 12:00:00 AM,1545,2,2,0,1,CLEAR,DRY,True,1 VEHICLE PARKED POSITION (NOT PARKING LOT/DRIVEWAY),REAR END,STRAIGHT & LEVEL,DAYLIGHT,,,5/17/2022 7:50:50 AM,False,5414,Accepted,
30068285,0568000,LOUISVILLE METRO POLICE DEPT,Accepted,JEFFERSON,,2734,FIELD,AVE,,,,,,,,38.257085614,-85.693011215,0.108,5/12/2022 12:00:00 AM,0949,2,2,0,0,CLEAR,DRY,False,COLLISION WITH FIXED OBJECT NON - INTERSECTION - FIRST EVENT COLLISION 09 - 32 EXCLUDING 16,SIDESWIPE-OPPOSITE DIRECTION,STRAIGHT & LEVEL,DAYLIGHT,,,5/17/2022 7:49:41 AM,False,7403,Accepted,
30058950,KSP1200,KY STATE POLICE POST 12,Accepted,JEFFERSON,KY0155,,TAYLORSVILLE,RD,,,,,,,,38.189887685,-85.503765677,5.765,5/12/2022 12:00:00 AM,1900,1,1,0,0,CLEAR,DRY,False,COLLISION WITH FIXED OBJECT NON - INTERSECTION - FIRST EVENT COLLISION 09 - 32 EXCLUDING 16,SINGLE VEHICLE,STRAIGHT & LEVEL,DAYLIGHT,,,5/14/2022 7:17:44 PM,False,1133,Accepted,
30054047,0568000,LOUISVILLE METRO POLICE DEPT,Accepted,JEFFERSON,,1000,ZORN,AVE,,I 0071,I71 N EXIT2 ON RAMP FROM  ZORN AVE,,,,,38.274733526,-85.697028573,1.528,5/12/2022 12:00:00 AM,1742,2,2,0,0,CLEAR,DRY,False,OTHER INTERSECTION COLLISIONS,REAR END,STRAIGHT & LEVEL,DAYLIGHT,,,5/13/2022 8:27:28 AM,True,2413,Accepted,
30049504,0568000,LOUISVILLE METRO POLICE DEPT,Accepted,JEFFERSON,,824,DENMARK,ST,,,,,BELLEVUE,,CLIFF,38.195701712,-85.774257477,0.319,5/12/2022 12:00:00 AM,0617,2,2,0,0,CLEAR,DRY,True,1 VEHICLE PARKED POSITION (NOT PARKING LOT/DRIVEWAY),SIDESWIPE-SAME DIRECTION,STRAIGHT & LEVEL,DAYLIGHT,,,5/12/2022 8:26:27 AM,False,5131,Accepted,
30054032,0568000,LOUISVILLE METRO POLICE DEPT,Accepted,JEFFERSON,I 0065,,,,,,,,,,,38.191033289,-85.725860762,0.150,5/12/2022 12:00:00 AM,0739,3,3,0,1,CLEAR,DRY,False,OTHER RAMP RELATED COLLISIONS NOT LISTED ABOVE,REAR END,STRAIGHT & LEVEL,DAYLIGHT,I 0065,I 0065,5/13/2022 8:26:18 AM,False,4693,Accepted,
30054038,0568000,LOUISVILLE METRO POLICE DEPT,Accepted,JEFFERSON,,4121,TOWNE CENTER,DR,,,,,,,,38.298450066,-85.556261856,0.227,5/12/2022 12:00:00 AM,1228,2,2,0,0,CLEAR,DRY,False,COLLISION IN PARKING LOT,SIDESWIPE-OPPOSITE DIRECTION,STRAIGHT & GRADE,DAYLIGHT,,,5/13/2022 8:26:48 AM,False,7316,Accepted,
30053918,0560300,ST. MATTHEWS POLICE DEPARTMENT,Accepted,JEFFERSON,US0060,5085,SHELBYVILLE,RD,,,,,,,,38.250287077,-85.622899553,5.341,5/12/2022 12:00:00 AM,1210,2,2,0,0,CLEAR,DRY,False,COLLISION IN PARKING LOT,BACKING,STRAIGHT & LEVEL,DAYLIGHT,,,5/13/2022 7:42:44 AM,False,9155,Accepted,
30054055,0568000,LOUISVILLE METRO POLICE DEPT,Accepted,JEFFERSON,,,OAK,ST,E,,CLAY,,,,,38.233777121,-85.743438434,0.656,5/12/2022 12:00:00 AM,1003,2,2,0,0,CLEAR,DRY,False,ANGLE COLLISION - ONE VEHICLE TURNING LEFT,ANGLE,STRAIGHT & LEVEL,DAYLIGHT,,,5/13/2022 8:28:00 AM,False,5409,Accepted,
30054064,0568000,LOUISVILLE METRO POLICE DEPT,Accepted,JEFFERSON,,,OVERLOOK,DR,,,,,STEEPRUN,KY0022C,SEMINARY,38.293238240,-85.626560493,0.051,5/12/2022 12:00:00 AM,2229,2,2,0,0,CLEAR,DRY,False,1 VEHICLE PARKED POSITION (NOT PARKING LOT/DRIVEWAY),ANGLE,STRAIGHT & HILLCREST,DARK-HWY LIGHTED/ON,,,5/13/2022 8:28:36 AM,False,5228,Accepted,
30054072,0568000,LOUISVILLE METRO POLICE DEPT,Accepted,JEFFERSON,I 0265,,I265 E,,,,,I 0265,I265 E EXIT15 ON RAMP FROM KY864,I 0265,I265 E EXIT17 OFF RAMP TO US31E,38.133091712,-85.599811386,16.204,5/11/2022 12:00:00 AM,2256,2,2,0,0,CLOUDY,DRY,False,SIDESWIPE COLLISION - SAME DIRECTION,SIDESWIPE-SAME DIRECTION,STRAIGHT & LEVEL,DARK-HWY NOT LIGHTED,,,5/13/2022 8:29:08 AM,False,7441,Accepted,
30045447,0568000,LOUISVILLE METRO POLICE DEPT,Accepted,JEFFERSON,,6335,STRAWBERRY,LN,,,,,,,,38.162933838,-85.758076303,0.489,5/11/2022 12:00:00 AM,0606,2,2,0,0,CLEAR,DRY,False,REAR END IN TRAFFIC LANES BOTH VEHICLES MOVING,REAR END,STRAIGHT & LEVEL,DAWN,,,5/11/2022 8:26:19 AM,False,5392,Accepted,
30049487,0568000,LOUISVILLE METRO POLICE DEPT,Accepted,JEFFERSON,,,INDUSTRY,RD,,,7TH,,,,,38.221022683,-85.775682396,0.009,5/11/2022 12:00:00 AM,1705,2,2,0,1,CLEAR,DRY,False,OTHER INTERSECTION COLLISIONS,REAR END,STRAIGHT & LEVEL,DAYLIGHT,,,5/12/2022 8:25:29 AM,False,7360,Accepted,
30054056,0568000,LOUISVILLE METRO POLICE DEPT,Accepted,JEFFERSON,US0031W,,DIXIE,HWY,,,,,,,,38.172869323,-85.824847405,13.682,5/11/2022 12:00:00 AM,1425,2,2,0,1,CLEAR,DRY,True,1 VEHICLE ENTERING/LEAVING ENTRANCE,ANGLE,STRAIGHT & LEVEL,DAYLIGHT,,,5/13/2022 8:28:03 AM,False,5170,Accepted,
30081860,0568000,LOUISVILLE METRO POLICE DEPT,Accepted,JEFFERSON,,,GAULBERT,AVE,W,KY1020,2ND,,,,,38.224348920,-85.758857290,0.002,5/11/2022 12:00:00 AM,0025,2,2,0,0,CLEAR,DRY,True,COLLISION WITH PARKED VEHICLE,REAR END,STRAIGHT & LEVEL,DARK-HWY LIGHTED/ON,,,5/20/2022 9:20:37 AM,False,7527,Accepted,
30049476,0568000,LOUISVILLE METRO POLICE DEPT,Accepted,JEFFERSON,I 0071,,I71 S,,,,,,,,,38.314670824,-85.582566804,9.056,5/11/2022 12:00:00 AM,1356,2,2,0,0,CLOUDY,DRY,False,REAR END IN TRAFFIC LANES BOTH VEHICLES MOVING,REAR END,STRAIGHT & LEVEL,DAYLIGHT,,,5/12/2022 8:24:40 AM,False,2346,Accepted,
30054036,0568000,LOUISVILLE METRO POLICE DEPT,Accepted,JEFFERSON,I 0064,,I64 E,,,,,,,,,38.234573730,-85.613606769,13.039,5/11/2022 12:00:00 AM,1730,2,2,0,0,CLEAR,DRY,False,REAR END IN TRAFFIC LANES BOTH VEHICLES MOVING,REAR END,STRAIGHT & GRADE,DAYLIGHT,,,5/13/2022 8:26:40 AM,False,6532,Accepted,
30054030,0568000,LOUISVILLE METRO POLICE DEPT,Accepted,JEFFERSON,,8319,ARNOLDTOWN,RD,,,,,,,,38.122356799,-85.804653672,2.219,5/11/2022 12:00:00 AM,1838,2,2,0,0,CLEAR,DRY,False,HEAD-ON COLLISION,HEAD ON,STRAIGHT & LEVEL,DAYLIGHT,,,5/13/2022 8:26:12 AM,False,7306,Accepted,