IncidentID,AgencyORI,AgencyName,IncidentStatusDesc,County,RdwyNumber,Street,RoadwayName,StreetSfx,StreetDir,IntersectionRdwy,IntersectionRdwyName,BetweenStRdwy1,BetweenStRdwyName1,BetweenStRdwy2,BetweenStRdwyName2,Latitude,Longitude,Milepoint,CollisionDate,CollisionTime,UnitsInvolved,MotorVehiclesInvolved,NumberKilled,NumberInjured,Weather,RdwyConditionCode,HitandRun,DirAnalysisCode,MannerofCollision,RdwyCharacter,LightCondition,RampFromRdwyId,RampToRdwyId,AcceptedDate,IsSecondaryCollision,OwnerBadge,IncidentStatus,
30049479,0568000,LOUISVILLE METRO POLICE DEPT,Accepted,JEFFERSON,,,SPRINGHURST,BLVD,,,CHAMPION FARMS,,,,,38.296619826,-85.560089027,0.211,5/11/2022 12:00:00 AM,1455,2,2,0,3,CLOUDY,DRY,False,ANGLE COLLISION - OTHER,ANGLE,STRAIGHT & LEVEL,DAYLIGHT,,,5/12/2022 8:24:53 AM,False,7316,Accepted,
30049485,0568000,LOUISVILLE METRO POLICE DEPT,Accepted,JEFFERSON,KY1865,,NEW CUT,RD,,KY0907,SOUTHSIDE,,,,,38.145794156,-85.775230911,2.670,5/11/2022 12:00:00 AM,1626,2,2,0,2,CLEAR,DRY,False,ANGLE COLLISION - ONE VEHICLE TURNING LEFT,ANGLE,STRAIGHT & LEVEL,DAYLIGHT,,,5/12/2022 8:25:18 AM,False,7234,Accepted,
30049488,0568000,LOUISVILLE METRO POLICE DEPT,Accepted,JEFFERSON,,,VANGUARD,DR,,KY1450,BLUE LICK,,,,,38.107885467,-85.691962265,0.012,5/11/2022 12:00:00 AM,1930,2,2,0,0,CLEAR,DRY,False,OTHER INTERSECTION COLLISIONS,REAR END,STRAIGHT & LEVEL,DAYLIGHT,,,5/12/2022 8:25:32 AM,False,5198,Accepted,
30049496,0568000,LOUISVILLE METRO POLICE DEPT,Accepted,JEFFERSON,I 0064,,I64 E,,,,,,,,,38.269167760,-85.781925203,2.803,5/11/2022 12:00:00 AM,2215,2,2,0,0,CLEAR,DRY,False,SIDESWIPE COLLISION - SAME DIRECTION,SIDESWIPE-SAME DIRECTION,STRAIGHT & LEVEL,DARK-HWY LIGHTED/ON,,,5/12/2022 8:26:04 AM,False,5331,Accepted,
30049502,0568000,LOUISVILLE METRO POLICE DEPT,Accepted,JEFFERSON,KY1065,4301,OUTER,LOOP,,,,,,,,38.138254481,-85.679825816,6.440,5/11/2022 12:00:00 AM,1908,2,2,0,0,CLEAR,DRY,True,REAR END IN TRAFFIC LANES BOTH VEHICLES MOVING,REAR END,STRAIGHT & LEVEL,DAYLIGHT,,,5/12/2022 8:26:20 AM,False,5115,Accepted,
30049484,0568000,LOUISVILLE METRO POLICE DEPT,Accepted,JEFFERSON,,1509,JEFFERSON,ST,W,,,,,,,38.255934006,-85.776430736,1.291,5/11/2022 12:00:00 AM,1441,2,2,0,0,CLEAR,DRY,True,1 VEHICLE PARKED POSITION (NOT PARKING LOT/DRIVEWAY),BACKING,STRAIGHT & LEVEL,DAYLIGHT,,,5/12/2022 8:25:12 AM,False,5421,Accepted,
30049501,0568000,LOUISVILLE METRO POLICE DEPT,Accepted,JEFFERSON,KY1065,,OUTER,LOOP,,I 0065,I65 N EXIT127 ON RAMP FROM KY1065,,,,,38.136364725,-85.699985757,5.302,5/11/2022 12:00:00 AM,2235,3,3,0,0,CLEAR,DRY,False,OTHER INTERSECTION COLLISIONS,REAR END,STRAIGHT & LEVEL,DARK-HWY LIGHTED/ON,,,5/12/2022 8:26:16 AM,False,5264,Accepted,
30049473,0568000,LOUISVILLE METRO POLICE DEPT,Accepted,JEFFERSON,I 0265,,I265 W,,,,,,,,,38.117851575,-85.648814144,13.250,5/11/2022 12:00:00 AM,0934,1,1,0,2,CLEAR,DRY,False,COLLISION WITH FIXED OBJECT NON - INTERSECTION - FIRST EVENT COLLISION 09 - 32 EXCLUDING 16,SINGLE VEHICLE,STRAIGHT & LEVEL,DAYLIGHT,,,5/12/2022 8:24:29 AM,False,7040,Accepted,
30049481,0568000,LOUISVILLE METRO POLICE DEPT,Accepted,JEFFERSON,KY1020,,2ND,ST,S,,LIBERTY,,,,,38.252690304,-85.753826899,12.573,5/11/2022 12:00:00 AM,1204,2,2,0,0,CLOUDY,DRY,True,OPPOSING LEFT TURN,OPPOSING LEFT TURN,STRAIGHT & LEVEL,DAYLIGHT,,,5/12/2022 8:25:00 AM,False,7904,Accepted,
30049490,0568000,LOUISVILLE METRO POLICE DEPT,Accepted,JEFFERSON,US0150,,DR W J HODGE,ST,,US0031W,MAIN,,,,,38.259741878,-85.784656956,0.761,5/11/2022 12:00:00 AM,2341,2,2,0,0,CLEAR,DRY,True,ANGLE COLLISION - OTHER,ANGLE,STRAIGHT & LEVEL,DARK-HWY LIGHTED/ON,,,5/12/2022 8:25:40 AM,False,5275,Accepted,
30063502,0568000,LOUISVILLE METRO POLICE DEPT,Accepted,JEFFERSON,,,BUECHEL BANK,RD,,,PROGRESS,,,,,38.178186573,-85.653164185,1.229,5/11/2022 12:00:00 AM,1955,1,1,0,1,CLEAR,DRY,True,OTHER INTERSECTION COLLISIONS,SINGLE VEHICLE,STRAIGHT & LEVEL,DAYLIGHT,,,5/16/2022 8:23:32 AM,False,5346,Accepted,
30063618,0568000,LOUISVILLE METRO POLICE DEPT,Accepted,JEFFERSON,I 0264,,I264 E,,,,,I 0264,I264 E EXIT17A OFF RAMP TO KY155 S,I 0264,I264 E EXIT16 ON RAMP FROM US31E,38.216757997,-85.660620708,16.367,5/11/2022 12:00:00 AM,0346,2,2,0,0,CLEAR,DRY,True,SIDESWIPE COLLISION - SAME DIRECTION,SIDESWIPE-SAME DIRECTION,STRAIGHT & LEVEL,DARK-HWY LIGHTED/ON,,,5/16/2022 8:30:21 AM,False,7049,Accepted,
30049474,0568000,LOUISVILLE METRO POLICE DEPT,Accepted,JEFFERSON,I 0071,,I71 N,,,,,,,I 0071,I71 TURN AROUND6,38.295211070,-85.628565019,6.173,5/11/2022 12:00:00 AM,1132,1,1,0,0,CLOUDY,DRY,False,COLLISION WITH FIXED OBJECT NON - INTERSECTION - FIRST EVENT COLLISION 09 - 32 EXCLUDING 16,SINGLE VEHICLE,STRAIGHT & LEVEL,DAYLIGHT,,,5/12/2022 8:24:32 AM,False,7876,Accepted,
30049491,0568000,LOUISVILLE METRO POLICE DEPT,Accepted,JEFFERSON,US0031E,,BARDSTOWN,RD,,KY0155,TAYLORSVILLE,,,,,38.223015538,-85.684699124,13.125,5/11/2022 12:00:00 AM,2303,2,2,0,0,CLEAR,DRY,False,ANGLE COLLISION - ONE VEHICLE TURNING LEFT,ANGLE,STRAIGHT & LEVEL,DARK-HWY LIGHTED/ON,,,5/12/2022 8:25:43 AM,False,5029,Accepted,
30054022,0568000,LOUISVILLE METRO POLICE DEPT,Accepted,JEFFERSON,US0150,,BROADWAY,,W,KY1020,3RD,,,,,38.245983399,-85.756722346,2.473,5/11/2022 12:00:00 AM,1920,2,2,0,1,CLEAR,DRY,True,ANGLE COLLISION - OTHER,ANGLE,STRAIGHT & LEVEL,DAYLIGHT,,,5/13/2022 8:25:55 AM,False,5354,Accepted,
30049477,0568000,LOUISVILLE METRO POLICE DEPT,Accepted,JEFFERSON,,,HIKES,LN,,,KLONDIKE,,,,,38.211171613,-85.640667007,2.214,5/11/2022 12:00:00 AM,1115,2,2,0,3,CLOUDY,DRY,False,ANGLE COLLISION - ONE VEHICLE TURNING LEFT,ANGLE,STRAIGHT & LEVEL,DAYLIGHT,,,5/12/2022 8:24:44 AM,False,4693,Accepted,
30049471,0568000,LOUISVILLE METRO POLICE DEPT,Accepted,JEFFERSON,I 0064,,I64 E,,,,,,,,,38.257928939,-85.722893128,6.598,5/11/2022 12:00:00 AM,1144,2,2,0,1,CLOUDY,DRY,False,REAR END IN TRAFFIC LANES BOTH VEHICLES MOVING,REAR END,STRAIGHT & LEVEL,DAYLIGHT,,,5/12/2022 8:24:21 AM,False,4903,Accepted,
30049480,0568000,LOUISVILLE METRO POLICE DEPT,Accepted,JEFFERSON,,,MUHAMMAD ALI,BLVD,E,KY0061,JACKSON,,,,,38.249746650,-85.744784635,0.612,5/11/2022 12:00:00 AM,0708,2,2,0,0,CLOUDY,DRY,True,OTHER INTERSECTION COLLISIONS,REAR END,STRAIGHT & LEVEL,DAYLIGHT,,,5/12/2022 8:24:56 AM,False,7904,Accepted,
30049497,0568000,LOUISVILLE METRO POLICE DEPT,Accepted,JEFFERSON,,,CLIFTON,AVE,N,,,,SYCAMORE,,PARLIAMENT,38.256375316,-85.704880915,0.185,5/11/2022 12:00:00 AM,2217,1,1,0,1,CLEAR,DRY,False,COLLISION WITH FIXED OBJECT NON - INTERSECTION - FIRST EVENT COLLISION 09 - 32 EXCLUDING 16,SINGLE VEHICLE,CURVE & GRADE,DARK-HWY LIGHTED/ON,,,5/12/2022 8:26:08 AM,False,2816,Accepted,
30049494,0568000,LOUISVILLE METRO POLICE DEPT,Accepted,JEFFERSON,KY1020,8510,NATIONAL,TPKE,,KY1065,OUTER,,,,,38.127008996,-85.748976501,3.665,5/11/2022 12:00:00 AM,1016,2,2,0,0,CLEAR,DRY,True,REAR END - ONE VEHICLE TURNING RIGHT,REAR END,STRAIGHT & LEVEL,DARK-HWY LIGHTED/ON,,,5/12/2022 8:25:55 AM,False,5263,Accepted,
30090997,0568000,LOUISVILLE METRO POLICE DEPT,Accepted,JEFFERSON,I 0264,,I264 W,,,,,I 0264,I264 W EXIT17A OFF RAMP TO KY155 S,I 0264,I264 W EXIT17 ON RAMP FROM KY155,38.218330197,-85.657813379,16.554,5/11/2022 12:00:00 AM,1853,4,4,0,1,CLEAR,DRY,True,SIDESWIPE COLLISION - SAME DIRECTION,SIDESWIPE-SAME DIRECTION,STRAIGHT & GRADE,DAYLIGHT,,,5/23/2022 8:50:03 AM,False,2228,Accepted,
30054071,0568000,LOUISVILLE METRO POLICE DEPT,Accepted,JEFFERSON,,,CHESTNUT,ST,W,,1ST,,,,,38.248429948,-85.752929763,2.634,5/11/2022 12:00:00 AM,2304,2,2,0,0,CLEAR,DRY,False,ANGLE COLLISION - OTHER,ANGLE,STRAIGHT & LEVEL,DARK-HWY LIGHTED/ON,,,5/13/2022 8:29:02 AM,False,5367,Accepted,
30073042,0568000,LOUISVILLE METRO POLICE DEPT,Accepted,JEFFERSON,KY2048,,CANNONS,LN,,,,,ROCK CREEK,,DAYTON,38.245342112,-85.663574953,2.013,5/11/2022 12:00:00 AM,1509,2,2,0,0,CLEAR,DRY,False,REAR END IN TRAFFIC LANES BOTH VEHICLES MOVING,REAR END,STRAIGHT & LEVEL,DAYLIGHT,,,5/18/2022 8:16:36 AM,False,2673,Accepted,
30049498,0568000,LOUISVILLE METRO POLICE DEPT,Accepted,JEFFERSON,I 0065,,I65 S,,,,,,,,,38.087160114,-85.701188485,123.237,5/11/2022 12:00:00 AM,1700,2,2,0,0,CLEAR,DRY,True,SIDESWIPE COLLISION - SAME DIRECTION,SIDESWIPE-SAME DIRECTION,STRAIGHT & LEVEL,DAYLIGHT,,,5/12/2022 8:26:11 AM,False,5141,Accepted,
30068315,0568000,LOUISVILLE METRO POLICE DEPT,Accepted,JEFFERSON,KY1865,,NEW CUT,RD,,KY0841,KY841 RAMP FROM KY1865,,,,,38.121794538,-85.776974120,0.938,5/11/2022 12:00:00 AM,2241,2,2,0,1,CLEAR,DRY,False,ANGLE COLLISION - OTHER,ANGLE,STRAIGHT & LEVEL,DARK-HWY LIGHTED/ON,,,5/17/2022 7:51:52 AM,False,7115,Accepted,
30049495,0568000,LOUISVILLE METRO POLICE DEPT,Accepted,JEFFERSON,,,HITE,AVE,N,,CHICKASAW,,,,,38.259289680,-85.698295645,0.417,5/11/2022 12:00:00 AM,2008,1,1,0,0,CLEAR,DRY,False,COLLISION WITH FIXED OBJECT IN INTERSECTION - FIRST EVENT COLLISION 09 - 32,SINGLE VEHICLE,CURVE & GRADE,DARK-HWY LIGHTED/OFF,,,5/12/2022 8:26:00 AM,False,2816,Accepted,
30073929,0568000,LOUISVILLE METRO POLICE DEPT,Accepted,JEFFERSON,I 0064,,I64 E,,,,,,,,,38.258024668,-85.722883368,6.593,5/11/2022 12:00:00 AM,1144,2,1,0,0,CLOUDY,DRY,False,OTHER ROADWAY OR MID-BLOCK COLLISION,REAR END,STRAIGHT & LEVEL,DAYLIGHT,,,5/18/2022 11:19:46 AM,True,4903,Accepted,
30054037,0568000,LOUISVILLE METRO POLICE DEPT,Accepted,JEFFERSON,US0060,,SHELBYVILLE,RD,,,,,,,,38.236803067,-85.465341261,14.186,5/11/2022 12:00:00 AM,1930,2,2,0,0,CLEAR,DRY,False,REAR END IN TRAFFIC LANES BOTH VEHICLES MOVING,REAR END,CURVE & GRADE,DAYLIGHT,,,5/13/2022 8:26:44 AM,False,6532,Accepted,
30045446,0568000,LOUISVILLE METRO POLICE DEPT,Accepted,JEFFERSON,,442,3RD,ST,S,,,,,,,38.200412493,-85.765109014,0.013,5/11/2022 12:00:00 AM,0121,1,1,0,0,CLEAR,DRY,True,OTHER COLLISIONS ON SHOULDER,SINGLE VEHICLE,STRAIGHT & LEVEL,DARK-HWY LIGHTED/ON,,,5/11/2022 8:26:15 AM,False,5385,Accepted,
30049463,0568000,LOUISVILLE METRO POLICE DEPT,Accepted,JEFFERSON,I 0065,,I65 S,,,,,,,,,38.197143737,-85.733871130,131.271,5/11/2022 12:00:00 AM,0833,2,2,0,0,CLOUDY,DRY,False,SIDESWIPE COLLISION - SAME DIRECTION,SIDESWIPE-SAME DIRECTION,CURVE & LEVEL,DAYLIGHT,,,5/12/2022 8:24:03 AM,False,4903,Accepted,
30068286,0568000,LOUISVILLE METRO POLICE DEPT,Accepted,JEFFERSON,,,MAGNOLIA,AVE,W,,7TH,,,,,38.229651206,-85.767550823,0.611,5/11/2022 12:00:00 AM,1438,1,1,0,0,CLEAR,DRY,False,OTHER INTERSECTION COLLISIONS,SINGLE VEHICLE,STRAIGHT & HILLCREST,DAYLIGHT,,,5/17/2022 7:49:45 AM,False,7495,Accepted,
30049486,0568000,LOUISVILLE METRO POLICE DEPT,Accepted,JEFFERSON,,4702,ANDALUSIA,LN,,,,,,,,38.116347314,-85.847502192,0.085,5/11/2022 12:00:00 AM,1805,2,1,0,1,CLEAR,DRY,False,COLLISION WITH PEDESTRIAN NON - INTERSECTION,SINGLE VEHICLE,STRAIGHT & HILLCREST,DAYLIGHT,,,5/12/2022 8:25:25 AM,False,7234,Accepted,
30049469,0568000,LOUISVILLE METRO POLICE DEPT,Accepted,JEFFERSON,I 0264,,I264 WB,,,,,,,,,38.223570271,-85.646656754,17.259,5/10/2022 12:00:00 AM,1722,4,4,0,4,CLEAR,DRY,False,REAR END IN TRAFFIC LANES BOTH VEHICLES MOVING,REAR END,STRAIGHT & LEVEL,DAYLIGHT,,,5/12/2022 8:24:16 AM,False,7751,Accepted,
30090902,0568000,LOUISVILLE METRO POLICE DEPT,Accepted,JEFFERSON,I 0071,,I71 N,,,,,,,,,38.293376140,-85.664602858,4.015,5/10/2022 12:00:00 AM,1355,2,2,0,0,CLEAR,DRY,False,SIDESWIPE COLLISION - SAME DIRECTION,SIDESWIPE-SAME DIRECTION,CURVE & LEVEL,DAYLIGHT,,,5/23/2022 8:43:13 AM,False,8278,Accepted,
30045439,0568000,LOUISVILLE METRO POLICE DEPT,Accepted,JEFFERSON,KY1747,,HURSTBOURNE,PKWY,N,US0060,SHELBYVILLE,,,,,38.246377075,-85.576867746,13.507,5/10/2022 12:00:00 AM,2356,1,1,0,1,CLEAR,DRY,False,COLLISION WITH FIXED OBJECT IN INTERSECTION - FIRST EVENT COLLISION 09 - 32,SINGLE VEHICLE,STRAIGHT & LEVEL,DARK-HWY LIGHTED/ON,,,5/11/2022 8:25:56 AM,False,7440,Accepted,
30045422,0568000,LOUISVILLE METRO POLICE DEPT,Accepted,JEFFERSON,KY2052,,SHEPHERDSVILLE,RD,,,,,BRISCOE,,PATTIE,38.142513350,-85.659212273,0.256,5/10/2022 12:00:00 AM,1444,4,4,0,0,CLEAR,DRY,False,REAR END IN TRAFFIC LANES BOTH VEHICLES MOVING,REAR END,STRAIGHT & LEVEL,DAYLIGHT,,,5/11/2022 8:25:02 AM,False,2324,Accepted,
30046225,0560400,SHIVELY POLICE DEPARTMENT,Accepted,JEFFERSON,I 0264,,I264 E,,,I 0264,I264 E EXIT8 OFF RAMP TO US31W N,,,,,38.185266223,-85.815923851,7.325,5/10/2022 12:00:00 AM,1800,2,2,0,0,CLEAR,DRY,False,ANGLE COLLISION - OTHER,ANGLE,CURVE & LEVEL,DAYLIGHT,,,5/11/2022 12:37:20 PM,False,7091,Accepted,
30064508,0560300,ST. MATTHEWS POLICE DEPARTMENT,Accepted,JEFFERSON,US0060,5000,SHELBYVILLE,RD,,,,,,,,38.245207636,-85.561173957,8.719,5/10/2022 12:00:00 AM,1135,2,2,0,0,CLEAR,DRY,False,COLLISION IN PARKING LOT,SIDESWIPE-SAME DIRECTION,STRAIGHT & LEVEL,DAYLIGHT,,,5/16/2022 10:52:05 AM,False,9159,Accepted,
30045428,0568000,LOUISVILLE METRO POLICE DEPT,Accepted,JEFFERSON,US0031W,,DIXIE,HWY,,,,,,,,38.130797667,-85.847398704,10.465,5/10/2022 12:00:00 AM,1508,2,2,0,0,CLEAR,DRY,False,REAR END IN TRAFFIC LANES BOTH VEHICLES MOVING,REAR END,STRAIGHT & LEVEL,DAYLIGHT,,,5/11/2022 8:25:31 AM,False,7234,Accepted,
30073089,0568000,LOUISVILLE METRO POLICE DEPT,Accepted,JEFFERSON,,,CARDINAL,BLVD,E,,BROOK,,,,,38.220155456,-85.756671630,0.062,5/10/2022 12:00:00 AM,2201,2,2,0,1,CLEAR,DRY,False,OPPOSING LEFT TURN,OPPOSING LEFT TURN,STRAIGHT & LEVEL,DARK (UNKNOWN ROADWAY LIGHTING),,,5/18/2022 8:19:54 AM,False,5050,Accepted,
30054020,0568000,LOUISVILLE METRO POLICE DEPT,Accepted,JEFFERSON,,,CHESTNUT,ST,E,KY0061,JACKSON,,,,,38.247606938,-85.745204891,0.422,5/10/2022 12:00:00 AM,1109,2,2,0,0,CLEAR,DRY,False,ANGLE COLLISION - OTHER,ANGLE,STRAIGHT & LEVEL,DAYLIGHT,,,5/13/2022 8:25:49 AM,False,5354,Accepted,
30063635,0568000,LOUISVILLE METRO POLICE DEPT,Accepted,JEFFERSON,KY1747,3801,FERN VALLEY,RD,,,,,,,,38.157847411,-85.694511842,2.074,5/10/2022 12:00:00 AM,1135,2,2,0,0,CLEAR,DRY,False,1 VEHICLE ENTERING/LEAVING ENTRANCE,ANGLE,STRAIGHT & LEVEL,DAYLIGHT,,,5/16/2022 8:31:48 AM,False,7269,Accepted,
30045425,0568000,LOUISVILLE METRO POLICE DEPT,Accepted,JEFFERSON,KY0061,,PRESTON,HWY,,,,,LIPPS,,HUNTINGTON,38.142696079,-85.689079066,4.271,5/10/2022 12:00:00 AM,1717,2,1,0,1,CLEAR,DRY,False,COLLISION WITH PEDESTRIAN NON - INTERSECTION,SINGLE VEHICLE,STRAIGHT & LEVEL,DAYLIGHT,,,5/11/2022 8:25:20 AM,False,2324,Accepted,
30042999,0560400,SHIVELY POLICE DEPARTMENT,Accepted,JEFFERSON,US0031W,,DIXIE,HWY,,,,,,,,38.175008948,-85.822737873,13.802,5/10/2022 12:00:00 AM,0902,2,2,0,0,CLOUDY,DRY,False,OTHER ROADWAY OR MID-BLOCK COLLISION,REAR END,STRAIGHT & LEVEL,DAYLIGHT,,,5/10/2022 5:18:39 PM,False,7132,Accepted,
30045430,0568000,LOUISVILLE METRO POLICE DEPT,Accepted,JEFFERSON,,,SMITHTON,RD,,,ST RITA,,,,,38.130845591,-85.674742078,0.469,5/10/2022 12:00:00 AM,1639,2,2,0,0,CLEAR,DRY,False,ANGLE COLLISION - OTHER,ANGLE,STRAIGHT & LEVEL,DAYLIGHT,,,5/11/2022 8:25:39 AM,False,7272,Accepted,
30176556,0568000,LOUISVILLE METRO POLICE DEPT,Accepted,JEFFERSON,,695,SOUTHWESTERN,PKWY,,,,,,,,38.250599674,-85.826987174,1.274,5/10/2022 12:00:00 AM,0813,2,2,0,0,CLEAR,DRY,False,VEHICLE BACKING NON INTERSECTION,BACKING,STRAIGHT & LEVEL,DAYLIGHT,,,6/13/2022 8:36:31 AM,False,5257,Accepted,
30045416,0568000,LOUISVILLE METRO POLICE DEPT,Accepted,JEFFERSON,US0031E,,BARDSTOWN,RD,,I 0264,I264 W EXIT16 OFF RAMP TO US31E N,,,,,38.212154166,-85.671878776,12.107,5/10/2022 12:00:00 AM,1100,2,2,0,1,CLEAR,DRY,False,ANGLE COLLISION - ONE VEHICLE TURNING RIGHT,ANGLE,STRAIGHT & LEVEL,DAYLIGHT,,,5/11/2022 8:24:40 AM,False,7793,Accepted,
30045424,0568000,LOUISVILLE METRO POLICE DEPT,Accepted,JEFFERSON,US0031W,,DIXIE,HWY,,,JOHNSONTOWN,,,,,38.121156927,-85.855715415,9.745,5/10/2022 12:00:00 AM,1606,2,2,0,1,CLEAR,DRY,False,OTHER INTERSECTION COLLISIONS,REAR END,STRAIGHT & LEVEL,DAYLIGHT,,,5/11/2022 8:25:16 AM,False,2311,Accepted,
30045427,0568000,LOUISVILLE METRO POLICE DEPT,Accepted,JEFFERSON,,,CECIL,AVE,,,WINNROSE,,,,,38.239089204,-85.822044493,1.451,5/10/2022 12:00:00 AM,0706,2,2,0,0,CLEAR,DRY,True,COLLISION WITH PARKED VEHICLE,REAR END,STRAIGHT & LEVEL,DAYLIGHT,,,5/11/2022 8:25:28 AM,False,5282,Accepted,
30045426,0568000,LOUISVILLE METRO POLICE DEPT,Accepted,JEFFERSON,KY1747,,HURSTBOURNE,PKWY,S,,WATTERSON,,,,,38.183482962,-85.606725876,8.522,5/10/2022 12:00:00 AM,1618,4,4,0,0,CLEAR,DRY,False,OPPOSING LEFT TURN,OPPOSING LEFT TURN,STRAIGHT & LEVEL,DAYLIGHT,,,5/11/2022 8:25:24 AM,False,7739,Accepted,
30049467,0568000,LOUISVILLE METRO POLICE DEPT,Accepted,JEFFERSON,I 0064,,I64 EB,,,,,,,,,38.222817609,-85.511145914,18.673,5/10/2022 12:00:00 AM,1555,2,2,0,0,CLEAR,DRY,False,OTHER ROADWAY OR MID-BLOCK COLLISION,REAR END,STRAIGHT & LEVEL,DAYLIGHT,,,5/12/2022 8:24:13 AM,False,7751,Accepted,
30045444,0568000,LOUISVILLE METRO POLICE DEPT,Accepted,JEFFERSON,KY0061,,PRESTON,HWY,,,GRADE,,,,,38.180198260,-85.718514081,7.361,5/10/2022 12:00:00 AM,0051,2,2,0,1,CLEAR,DRY,True,ANGLE COLLISION - OTHER,ANGLE,STRAIGHT & LEVEL,DARK-HWY LIGHTED/ON,,,5/11/2022 8:26:07 AM,False,2081,Accepted,
30045429,0568000,LOUISVILLE METRO POLICE DEPT,Accepted,JEFFERSON,,,WATTERSON,TRL,S,,FERNDALE,,,,,38.156310155,-85.614660220,1.991,5/10/2022 12:00:00 AM,1545,2,2,0,1,CLEAR,DRY,False,ANGLE COLLISION - OTHER,ANGLE,STRAIGHT & GRADE,DAYLIGHT,,,5/11/2022 8:25:35 AM,False,7272,Accepted,
30063503,0568000,LOUISVILLE METRO POLICE DEPT,Accepted,JEFFERSON,,,COOPER CHAPEL,RD,,,PRICE,,,,,38.104670250,-85.649619820,1.319,5/10/2022 12:00:00 AM,0811,2,2,0,0,CLEAR,DRY,False,ANGLE COLLISION - OTHER,ANGLE,CURVE & LEVEL,DAYLIGHT,,,5/16/2022 8:23:41 AM,False,5042,Accepted,
30054019,0568000,LOUISVILLE METRO POLICE DEPT,Accepted,JEFFERSON,,,GAULBERT,AVE,W,,,,DIXIE,,MCCLOSKEY,38.227471417,-85.790294520,0.653,5/10/2022 12:00:00 AM,1620,2,2,0,0,CLEAR,DRY,True,1 VEHICLE ENTERING/LEAVING ENTRANCE,ANGLE,STRAIGHT & LEVEL,DAYLIGHT,,,5/13/2022 8:25:45 AM,False,2469,Accepted,
30045418,0568000,LOUISVILLE METRO POLICE DEPT,Accepted,JEFFERSON,I 0265,,,,,,,,,,,38.309131985,-85.573063661,0.219,5/10/2022 12:00:00 AM,0804,2,2,0,0,CLOUDY,DRY,False,OTHER RAMP RELATED COLLISIONS NOT LISTED ABOVE,REAR END,STRAIGHT & GRADE,DAYLIGHT,I 0265,KY0022,5/11/2022 8:24:48 AM,False,7316,Accepted,
30045441,0568000,LOUISVILLE METRO POLICE DEPT,Accepted,JEFFERSON,KY2052,,SHEPHERDSVILLE,RD,,,RANGELAND,,,,,38.164392046,-85.659857927,1.779,5/10/2022 12:00:00 AM,2151,5,5,0,2,CLEAR,DRY,False,HEAD-ON COLLISION,HEAD ON,STRAIGHT & LEVEL,DARK-HWY LIGHTED/ON,,,5/11/2022 8:26:00 AM,False,5182,Accepted,
30038922,0568000,LOUISVILLE METRO POLICE DEPT,Accepted,JEFFERSON,KY1747,,HURSTBOURNE,PKWY,N,,PORTER,,,,,38.256051002,-85.579846272,14.201,5/10/2022 12:00:00 AM,0209,1,1,0,0,CLEAR,DRY,False,COLLISION WITH FIXED OBJECT IN INTERSECTION - FIRST EVENT COLLISION 09 - 32,SINGLE VEHICLE,STRAIGHT & LEVEL,DARK-HWY NOT LIGHTED,,,5/10/2022 8:19:51 AM,False,5128,Accepted,
30045423,0568000,LOUISVILLE METRO POLICE DEPT,Accepted,JEFFERSON,,,19TH,ST,S,US0150,BROADWAY,,,,,38.249085071,-85.783276493,0.712,5/10/2022 12:00:00 AM,1610,2,2,0,4,CLEAR,DRY,False,ANGLE COLLISION - OTHER,ANGLE,STRAIGHT & LEVEL,DAYLIGHT,,,5/11/2022 8:25:12 AM,False,5108,Accepted,
30046226,0560400,SHIVELY POLICE DEPARTMENT,Accepted,JEFFERSON,I 0264,,I264 E,,,I 0264,I264 E EXIT8 OFF RAMP TO US31W N,,,,,38.185266223,-85.815923851,7.325,5/10/2022 12:00:00 AM,1800,2,2,0,0,CLEAR,DRY,False,OTHER INTERSECTION COLLISIONS,REAR END,CURVE & LEVEL,DAYLIGHT,,,5/11/2022 12:37:28 PM,False,7091,Accepted,
30045437,0568000,LOUISVILLE METRO POLICE DEPT,Accepted,JEFFERSON,US0150,,BROADWAY,,E,,HANCOCK,,,,,38.244996555,-85.743596042,3.187,5/10/2022 12:00:00 AM,1927,2,2,0,3,CLEAR,DRY,False,ANGLE COLLISION - OTHER,ANGLE,STRAIGHT & LEVEL,DAYLIGHT,,,5/11/2022 8:25:52 AM,False,6360,Accepted,
30063573,0568000,LOUISVILLE METRO POLICE DEPT,Accepted,JEFFERSON,,,BOERSTE,WAY,,KY0061,PRESTON,,,,,38.113913511,-85.676136336,0.007,5/10/2022 12:00:00 AM,1632,2,2,0,1,CLEAR,DRY,False,ANGLE COLLISION - OTHER,ANGLE,STRAIGHT & HILLCREST,DAYLIGHT,,,5/16/2022 8:28:44 AM,False,7269,Accepted,
30100698,0568000,LOUISVILLE METRO POLICE DEPT,Accepted,JEFFERSON,US0150,1172,BROADWAY,,E,,,,BARRET,,ST ANTHONY,38.244127705,-85.732011981,3.825,5/10/2022 12:00:00 AM,2322,2,2,0,0,CLEAR,DRY,False,COLLISION WITH FIXED OBJECT NON - INTERSECTION - FIRST EVENT COLLISION 09 - 32 EXCLUDING 16,REAR END,STRAIGHT & LEVEL,DARK-HWY LIGHTED/OFF,,,5/25/2022 8:14:35 AM,False,5250,Accepted,